arm,case_id,cycle,assessment_available,assessment_status,assessment_reason,source_relative_path,source_sha256
docs_enabled,abinthomasonline@repopack-py__dc2b9243__chardet__cchardet,1,False,,,,
docs_enabled,abinthomasonline@repopack-py__dc2b9243__chardet__charset-normalizer,1,True,pass,ok,pair_capped_mini_20cycle/runs/api_docs_editpair_gpt54mini_fixed_test_policy_20repairs_rerun_001/workspaces/abinthomasonline@repopack-py__dc2b9243__chardet__charset-normalizer/artifacts/cycles/cycle_001/test_results/post_migration_assessment.json,201b58c6658399690cdd25ad66f91165c291a9614947f84bd53cce7e67d17b8b
docs_enabled,abinthomasonline@repopack-py__dc2b9243__colorama__rich,1,True,pass,ok,pair_capped_mini_20cycle/runs/api_docs_editpair_gpt54mini_fixed_test_policy_20repairs_rerun_001/workspaces/abinthomasonline@repopack-py__dc2b9243__colorama__rich/artifacts/cycles/cycle_001/test_results/post_migration_assessment.json,b2deb22f2dd10ded8a52a715c3f56d2430e4f536da0d2629808d8acc7fc71f53
docs_enabled,alexferl@vyper__a0a6ea7f__toml__tomlkit,1,True,fail,post_migration_regressions,pair_capped_mini_20cycle/runs/api_docs_editpair_gpt54mini_fixed_test_policy_20repairs_rerun_001/workspaces/alexferl@vyper__a0a6ea7f__toml__tomlkit/artifacts/cycles/cycle_001/test_results/post_migration_assessment.json,f0f33e69a2ece9a8ec199f882b27cb57586b2a3b0ef011c4afaa68b413a1d024
docs_enabled,alexferl@vyper__a0a6ea7f__toml__tomlkit,2,True,fail,post_migration_regressions,pair_capped_mini_20cycle/runs/api_docs_editpair_gpt54mini_fixed_test_policy_20repairs_rerun_001/workspaces/alexferl@vyper__a0a6ea7f__toml__tomlkit/artifacts/cycles/cycle_002/test_results/post_migration_assessment.json,f0f33e69a2ece9a8ec199f882b27cb57586b2a3b0ef011c4afaa68b413a1d024
docs_enabled,alexferl@vyper__a0a6ea7f__toml__tomlkit,3,True,fail,post_migration_regressions,pair_capped_mini_20cycle/runs/api_docs_editpair_gpt54mini_fixed_test_policy_20repairs_rerun_001/workspaces/alexferl@vyper__a0a6ea7f__toml__tomlkit/artifacts/cycles/cycle_003/test_results/post_migration_assessment.json,f0f33e69a2ece9a8ec199f882b27cb57586b2a3b0ef011c4afaa68b413a1d024
docs_enabled,alexferl@vyper__a0a6ea7f__toml__tomlkit,4,True,fail,post_migration_regressions,pair_capped_mini_20cycle/runs/api_docs_editpair_gpt54mini_fixed_test_policy_20repairs_rerun_001/workspaces/alexferl@vyper__a0a6ea7f__toml__tomlkit/artifacts/cycles/cycle_004/test_results/post_migration_assessment.json,f0f33e69a2ece9a8ec199f882b27cb57586b2a3b0ef011c4afaa68b413a1d024
docs_enabled,alexferl@vyper__a0a6ea7f__toml__tomlkit,5,True,fail,post_migration_regressions,pair_capped_mini_20cycle/runs/api_docs_editpair_gpt54mini_fixed_test_policy_20repairs_rerun_001/workspaces/alexferl@vyper__a0a6ea7f__toml__tomlkit/artifacts/cycles/cycle_005/test_results/post_migration_assessment.json,f0f33e69a2ece9a8ec199f882b27cb57586b2a3b0ef011c4afaa68b413a1d024
docs_enabled,alexferl@vyper__a0a6ea7f__toml__tomlkit,6,True,fail,post_migration_regressions,pair_capped_mini_20cycle/runs/api_docs_editpair_gpt54mini_fixed_test_policy_20repairs_rerun_001/workspaces/alexferl@vyper__a0a6ea7f__toml__tomlkit/artifacts/cycles/cycle_006/test_results/post_migration_assessment.json,f0f33e69a2ece9a8ec199f882b27cb57586b2a3b0ef011c4afaa68b413a1d024
docs_enabled,alexferl@vyper__a0a6ea7f__toml__tomlkit,7,True,fail,post_migration_regressions,pair_capped_mini_20cycle/runs/api_docs_editpair_gpt54mini_fixed_test_policy_20repairs_rerun_001/workspaces/alexferl@vyper__a0a6ea7f__toml__tomlkit/artifacts/cycles/cycle_007/test_results/post_migration_assessment.json,f0f33e69a2ece9a8ec199f882b27cb57586b2a3b0ef011c4afaa68b413a1d024
docs_enabled,alexferl@vyper__a0a6ea7f__toml__tomlkit,8,True,fail,post_migration_regressions,pair_capped_mini_20cycle/runs/api_docs_editpair_gpt54mini_fixed_test_policy_20repairs_rerun_001/workspaces/alexferl@vyper__a0a6ea7f__toml__tomlkit/artifacts/cycles/cycle_008/test_results/post_migration_assessment.json,f0f33e69a2ece9a8ec199f882b27cb57586b2a3b0ef011c4afaa68b413a1d024
docs_enabled,alexferl@vyper__a0a6ea7f__toml__tomlkit,9,True,fail,post_migration_regressions,pair_capped_mini_20cycle/runs/api_docs_editpair_gpt54mini_fixed_test_policy_20repairs_rerun_001/workspaces/alexferl@vyper__a0a6ea7f__toml__tomlkit/artifacts/cycles/cycle_009/test_results/post_migration_assessment.json,f0f33e69a2ece9a8ec199f882b27cb57586b2a3b0ef011c4afaa68b413a1d024
docs_enabled,alexferl@vyper__a0a6ea7f__toml__tomlkit,10,True,fail,post_migration_regressions,pair_capped_mini_20cycle/runs/api_docs_editpair_gpt54mini_fixed_test_policy_20repairs_rerun_001/workspaces/alexferl@vyper__a0a6ea7f__toml__tomlkit/artifacts/cycles/cycle_010/test_results/post_migration_assessment.json,f0f33e69a2ece9a8ec199f882b27cb57586b2a3b0ef011c4afaa68b413a1d024
docs_enabled,alexferl@vyper__a0a6ea7f__toml__tomlkit,11,True,fail,post_migration_regressions,pair_capped_mini_20cycle/runs/api_docs_editpair_gpt54mini_fixed_test_policy_20repairs_rerun_001/workspaces/alexferl@vyper__a0a6ea7f__toml__tomlkit/artifacts/cycles/cycle_011/test_results/post_migration_assessment.json,f0f33e69a2ece9a8ec199f882b27cb57586b2a3b0ef011c4afaa68b413a1d024
docs_enabled,alexferl@vyper__a0a6ea7f__toml__tomlkit,12,True,fail,post_migration_regressions,pair_capped_mini_20cycle/runs/api_docs_editpair_gpt54mini_fixed_test_policy_20repairs_rerun_001/workspaces/alexferl@vyper__a0a6ea7f__toml__tomlkit/artifacts/cycles/cycle_012/test_results/post_migration_assessment.json,f0f33e69a2ece9a8ec199f882b27cb57586b2a3b0ef011c4afaa68b413a1d024
docs_enabled,alexferl@vyper__a0a6ea7f__toml__tomlkit,13,True,fail,post_migration_regressions,pair_capped_mini_20cycle/runs/api_docs_editpair_gpt54mini_fixed_test_policy_20repairs_rerun_001/workspaces/alexferl@vyper__a0a6ea7f__toml__tomlkit/artifacts/cycles/cycle_013/test_results/post_migration_assessment.json,f0f33e69a2ece9a8ec199f882b27cb57586b2a3b0ef011c4afaa68b413a1d024
docs_enabled,alexferl@vyper__a0a6ea7f__toml__tomlkit,14,True,fail,post_migration_regressions,pair_capped_mini_20cycle/runs/api_docs_editpair_gpt54mini_fixed_test_policy_20repairs_rerun_001/workspaces/alexferl@vyper__a0a6ea7f__toml__tomlkit/artifacts/cycles/cycle_014/test_results/post_migration_assessment.json,f0f33e69a2ece9a8ec199f882b27cb57586b2a3b0ef011c4afaa68b413a1d024
docs_enabled,alexferl@vyper__a0a6ea7f__toml__tomlkit,15,True,fail,post_migration_regressions,pair_capped_mini_20cycle/runs/api_docs_editpair_gpt54mini_fixed_test_policy_20repairs_rerun_001/workspaces/alexferl@vyper__a0a6ea7f__toml__tomlkit/artifacts/cycles/cycle_015/test_results/post_migration_assessment.json,f0f33e69a2ece9a8ec199f882b27cb57586b2a3b0ef011c4afaa68b413a1d024
docs_enabled,alexferl@vyper__a0a6ea7f__toml__tomlkit,16,True,fail,post_migration_regressions,pair_capped_mini_20cycle/runs/api_docs_editpair_gpt54mini_fixed_test_policy_20repairs_rerun_001/workspaces/alexferl@vyper__a0a6ea7f__toml__tomlkit/artifacts/cycles/cycle_016/test_results/post_migration_assessment.json,f0f33e69a2ece9a8ec199f882b27cb57586b2a3b0ef011c4afaa68b413a1d024
docs_enabled,alexferl@vyper__a0a6ea7f__toml__tomlkit,17,True,fail,post_migration_regressions,pair_capped_mini_20cycle/runs/api_docs_editpair_gpt54mini_fixed_test_policy_20repairs_rerun_001/workspaces/alexferl@vyper__a0a6ea7f__toml__tomlkit/artifacts/cycles/cycle_017/test_results/post_migration_assessment.json,f0f33e69a2ece9a8ec199f882b27cb57586b2a3b0ef011c4afaa68b413a1d024
docs_enabled,alexferl@vyper__a0a6ea7f__toml__tomlkit,18,True,fail,post_migration_regressions,pair_capped_mini_20cycle/runs/api_docs_editpair_gpt54mini_fixed_test_policy_20repairs_rerun_001/workspaces/alexferl@vyper__a0a6ea7f__toml__tomlkit/artifacts/cycles/cycle_018/test_results/post_migration_assessment.json,f0f33e69a2ece9a8ec199f882b27cb57586b2a3b0ef011c4afaa68b413a1d024
docs_enabled,alexferl@vyper__a0a6ea7f__toml__tomlkit,19,True,fail,post_migration_regressions,pair_capped_mini_20cycle/runs/api_docs_editpair_gpt54mini_fixed_test_policy_20repairs_rerun_001/workspaces/alexferl@vyper__a0a6ea7f__toml__tomlkit/artifacts/cycles/cycle_019/test_results/post_migration_assessment.json,f0f33e69a2ece9a8ec199f882b27cb57586b2a3b0ef011c4afaa68b413a1d024
docs_enabled,alexferl@vyper__a0a6ea7f__toml__tomlkit,20,True,fail,post_migration_regressions,pair_capped_mini_20cycle/runs/api_docs_editpair_gpt54mini_fixed_test_policy_20repairs_rerun_001/workspaces/alexferl@vyper__a0a6ea7f__toml__tomlkit/artifacts/cycles/cycle_020/test_results/post_migration_assessment.json,f0f33e69a2ece9a8ec199f882b27cb57586b2a3b0ef011c4afaa68b413a1d024
docs_enabled,alexferl@vyper__a0a6ea7f__toml__tomlkit,21,True,fail,post_migration_regressions,pair_capped_mini_20cycle/runs/api_docs_editpair_gpt54mini_fixed_test_policy_20repairs_rerun_001/workspaces/alexferl@vyper__a0a6ea7f__toml__tomlkit/artifacts/cycles/cycle_021/test_results/post_migration_assessment.json,0ba2fef9e17aac76166f58d753cddb1a62eb26aef4565f43270e65e7f2e4318c
docs_enabled,alpden550@encrypt-decrypt-fields__a0029320__sqlalchemy__sqlobject,1,True,fail,after_validation_anomaly,pair_capped_mini_20cycle/runs/api_docs_editpair_gpt54mini_fixed_test_policy_20repairs_rerun_001/workspaces/alpden550@encrypt-decrypt-fields__a0029320__sqlalchemy__sqlobject/artifacts/cycles/cycle_001/test_results/post_migration_assessment.json,466294c374bba7c2b8dcc6a19fbda645c5d9a4016fd6d7594ba1d66f1d4fd3e9
docs_enabled,alpden550@encrypt-decrypt-fields__a0029320__sqlalchemy__sqlobject,2,True,pass,ok,pair_capped_mini_20cycle/runs/api_docs_editpair_gpt54mini_fixed_test_policy_20repairs_rerun_001/workspaces/alpden550@encrypt-decrypt-fields__a0029320__sqlalchemy__sqlobject/artifacts/cycles/cycle_002/test_results/post_migration_assessment.json,72206b30d18a33369814c7fef4789da5aa7b04c03cfd50b3fd80f5327c99280d
docs_enabled,alpden550@encrypt-decrypt-fields__a0029320__sqlalchemy__tortoise-orm,1,True,pass,ok,pair_capped_mini_20cycle/runs/api_docs_editpair_gpt54mini_fixed_test_policy_20repairs_rerun_001/workspaces/alpden550@encrypt-decrypt-fields__a0029320__sqlalchemy__tortoise-orm/artifacts/cycles/cycle_001/test_results/post_migration_assessment.json,0b394e5cfee4203d124173565cdbe05b0bd7d084c7c35695446cd1fb55754f36
docs_enabled,andreax79@python-securid__ca333b8c__cryptography__pycryptodome,1,True,pass,ok,pair_capped_mini_20cycle/runs/api_docs_editpair_gpt54mini_fixed_test_policy_20repairs_rerun_001/workspaces/andreax79@python-securid__ca333b8c__cryptography__pycryptodome/artifacts/cycles/cycle_001/test_results/post_migration_assessment.json,fd31ab4d2cb4b01287be2b2edfeeacd7423b707154456b8a8ebe148ff4432c4b
docs_enabled,andreroggeri@pynubank__3a35d906__colorama__termcolor,1,True,pass,ok,pair_capped_mini_20cycle/runs/api_docs_editpair_gpt54mini_fixed_test_policy_20repairs_rerun_001/workspaces/andreroggeri@pynubank__3a35d906__colorama__termcolor/artifacts/cycles/cycle_001/test_results/post_migration_assessment.json,464c347f07623b1b3bece15dd2bbb05f8b7cdd4aca3e4995e3886d466dad3c1b
docs_enabled,andreroggeri@pynubank__3a35d906__requests__treq,1,True,fail,post_migration_regressions,pair_capped_mini_20cycle/runs/api_docs_editpair_gpt54mini_fixed_test_policy_20repairs_rerun_001/workspaces/andreroggeri@pynubank__3a35d906__requests__treq/artifacts/cycles/cycle_001/test_results/post_migration_assessment.json,ff4079c0819256f951414f5c4f305a94bce225d4ec338c130a83108a29b5628b
docs_enabled,andreroggeri@pynubank__3a35d906__requests__treq,2,True,pass,ok,pair_capped_mini_20cycle/runs/api_docs_editpair_gpt54mini_fixed_test_policy_20repairs_rerun_001/workspaces/andreroggeri@pynubank__3a35d906__requests__treq/artifacts/cycles/cycle_002/test_results/post_migration_assessment.json,c9ed3844388bc66d11c257d8b687331109ada976cb04e62b92f94db170fc6319
docs_enabled,ankane@mapkick.py__7d625d80__flask__bottle,1,True,fail,after_validation_anomaly,pair_capped_mini_20cycle/runs/api_docs_editpair_gpt54mini_fixed_test_policy_20repairs_rerun_001/workspaces/ankane@mapkick.py__7d625d80__flask__bottle/artifacts/cycles/cycle_001/test_results/post_migration_assessment.json,0af0218dd1a567bde4873d28dc1cb2abde7da8257bab60be50e7d02bb0425970
docs_enabled,ankane@mapkick.py__7d625d80__flask__bottle,2,True,pass,ok,pair_capped_mini_20cycle/runs/api_docs_editpair_gpt54mini_fixed_test_policy_20repairs_rerun_001/workspaces/ankane@mapkick.py__7d625d80__flask__bottle/artifacts/cycles/cycle_002/test_results/post_migration_assessment.json,1dff584f868dee21dc18e3f456b6a233c238403bcab10ee952b721f0e9ffb7ae
docs_enabled,ankane@mapkick.py__7d625d80__flask__cherrypy,1,True,pass,ok,pair_capped_mini_20cycle/runs/api_docs_editpair_gpt54mini_fixed_test_policy_20repairs_rerun_001/workspaces/ankane@mapkick.py__7d625d80__flask__cherrypy/artifacts/cycles/cycle_001/test_results/post_migration_assessment.json,1fd88fa0b174d51aaea75a4de65b356b79d114e7921ba59df26d825b47d1d104
docs_enabled,ankane@mapkick.py__7d625d80__flask__fastapi,1,True,pass,ok,pair_capped_mini_20cycle/runs/api_docs_editpair_gpt54mini_fixed_test_policy_20repairs_rerun_001/workspaces/ankane@mapkick.py__7d625d80__flask__fastapi/artifacts/cycles/cycle_001/test_results/post_migration_assessment.json,89170110c76946d37a3e778d396da6b87b338c1344419c70a3798bf2a9fd1fb1
docs_enabled,ankane@mapkick.py__7d625d80__flask__sanic,1,True,pass,ok,pair_capped_mini_20cycle/runs/api_docs_editpair_gpt54mini_fixed_test_policy_20repairs_rerun_001/workspaces/ankane@mapkick.py__7d625d80__flask__sanic/artifacts/cycles/cycle_001/test_results/post_migration_assessment.json,f1be1b6c7a8103b2c82b10716b7c69e0ce51742c65cc6ea2c12472755b081f39
docs_enabled,ankane@mapkick.py__7d625d80__flask__tornado,1,True,pass,ok,pair_capped_mini_20cycle/runs/api_docs_editpair_gpt54mini_fixed_test_policy_20repairs_rerun_001/workspaces/ankane@mapkick.py__7d625d80__flask__tornado/artifacts/cycles/cycle_001/test_results/post_migration_assessment.json,ab16ce68202051fb0bde102fbb64ebba12de4c3d0cd31df7c6eabb38f5e62e99
docs_enabled,apple@app-store-server-library-python__1202058d__httpx__aiohttp,1,True,fail,post_migration_regressions,pair_capped_mini_20cycle/runs/api_docs_editpair_gpt54mini_fixed_test_policy_20repairs_rerun_001/workspaces/apple@app-store-server-library-python__1202058d__httpx__aiohttp/artifacts/cycles/cycle_001/test_results/post_migration_assessment.json,45d7a9c5c870cdb77cc6417a71d89623fc1fd9a1b501b92612531e0667374f43
docs_enabled,apple@app-store-server-library-python__1202058d__httpx__aiohttp,2,True,pass,ok,pair_capped_mini_20cycle/runs/api_docs_editpair_gpt54mini_fixed_test_policy_20repairs_rerun_001/workspaces/apple@app-store-server-library-python__1202058d__httpx__aiohttp/artifacts/cycles/cycle_002/test_results/post_migration_assessment.json,cf0ef6b7fe76ac9d459792d51cf16f31e9959d4897217a4bea912706fc3ebe0a
docs_enabled,apple@app-store-server-library-python__1202058d__httpx__requests,1,True,pass,ok,pair_capped_mini_20cycle/runs/api_docs_editpair_gpt54mini_fixed_test_policy_20repairs_rerun_001/workspaces/apple@app-store-server-library-python__1202058d__httpx__requests/artifacts/cycles/cycle_001/test_results/post_migration_assessment.json,d74b8c71231df532cc953ec02825a416a96e27f4c7b53e53ab46a0322f2462aa
docs_enabled,apple@app-store-server-library-python__1202058d__httpx__urllib3,1,True,fail,post_migration_regressions,pair_capped_mini_20cycle/runs/api_docs_editpair_gpt54mini_fixed_test_policy_20repairs_rerun_001/workspaces/apple@app-store-server-library-python__1202058d__httpx__urllib3/artifacts/cycles/cycle_001/test_results/post_migration_assessment.json,cdcc89b9fd9efe442f522506783c225baf111e21e911302630cacda5e4fdc89b
docs_enabled,apple@app-store-server-library-python__1202058d__httpx__urllib3,2,True,fail,post_migration_regressions,pair_capped_mini_20cycle/runs/api_docs_editpair_gpt54mini_fixed_test_policy_20repairs_rerun_001/workspaces/apple@app-store-server-library-python__1202058d__httpx__urllib3/artifacts/cycles/cycle_002/test_results/post_migration_assessment.json,05928d017154db071b5aa18346cfcf17628fad99c612358c8cd6d1e17a5c55ba
docs_enabled,apple@app-store-server-library-python__1202058d__httpx__urllib3,3,True,fail,post_migration_regressions,pair_capped_mini_20cycle/runs/api_docs_editpair_gpt54mini_fixed_test_policy_20repairs_rerun_001/workspaces/apple@app-store-server-library-python__1202058d__httpx__urllib3/artifacts/cycles/cycle_003/test_results/post_migration_assessment.json,cdcc89b9fd9efe442f522506783c225baf111e21e911302630cacda5e4fdc89b
docs_enabled,apple@app-store-server-library-python__1202058d__httpx__urllib3,4,True,fail,post_migration_regressions,pair_capped_mini_20cycle/runs/api_docs_editpair_gpt54mini_fixed_test_policy_20repairs_rerun_001/workspaces/apple@app-store-server-library-python__1202058d__httpx__urllib3/artifacts/cycles/cycle_004/test_results/post_migration_assessment.json,cdcc89b9fd9efe442f522506783c225baf111e21e911302630cacda5e4fdc89b
docs_enabled,apple@app-store-server-library-python__1202058d__httpx__urllib3,5,True,fail,post_migration_regressions,pair_capped_mini_20cycle/runs/api_docs_editpair_gpt54mini_fixed_test_policy_20repairs_rerun_001/workspaces/apple@app-store-server-library-python__1202058d__httpx__urllib3/artifacts/cycles/cycle_005/test_results/post_migration_assessment.json,cdcc89b9fd9efe442f522506783c225baf111e21e911302630cacda5e4fdc89b
docs_enabled,apple@app-store-server-library-python__1202058d__httpx__urllib3,6,True,fail,post_migration_regressions,pair_capped_mini_20cycle/runs/api_docs_editpair_gpt54mini_fixed_test_policy_20repairs_rerun_001/workspaces/apple@app-store-server-library-python__1202058d__httpx__urllib3/artifacts/cycles/cycle_006/test_results/post_migration_assessment.json,cdcc89b9fd9efe442f522506783c225baf111e21e911302630cacda5e4fdc89b
docs_enabled,apple@app-store-server-library-python__1202058d__httpx__urllib3,7,True,fail,post_migration_regressions,pair_capped_mini_20cycle/runs/api_docs_editpair_gpt54mini_fixed_test_policy_20repairs_rerun_001/workspaces/apple@app-store-server-library-python__1202058d__httpx__urllib3/artifacts/cycles/cycle_007/test_results/post_migration_assessment.json,05928d017154db071b5aa18346cfcf17628fad99c612358c8cd6d1e17a5c55ba
docs_enabled,apple@app-store-server-library-python__1202058d__httpx__urllib3,8,True,fail,post_migration_regressions,pair_capped_mini_20cycle/runs/api_docs_editpair_gpt54mini_fixed_test_policy_20repairs_rerun_001/workspaces/apple@app-store-server-library-python__1202058d__httpx__urllib3/artifacts/cycles/cycle_008/test_results/post_migration_assessment.json,cdcc89b9fd9efe442f522506783c225baf111e21e911302630cacda5e4fdc89b
docs_enabled,apple@app-store-server-library-python__1202058d__httpx__urllib3,9,True,fail,post_migration_regressions,pair_capped_mini_20cycle/runs/api_docs_editpair_gpt54mini_fixed_test_policy_20repairs_rerun_001/workspaces/apple@app-store-server-library-python__1202058d__httpx__urllib3/artifacts/cycles/cycle_009/test_results/post_migration_assessment.json,cdcc89b9fd9efe442f522506783c225baf111e21e911302630cacda5e4fdc89b
docs_enabled,apple@app-store-server-library-python__1202058d__httpx__urllib3,10,True,fail,post_migration_regressions,pair_capped_mini_20cycle/runs/api_docs_editpair_gpt54mini_fixed_test_policy_20repairs_rerun_001/workspaces/apple@app-store-server-library-python__1202058d__httpx__urllib3/artifacts/cycles/cycle_010/test_results/post_migration_assessment.json,cdcc89b9fd9efe442f522506783c225baf111e21e911302630cacda5e4fdc89b
docs_enabled,apple@app-store-server-library-python__1202058d__httpx__urllib3,11,True,fail,post_migration_regressions,pair_capped_mini_20cycle/runs/api_docs_editpair_gpt54mini_fixed_test_policy_20repairs_rerun_001/workspaces/apple@app-store-server-library-python__1202058d__httpx__urllib3/artifacts/cycles/cycle_011/test_results/post_migration_assessment.json,cdcc89b9fd9efe442f522506783c225baf111e21e911302630cacda5e4fdc89b
docs_enabled,apple@app-store-server-library-python__1202058d__httpx__urllib3,12,True,fail,post_migration_regressions,pair_capped_mini_20cycle/runs/api_docs_editpair_gpt54mini_fixed_test_policy_20repairs_rerun_001/workspaces/apple@app-store-server-library-python__1202058d__httpx__urllib3/artifacts/cycles/cycle_012/test_results/post_migration_assessment.json,cdcc89b9fd9efe442f522506783c225baf111e21e911302630cacda5e4fdc89b
docs_enabled,apple@app-store-server-library-python__1202058d__httpx__urllib3,13,True,fail,post_migration_regressions,pair_capped_mini_20cycle/runs/api_docs_editpair_gpt54mini_fixed_test_policy_20repairs_rerun_001/workspaces/apple@app-store-server-library-python__1202058d__httpx__urllib3/artifacts/cycles/cycle_013/test_results/post_migration_assessment.json,05928d017154db071b5aa18346cfcf17628fad99c612358c8cd6d1e17a5c55ba
docs_enabled,apple@app-store-server-library-python__1202058d__httpx__urllib3,14,True,fail,post_migration_regressions,pair_capped_mini_20cycle/runs/api_docs_editpair_gpt54mini_fixed_test_policy_20repairs_rerun_001/workspaces/apple@app-store-server-library-python__1202058d__httpx__urllib3/artifacts/cycles/cycle_014/test_results/post_migration_assessment.json,05928d017154db071b5aa18346cfcf17628fad99c612358c8cd6d1e17a5c55ba
docs_enabled,apple@app-store-server-library-python__1202058d__httpx__urllib3,15,True,fail,post_migration_regressions,pair_capped_mini_20cycle/runs/api_docs_editpair_gpt54mini_fixed_test_policy_20repairs_rerun_001/workspaces/apple@app-store-server-library-python__1202058d__httpx__urllib3/artifacts/cycles/cycle_015/test_results/post_migration_assessment.json,05928d017154db071b5aa18346cfcf17628fad99c612358c8cd6d1e17a5c55ba
docs_enabled,apple@app-store-server-library-python__1202058d__httpx__urllib3,16,True,fail,post_migration_regressions,pair_capped_mini_20cycle/runs/api_docs_editpair_gpt54mini_fixed_test_policy_20repairs_rerun_001/workspaces/apple@app-store-server-library-python__1202058d__httpx__urllib3/artifacts/cycles/cycle_016/test_results/post_migration_assessment.json,05928d017154db071b5aa18346cfcf17628fad99c612358c8cd6d1e17a5c55ba
docs_enabled,apple@app-store-server-library-python__1202058d__httpx__urllib3,17,True,fail,post_migration_regressions,pair_capped_mini_20cycle/runs/api_docs_editpair_gpt54mini_fixed_test_policy_20repairs_rerun_001/workspaces/apple@app-store-server-library-python__1202058d__httpx__urllib3/artifacts/cycles/cycle_017/test_results/post_migration_assessment.json,cdcc89b9fd9efe442f522506783c225baf111e21e911302630cacda5e4fdc89b
docs_enabled,apple@app-store-server-library-python__1202058d__httpx__urllib3,18,True,fail,post_migration_regressions,pair_capped_mini_20cycle/runs/api_docs_editpair_gpt54mini_fixed_test_policy_20repairs_rerun_001/workspaces/apple@app-store-server-library-python__1202058d__httpx__urllib3/artifacts/cycles/cycle_018/test_results/post_migration_assessment.json,05928d017154db071b5aa18346cfcf17628fad99c612358c8cd6d1e17a5c55ba
docs_enabled,apple@app-store-server-library-python__1202058d__httpx__urllib3,19,True,fail,post_migration_regressions,pair_capped_mini_20cycle/runs/api_docs_editpair_gpt54mini_fixed_test_policy_20repairs_rerun_001/workspaces/apple@app-store-server-library-python__1202058d__httpx__urllib3/artifacts/cycles/cycle_019/test_results/post_migration_assessment.json,05928d017154db071b5aa18346cfcf17628fad99c612358c8cd6d1e17a5c55ba
docs_enabled,apple@app-store-server-library-python__1202058d__httpx__urllib3,20,True,fail,after_validation_anomaly,pair_capped_mini_20cycle/runs/api_docs_editpair_gpt54mini_fixed_test_policy_20repairs_rerun_001/workspaces/apple@app-store-server-library-python__1202058d__httpx__urllib3/artifacts/cycles/cycle_020/test_results/post_migration_assessment.json,03de321aee5f8489074430f2aa492cf1d385e97a08e708d228472049564a3e82
docs_enabled,apple@app-store-server-library-python__1202058d__httpx__urllib3,21,True,fail,post_migration_regressions,pair_capped_mini_20cycle/runs/api_docs_editpair_gpt54mini_fixed_test_policy_20repairs_rerun_001/workspaces/apple@app-store-server-library-python__1202058d__httpx__urllib3/artifacts/cycles/cycle_021/test_results/post_migration_assessment.json,05928d017154db071b5aa18346cfcf17628fad99c612358c8cd6d1e17a5c55ba
docs_enabled,astelmach01@tinylang__7ea9f90f__python-dotenv__dynaconf,1,True,pass,ok,pair_capped_mini_20cycle/runs/api_docs_editpair_gpt54mini_fixed_test_policy_20repairs_rerun_001/workspaces/astelmach01@tinylang__7ea9f90f__python-dotenv__dynaconf/artifacts/cycles/cycle_001/test_results/post_migration_assessment.json,f8583e3be6782a831fb032162867648dccff550191ef2633303cca593c12b6a6
docs_enabled,avast@ep-stats__95f8d93e__fastapi__sanic,1,True,fail,after_validation_anomaly,pair_capped_mini_20cycle/runs/api_docs_editpair_gpt54mini_fixed_test_policy_20repairs_rerun_001/workspaces/avast@ep-stats__95f8d93e__fastapi__sanic/artifacts/cycles/cycle_001/test_results/post_migration_assessment.json,65238e92106c4129800c0435f802bdbe7516513bc99c023b0773adb7bda9cc4c
docs_enabled,avast@ep-stats__95f8d93e__fastapi__sanic,2,True,fail,after_validation_anomaly,pair_capped_mini_20cycle/runs/api_docs_editpair_gpt54mini_fixed_test_policy_20repairs_rerun_001/workspaces/avast@ep-stats__95f8d93e__fastapi__sanic/artifacts/cycles/cycle_002/test_results/post_migration_assessment.json,65238e92106c4129800c0435f802bdbe7516513bc99c023b0773adb7bda9cc4c
docs_enabled,avast@ep-stats__95f8d93e__fastapi__sanic,3,True,fail,after_validation_anomaly,pair_capped_mini_20cycle/runs/api_docs_editpair_gpt54mini_fixed_test_policy_20repairs_rerun_001/workspaces/avast@ep-stats__95f8d93e__fastapi__sanic/artifacts/cycles/cycle_003/test_results/post_migration_assessment.json,65238e92106c4129800c0435f802bdbe7516513bc99c023b0773adb7bda9cc4c
docs_enabled,avast@ep-stats__95f8d93e__fastapi__sanic,4,True,fail,after_validation_anomaly,pair_capped_mini_20cycle/runs/api_docs_editpair_gpt54mini_fixed_test_policy_20repairs_rerun_001/workspaces/avast@ep-stats__95f8d93e__fastapi__sanic/artifacts/cycles/cycle_004/test_results/post_migration_assessment.json,65238e92106c4129800c0435f802bdbe7516513bc99c023b0773adb7bda9cc4c
docs_enabled,avast@ep-stats__95f8d93e__fastapi__sanic,5,True,fail,after_validation_anomaly,pair_capped_mini_20cycle/runs/api_docs_editpair_gpt54mini_fixed_test_policy_20repairs_rerun_001/workspaces/avast@ep-stats__95f8d93e__fastapi__sanic/artifacts/cycles/cycle_005/test_results/post_migration_assessment.json,65238e92106c4129800c0435f802bdbe7516513bc99c023b0773adb7bda9cc4c
docs_enabled,avast@ep-stats__95f8d93e__fastapi__sanic,6,True,fail,after_validation_anomaly,pair_capped_mini_20cycle/runs/api_docs_editpair_gpt54mini_fixed_test_policy_20repairs_rerun_001/workspaces/avast@ep-stats__95f8d93e__fastapi__sanic/artifacts/cycles/cycle_006/test_results/post_migration_assessment.json,65238e92106c4129800c0435f802bdbe7516513bc99c023b0773adb7bda9cc4c
docs_enabled,avast@ep-stats__95f8d93e__fastapi__sanic,7,True,fail,after_validation_anomaly,pair_capped_mini_20cycle/runs/api_docs_editpair_gpt54mini_fixed_test_policy_20repairs_rerun_001/workspaces/avast@ep-stats__95f8d93e__fastapi__sanic/artifacts/cycles/cycle_007/test_results/post_migration_assessment.json,65238e92106c4129800c0435f802bdbe7516513bc99c023b0773adb7bda9cc4c
docs_enabled,avast@ep-stats__95f8d93e__fastapi__sanic,8,True,fail,after_validation_anomaly,pair_capped_mini_20cycle/runs/api_docs_editpair_gpt54mini_fixed_test_policy_20repairs_rerun_001/workspaces/avast@ep-stats__95f8d93e__fastapi__sanic/artifacts/cycles/cycle_008/test_results/post_migration_assessment.json,65238e92106c4129800c0435f802bdbe7516513bc99c023b0773adb7bda9cc4c
docs_enabled,avast@ep-stats__95f8d93e__fastapi__sanic,9,True,fail,after_validation_anomaly,pair_capped_mini_20cycle/runs/api_docs_editpair_gpt54mini_fixed_test_policy_20repairs_rerun_001/workspaces/avast@ep-stats__95f8d93e__fastapi__sanic/artifacts/cycles/cycle_009/test_results/post_migration_assessment.json,65238e92106c4129800c0435f802bdbe7516513bc99c023b0773adb7bda9cc4c
docs_enabled,avast@ep-stats__95f8d93e__fastapi__sanic,10,True,fail,after_validation_anomaly,pair_capped_mini_20cycle/runs/api_docs_editpair_gpt54mini_fixed_test_policy_20repairs_rerun_001/workspaces/avast@ep-stats__95f8d93e__fastapi__sanic/artifacts/cycles/cycle_010/test_results/post_migration_assessment.json,65238e92106c4129800c0435f802bdbe7516513bc99c023b0773adb7bda9cc4c
docs_enabled,avast@ep-stats__95f8d93e__fastapi__sanic,11,True,fail,after_validation_anomaly,pair_capped_mini_20cycle/runs/api_docs_editpair_gpt54mini_fixed_test_policy_20repairs_rerun_001/workspaces/avast@ep-stats__95f8d93e__fastapi__sanic/artifacts/cycles/cycle_011/test_results/post_migration_assessment.json,65238e92106c4129800c0435f802bdbe7516513bc99c023b0773adb7bda9cc4c
docs_enabled,avast@ep-stats__95f8d93e__fastapi__sanic,12,True,fail,after_validation_anomaly,pair_capped_mini_20cycle/runs/api_docs_editpair_gpt54mini_fixed_test_policy_20repairs_rerun_001/workspaces/avast@ep-stats__95f8d93e__fastapi__sanic/artifacts/cycles/cycle_012/test_results/post_migration_assessment.json,65238e92106c4129800c0435f802bdbe7516513bc99c023b0773adb7bda9cc4c
docs_enabled,avast@ep-stats__95f8d93e__fastapi__sanic,13,True,fail,after_validation_anomaly,pair_capped_mini_20cycle/runs/api_docs_editpair_gpt54mini_fixed_test_policy_20repairs_rerun_001/workspaces/avast@ep-stats__95f8d93e__fastapi__sanic/artifacts/cycles/cycle_013/test_results/post_migration_assessment.json,65238e92106c4129800c0435f802bdbe7516513bc99c023b0773adb7bda9cc4c
docs_enabled,avast@ep-stats__95f8d93e__fastapi__sanic,14,True,fail,after_validation_anomaly,pair_capped_mini_20cycle/runs/api_docs_editpair_gpt54mini_fixed_test_policy_20repairs_rerun_001/workspaces/avast@ep-stats__95f8d93e__fastapi__sanic/artifacts/cycles/cycle_014/test_results/post_migration_assessment.json,65238e92106c4129800c0435f802bdbe7516513bc99c023b0773adb7bda9cc4c
docs_enabled,avast@ep-stats__95f8d93e__fastapi__sanic,15,True,fail,after_validation_anomaly,pair_capped_mini_20cycle/runs/api_docs_editpair_gpt54mini_fixed_test_policy_20repairs_rerun_001/workspaces/avast@ep-stats__95f8d93e__fastapi__sanic/artifacts/cycles/cycle_015/test_results/post_migration_assessment.json,65238e92106c4129800c0435f802bdbe7516513bc99c023b0773adb7bda9cc4c
docs_enabled,avast@ep-stats__95f8d93e__fastapi__sanic,16,True,fail,after_validation_anomaly,pair_capped_mini_20cycle/runs/api_docs_editpair_gpt54mini_fixed_test_policy_20repairs_rerun_001/workspaces/avast@ep-stats__95f8d93e__fastapi__sanic/artifacts/cycles/cycle_016/test_results/post_migration_assessment.json,65238e92106c4129800c0435f802bdbe7516513bc99c023b0773adb7bda9cc4c
docs_enabled,avast@ep-stats__95f8d93e__fastapi__sanic,17,True,fail,after_validation_anomaly,pair_capped_mini_20cycle/runs/api_docs_editpair_gpt54mini_fixed_test_policy_20repairs_rerun_001/workspaces/avast@ep-stats__95f8d93e__fastapi__sanic/artifacts/cycles/cycle_017/test_results/post_migration_assessment.json,65238e92106c4129800c0435f802bdbe7516513bc99c023b0773adb7bda9cc4c
docs_enabled,avast@ep-stats__95f8d93e__fastapi__sanic,18,True,fail,after_validation_anomaly,pair_capped_mini_20cycle/runs/api_docs_editpair_gpt54mini_fixed_test_policy_20repairs_rerun_001/workspaces/avast@ep-stats__95f8d93e__fastapi__sanic/artifacts/cycles/cycle_018/test_results/post_migration_assessment.json,65238e92106c4129800c0435f802bdbe7516513bc99c023b0773adb7bda9cc4c
docs_enabled,avast@ep-stats__95f8d93e__fastapi__sanic,19,True,fail,after_validation_anomaly,pair_capped_mini_20cycle/runs/api_docs_editpair_gpt54mini_fixed_test_policy_20repairs_rerun_001/workspaces/avast@ep-stats__95f8d93e__fastapi__sanic/artifacts/cycles/cycle_019/test_results/post_migration_assessment.json,65238e92106c4129800c0435f802bdbe7516513bc99c023b0773adb7bda9cc4c
docs_enabled,avast@ep-stats__95f8d93e__fastapi__sanic,20,True,fail,after_validation_anomaly,pair_capped_mini_20cycle/runs/api_docs_editpair_gpt54mini_fixed_test_policy_20repairs_rerun_001/workspaces/avast@ep-stats__95f8d93e__fastapi__sanic/artifacts/cycles/cycle_020/test_results/post_migration_assessment.json,65238e92106c4129800c0435f802bdbe7516513bc99c023b0773adb7bda9cc4c
docs_enabled,avast@ep-stats__95f8d93e__fastapi__sanic,21,True,fail,after_validation_anomaly,pair_capped_mini_20cycle/runs/api_docs_editpair_gpt54mini_fixed_test_policy_20repairs_rerun_001/workspaces/avast@ep-stats__95f8d93e__fastapi__sanic/artifacts/cycles/cycle_021/test_results/post_migration_assessment.json,65238e92106c4129800c0435f802bdbe7516513bc99c023b0773adb7bda9cc4c
docs_enabled,beancount@beanquery__51ad2619__click__plac,1,True,fail,post_migration_regressions,pair_capped_mini_20cycle/runs/api_docs_editpair_gpt54mini_fixed_test_policy_20repairs_rerun_001/workspaces/beancount@beanquery__51ad2619__click__plac/artifacts/cycles/cycle_001/test_results/post_migration_assessment.json,15d811762ec9d844fa2c9275f5eaeae0c3c1678b41a9ff12ad2703a2893e3640
docs_enabled,beancount@beanquery__51ad2619__click__plac,2,True,fail,post_migration_regressions,pair_capped_mini_20cycle/runs/api_docs_editpair_gpt54mini_fixed_test_policy_20repairs_rerun_001/workspaces/beancount@beanquery__51ad2619__click__plac/artifacts/cycles/cycle_002/test_results/post_migration_assessment.json,15d811762ec9d844fa2c9275f5eaeae0c3c1678b41a9ff12ad2703a2893e3640
docs_enabled,beancount@beanquery__51ad2619__click__plac,3,True,fail,migration_generation_failed,pair_capped_mini_20cycle/runs/api_docs_editpair_gpt54mini_fixed_test_policy_20repairs_rerun_001/workspaces/beancount@beanquery__51ad2619__click__plac/artifacts/cycles/cycle_003/test_results/post_migration_assessment.json,ef148d47ee388e49f53bac92269251bbec6294af14e0676e73d2e5adab235d8e
docs_enabled,bellshade@openseries__59b7a6d7__colorama__termcolor,1,True,pass,ok,pair_capped_mini_20cycle/runs/api_docs_editpair_gpt54mini_fixed_test_policy_20repairs_rerun_001/workspaces/bellshade@openseries__59b7a6d7__colorama__termcolor/artifacts/cycles/cycle_001/test_results/post_migration_assessment.json,1aba6b76a05ed777d29552f18bc9b73ad00eb4474d02652e8e0c4a2078806bc5
docs_enabled,blackrock@ingen__a6977a33__aiohttp__httpx,1,True,fail,post_migration_regressions,pair_capped_mini_20cycle/runs/api_docs_editpair_gpt54mini_fixed_test_policy_20repairs_rerun_001/workspaces/blackrock@ingen__a6977a33__aiohttp__httpx/artifacts/cycles/cycle_001/test_results/post_migration_assessment.json,e83a309c7b0e267846bed0d96bad1d37d5171ffc621732de93b44a0aa19515e3
docs_enabled,blackrock@ingen__a6977a33__aiohttp__httpx,2,True,pass,ok,pair_capped_mini_20cycle/runs/api_docs_editpair_gpt54mini_fixed_test_policy_20repairs_rerun_001/workspaces/blackrock@ingen__a6977a33__aiohttp__httpx/artifacts/cycles/cycle_002/test_results/post_migration_assessment.json,0ace2840b1083766596c4f427fb8a07898b5a14b311f8801411b11e7cf238940
docs_enabled,blingenf@copydetect__ba072818__jinja2__mako,1,True,fail,post_migration_regressions,pair_capped_mini_20cycle/runs/api_docs_editpair_gpt54mini_fixed_test_policy_20repairs_rerun_001/workspaces/blingenf@copydetect__ba072818__jinja2__mako/artifacts/cycles/cycle_001/test_results/post_migration_assessment.json,1683aebce24982c96af00ac7ddd6b4a119433053e64a1745fcde42f8f905850a
docs_enabled,blingenf@copydetect__ba072818__jinja2__mako,2,True,pass,ok,pair_capped_mini_20cycle/runs/api_docs_editpair_gpt54mini_fixed_test_policy_20repairs_rerun_001/workspaces/blingenf@copydetect__ba072818__jinja2__mako/artifacts/cycles/cycle_002/test_results/post_migration_assessment.json,93e7e8747913ce51c38cfc08e6c76e389d930528bc715afe40b2eac8e2da251c
docs_enabled,blingenf@copydetect__ba072818__pygments__rich,1,True,fail,after_validation_anomaly,pair_capped_mini_20cycle/runs/api_docs_editpair_gpt54mini_fixed_test_policy_20repairs_rerun_001/workspaces/blingenf@copydetect__ba072818__pygments__rich/artifacts/cycles/cycle_001/test_results/post_migration_assessment.json,4753f85fd6969d68bb23b13c91e3dd0c3e77794a58143a0fa83fb3e2731b7943
docs_enabled,blingenf@copydetect__ba072818__pygments__rich,2,True,pass,ok,pair_capped_mini_20cycle/runs/api_docs_editpair_gpt54mini_fixed_test_policy_20repairs_rerun_001/workspaces/blingenf@copydetect__ba072818__pygments__rich/artifacts/cycles/cycle_002/test_results/post_migration_assessment.json,e1379970c2f0bd795e2c404e3c9a177bb61db55ad8affd0f0c9374ddf1ffdaf3
docs_enabled,blingenf@copydetect__ba072818__tqdm__progressbar2,1,True,pass,ok,pair_capped_mini_20cycle/runs/api_docs_editpair_gpt54mini_fixed_test_policy_20repairs_rerun_001/workspaces/blingenf@copydetect__ba072818__tqdm__progressbar2/artifacts/cycles/cycle_001/test_results/post_migration_assessment.json,57dae484ab0717b611144ccc32167e0fcde327598b59dc71515a7a970a7c964e
docs_enabled,blockchain-technology-lab@consensus-decentralization__f6dbfbbf__matplotlib__plotly,1,True,pass,ok,pair_capped_mini_20cycle/runs/api_docs_editpair_gpt54mini_fixed_test_policy_20repairs_rerun_001/workspaces/blockchain-technology-lab@consensus-decentralization__f6dbfbbf__matplotlib__plotly/artifacts/cycles/cycle_001/test_results/post_migration_assessment.json,d3c7ffb5c54f1c75ae88f705761240044dc3afcf8d3e1021f46f5010c3658641
docs_enabled,blurstudio@hab__177503df__pygments__rich,1,True,pass,ok,pair_capped_mini_20cycle/runs/api_docs_editpair_gpt54mini_fixed_test_policy_20repairs_rerun_001/workspaces/blurstudio@hab__177503df__pygments__rich/artifacts/cycles/cycle_001/test_results/post_migration_assessment.json,52a85f2c7c798a23b7cffa6b63ea7c25f1b6ec975762093ae8b2ba327ab7a41c
docs_enabled,bormando@selenium-tools__52667925__urllib3__aiohttp,1,True,pass,ok,pair_capped_mini_20cycle/runs/api_docs_editpair_gpt54mini_fixed_test_policy_20repairs_rerun_001/workspaces/bormando@selenium-tools__52667925__urllib3__aiohttp/artifacts/cycles/cycle_001/test_results/post_migration_assessment.json,37118c111625f0885bf3203e96f22b4d2383eb65512278e0a7cc289c670b240e
docs_enabled,bormando@selenium-tools__52667925__urllib3__httpx,1,True,fail,post_migration_regressions,pair_capped_mini_20cycle/runs/api_docs_editpair_gpt54mini_fixed_test_policy_20repairs_rerun_001/workspaces/bormando@selenium-tools__52667925__urllib3__httpx/artifacts/cycles/cycle_001/test_results/post_migration_assessment.json,057342c645f0b1b3a7c1d05664ae8a42f79b591ba65d157eff4a9e65d4d0d734
docs_enabled,bormando@selenium-tools__52667925__urllib3__httpx,2,True,fail,post_migration_regressions,pair_capped_mini_20cycle/runs/api_docs_editpair_gpt54mini_fixed_test_policy_20repairs_rerun_001/workspaces/bormando@selenium-tools__52667925__urllib3__httpx/artifacts/cycles/cycle_002/test_results/post_migration_assessment.json,057342c645f0b1b3a7c1d05664ae8a42f79b591ba65d157eff4a9e65d4d0d734
docs_enabled,bormando@selenium-tools__52667925__urllib3__httpx,3,True,fail,post_migration_regressions,pair_capped_mini_20cycle/runs/api_docs_editpair_gpt54mini_fixed_test_policy_20repairs_rerun_001/workspaces/bormando@selenium-tools__52667925__urllib3__httpx/artifacts/cycles/cycle_003/test_results/post_migration_assessment.json,4dbc3558e87b43b9ee03cebd2a7f6f50e46de8d354508b3979b1a5bdf056c46a
docs_enabled,bormando@selenium-tools__52667925__urllib3__httpx,4,True,pass,ok,pair_capped_mini_20cycle/runs/api_docs_editpair_gpt54mini_fixed_test_policy_20repairs_rerun_001/workspaces/bormando@selenium-tools__52667925__urllib3__httpx/artifacts/cycles/cycle_004/test_results/post_migration_assessment.json,a9811de28cfa7882d9f9d7ab715b85a0041780f2d3846bd5a3296aa0d7da456c
docs_enabled,capitalone@edgetest__dfc8b73c__click__plac,1,True,fail,post_migration_regressions,pair_capped_mini_20cycle/runs/api_docs_editpair_gpt54mini_fixed_test_policy_20repairs_rerun_001/workspaces/capitalone@edgetest__dfc8b73c__click__plac/artifacts/cycles/cycle_001/test_results/post_migration_assessment.json,ab716f20d3f3f9a6cd5e5dc1513514069cb5967d63890f1482e406b2d933fd2b
docs_enabled,capitalone@edgetest__dfc8b73c__click__plac,2,True,fail,post_migration_regressions,pair_capped_mini_20cycle/runs/api_docs_editpair_gpt54mini_fixed_test_policy_20repairs_rerun_001/workspaces/capitalone@edgetest__dfc8b73c__click__plac/artifacts/cycles/cycle_002/test_results/post_migration_assessment.json,ab716f20d3f3f9a6cd5e5dc1513514069cb5967d63890f1482e406b2d933fd2b
docs_enabled,capitalone@edgetest__dfc8b73c__click__plac,3,True,pass,ok,pair_capped_mini_20cycle/runs/api_docs_editpair_gpt54mini_fixed_test_policy_20repairs_rerun_001/workspaces/capitalone@edgetest__dfc8b73c__click__plac/artifacts/cycles/cycle_003/test_results/post_migration_assessment.json,fd6909d671fca067ab3152e8590758a049bf1169c1baaf87bc51bb5f9c0caf71
docs_enabled,capitalone@edgetest__dfc8b73c__click__typer,1,True,fail,post_migration_regressions,pair_capped_mini_20cycle/runs/api_docs_editpair_gpt54mini_fixed_test_policy_20repairs_rerun_001/workspaces/capitalone@edgetest__dfc8b73c__click__typer/artifacts/cycles/cycle_001/test_results/post_migration_assessment.json,c74eac5eb4e3bd58e9e2e12bc52fcef682a511dfbf7444e9f68f0e06b3de9449
docs_enabled,capitalone@edgetest__dfc8b73c__click__typer,2,True,pass,ok,pair_capped_mini_20cycle/runs/api_docs_editpair_gpt54mini_fixed_test_policy_20repairs_rerun_001/workspaces/capitalone@edgetest__dfc8b73c__click__typer/artifacts/cycles/cycle_002/test_results/post_migration_assessment.json,06e96fbaf83f80bfdecf95f68cdb23d59c2ce6fc0cdee97a261ec3775a22492e
docs_enabled,capitalone@edgetest__dfc8b73c__tabulate__prettytable,1,True,fail,post_migration_regressions,pair_capped_mini_20cycle/runs/api_docs_editpair_gpt54mini_fixed_test_policy_20repairs_rerun_001/workspaces/capitalone@edgetest__dfc8b73c__tabulate__prettytable/artifacts/cycles/cycle_001/test_results/post_migration_assessment.json,9b1ea45a90882457c6c92e60106edca626bf92d4f1056533cdefcd4014241b38
docs_enabled,capitalone@edgetest__dfc8b73c__tabulate__prettytable,2,True,fail,post_migration_regressions,pair_capped_mini_20cycle/runs/api_docs_editpair_gpt54mini_fixed_test_policy_20repairs_rerun_001/workspaces/capitalone@edgetest__dfc8b73c__tabulate__prettytable/artifacts/cycles/cycle_002/test_results/post_migration_assessment.json,9b1ea45a90882457c6c92e60106edca626bf92d4f1056533cdefcd4014241b38
docs_enabled,capitalone@edgetest__dfc8b73c__tabulate__prettytable,3,True,fail,post_migration_regressions,pair_capped_mini_20cycle/runs/api_docs_editpair_gpt54mini_fixed_test_policy_20repairs_rerun_001/workspaces/capitalone@edgetest__dfc8b73c__tabulate__prettytable/artifacts/cycles/cycle_003/test_results/post_migration_assessment.json,9b1ea45a90882457c6c92e60106edca626bf92d4f1056533cdefcd4014241b38
docs_enabled,capitalone@edgetest__dfc8b73c__tabulate__prettytable,4,True,pass,ok,pair_capped_mini_20cycle/runs/api_docs_editpair_gpt54mini_fixed_test_policy_20repairs_rerun_001/workspaces/capitalone@edgetest__dfc8b73c__tabulate__prettytable/artifacts/cycles/cycle_004/test_results/post_migration_assessment.json,5f90086e1625a159e0b78f7812a6b53048a13bc165a2b889967f27dd10f22d10
docs_enabled,capitalone@edgetest__dfc8b73c__tabulate__rich,1,True,fail,post_migration_regressions,pair_capped_mini_20cycle/runs/api_docs_editpair_gpt54mini_fixed_test_policy_20repairs_rerun_001/workspaces/capitalone@edgetest__dfc8b73c__tabulate__rich/artifacts/cycles/cycle_001/test_results/post_migration_assessment.json,47b13de93c89cb8cc2c3c1039a209ae8bf2087da98781bdd60becc34951200d9
docs_enabled,capitalone@edgetest__dfc8b73c__tabulate__rich,2,True,fail,post_migration_regressions,pair_capped_mini_20cycle/runs/api_docs_editpair_gpt54mini_fixed_test_policy_20repairs_rerun_001/workspaces/capitalone@edgetest__dfc8b73c__tabulate__rich/artifacts/cycles/cycle_002/test_results/post_migration_assessment.json,47b13de93c89cb8cc2c3c1039a209ae8bf2087da98781bdd60becc34951200d9
docs_enabled,capitalone@edgetest__dfc8b73c__tabulate__rich,3,True,fail,post_migration_regressions,pair_capped_mini_20cycle/runs/api_docs_editpair_gpt54mini_fixed_test_policy_20repairs_rerun_001/workspaces/capitalone@edgetest__dfc8b73c__tabulate__rich/artifacts/cycles/cycle_003/test_results/post_migration_assessment.json,47b13de93c89cb8cc2c3c1039a209ae8bf2087da98781bdd60becc34951200d9
docs_enabled,capitalone@edgetest__dfc8b73c__tabulate__rich,4,True,fail,post_migration_regressions,pair_capped_mini_20cycle/runs/api_docs_editpair_gpt54mini_fixed_test_policy_20repairs_rerun_001/workspaces/capitalone@edgetest__dfc8b73c__tabulate__rich/artifacts/cycles/cycle_004/test_results/post_migration_assessment.json,47b13de93c89cb8cc2c3c1039a209ae8bf2087da98781bdd60becc34951200d9
docs_enabled,capitalone@edgetest__dfc8b73c__tabulate__rich,5,True,pass,ok,pair_capped_mini_20cycle/runs/api_docs_editpair_gpt54mini_fixed_test_policy_20repairs_rerun_001/workspaces/capitalone@edgetest__dfc8b73c__tabulate__rich/artifacts/cycles/cycle_005/test_results/post_migration_assessment.json,efffcac6a11f139d1517efe95cd8d28e205f445dda9cd77e3d7d506576df3933
docs_enabled,chrispappalardo@eparse__6f799d21__click__typer,1,True,fail,post_migration_regressions,pair_capped_mini_20cycle/runs/api_docs_editpair_gpt54mini_fixed_test_policy_20repairs_rerun_001/workspaces/chrispappalardo@eparse__6f799d21__click__typer/artifacts/cycles/cycle_001/test_results/post_migration_assessment.json,e473cdd0af02555e5a15ff3f89ed22cf12f5e747d8ae349558bef048dedf4618
docs_enabled,chrispappalardo@eparse__6f799d21__click__typer,2,True,fail,post_migration_regressions,pair_capped_mini_20cycle/runs/api_docs_editpair_gpt54mini_fixed_test_policy_20repairs_rerun_001/workspaces/chrispappalardo@eparse__6f799d21__click__typer/artifacts/cycles/cycle_002/test_results/post_migration_assessment.json,e473cdd0af02555e5a15ff3f89ed22cf12f5e747d8ae349558bef048dedf4618
docs_enabled,chrispappalardo@eparse__6f799d21__click__typer,3,True,fail,post_migration_regressions,pair_capped_mini_20cycle/runs/api_docs_editpair_gpt54mini_fixed_test_policy_20repairs_rerun_001/workspaces/chrispappalardo@eparse__6f799d21__click__typer/artifacts/cycles/cycle_003/test_results/post_migration_assessment.json,e473cdd0af02555e5a15ff3f89ed22cf12f5e747d8ae349558bef048dedf4618
docs_enabled,chrispappalardo@eparse__6f799d21__click__typer,4,True,pass,ok,pair_capped_mini_20cycle/runs/api_docs_editpair_gpt54mini_fixed_test_policy_20repairs_rerun_001/workspaces/chrispappalardo@eparse__6f799d21__click__typer/artifacts/cycles/cycle_004/test_results/post_migration_assessment.json,58ff2734ccf309f5df2c3aae933fca9a789ce4aa4b9c67625784d33c4f6470eb
docs_enabled,cmccomb@trussme__0c7316cf__matplotlib__plotly,1,True,fail,post_migration_regressions,pair_capped_mini_20cycle/runs/api_docs_editpair_gpt54mini_fixed_test_policy_20repairs_rerun_001/workspaces/cmccomb@trussme__0c7316cf__matplotlib__plotly/artifacts/cycles/cycle_001/test_results/post_migration_assessment.json,9f5f911316db794c46794d29e26e33c533d62f29b7c79c35cc864fa21ef36cea
docs_enabled,cmccomb@trussme__0c7316cf__matplotlib__plotly,2,True,fail,post_migration_regressions,pair_capped_mini_20cycle/runs/api_docs_editpair_gpt54mini_fixed_test_policy_20repairs_rerun_001/workspaces/cmccomb@trussme__0c7316cf__matplotlib__plotly/artifacts/cycles/cycle_002/test_results/post_migration_assessment.json,9f5f911316db794c46794d29e26e33c533d62f29b7c79c35cc864fa21ef36cea
docs_enabled,cmccomb@trussme__0c7316cf__matplotlib__plotly,3,True,fail,post_migration_regressions,pair_capped_mini_20cycle/runs/api_docs_editpair_gpt54mini_fixed_test_policy_20repairs_rerun_001/workspaces/cmccomb@trussme__0c7316cf__matplotlib__plotly/artifacts/cycles/cycle_003/test_results/post_migration_assessment.json,9f5f911316db794c46794d29e26e33c533d62f29b7c79c35cc864fa21ef36cea
docs_enabled,cmccomb@trussme__0c7316cf__matplotlib__plotly,4,True,fail,post_migration_regressions,pair_capped_mini_20cycle/runs/api_docs_editpair_gpt54mini_fixed_test_policy_20repairs_rerun_001/workspaces/cmccomb@trussme__0c7316cf__matplotlib__plotly/artifacts/cycles/cycle_004/test_results/post_migration_assessment.json,9f5f911316db794c46794d29e26e33c533d62f29b7c79c35cc864fa21ef36cea
docs_enabled,cmccomb@trussme__0c7316cf__matplotlib__plotly,5,True,fail,post_migration_regressions,pair_capped_mini_20cycle/runs/api_docs_editpair_gpt54mini_fixed_test_policy_20repairs_rerun_001/workspaces/cmccomb@trussme__0c7316cf__matplotlib__plotly/artifacts/cycles/cycle_005/test_results/post_migration_assessment.json,9f5f911316db794c46794d29e26e33c533d62f29b7c79c35cc864fa21ef36cea
docs_enabled,cmccomb@trussme__0c7316cf__matplotlib__plotly,6,True,fail,post_migration_regressions,pair_capped_mini_20cycle/runs/api_docs_editpair_gpt54mini_fixed_test_policy_20repairs_rerun_001/workspaces/cmccomb@trussme__0c7316cf__matplotlib__plotly/artifacts/cycles/cycle_006/test_results/post_migration_assessment.json,9f5f911316db794c46794d29e26e33c533d62f29b7c79c35cc864fa21ef36cea
docs_enabled,cmccomb@trussme__0c7316cf__matplotlib__plotly,7,True,fail,post_migration_regressions,pair_capped_mini_20cycle/runs/api_docs_editpair_gpt54mini_fixed_test_policy_20repairs_rerun_001/workspaces/cmccomb@trussme__0c7316cf__matplotlib__plotly/artifacts/cycles/cycle_007/test_results/post_migration_assessment.json,9f5f911316db794c46794d29e26e33c533d62f29b7c79c35cc864fa21ef36cea
docs_enabled,cmccomb@trussme__0c7316cf__matplotlib__plotly,8,True,fail,post_migration_regressions,pair_capped_mini_20cycle/runs/api_docs_editpair_gpt54mini_fixed_test_policy_20repairs_rerun_001/workspaces/cmccomb@trussme__0c7316cf__matplotlib__plotly/artifacts/cycles/cycle_008/test_results/post_migration_assessment.json,9f5f911316db794c46794d29e26e33c533d62f29b7c79c35cc864fa21ef36cea
docs_enabled,cmccomb@trussme__0c7316cf__matplotlib__plotly,9,True,fail,post_migration_regressions,pair_capped_mini_20cycle/runs/api_docs_editpair_gpt54mini_fixed_test_policy_20repairs_rerun_001/workspaces/cmccomb@trussme__0c7316cf__matplotlib__plotly/artifacts/cycles/cycle_009/test_results/post_migration_assessment.json,9f5f911316db794c46794d29e26e33c533d62f29b7c79c35cc864fa21ef36cea
docs_enabled,cmccomb@trussme__0c7316cf__matplotlib__plotly,10,True,fail,post_migration_regressions,pair_capped_mini_20cycle/runs/api_docs_editpair_gpt54mini_fixed_test_policy_20repairs_rerun_001/workspaces/cmccomb@trussme__0c7316cf__matplotlib__plotly/artifacts/cycles/cycle_010/test_results/post_migration_assessment.json,9f5f911316db794c46794d29e26e33c533d62f29b7c79c35cc864fa21ef36cea
docs_enabled,cmccomb@trussme__0c7316cf__matplotlib__plotly,11,True,fail,post_migration_regressions,pair_capped_mini_20cycle/runs/api_docs_editpair_gpt54mini_fixed_test_policy_20repairs_rerun_001/workspaces/cmccomb@trussme__0c7316cf__matplotlib__plotly/artifacts/cycles/cycle_011/test_results/post_migration_assessment.json,9f5f911316db794c46794d29e26e33c533d62f29b7c79c35cc864fa21ef36cea
docs_enabled,cmccomb@trussme__0c7316cf__matplotlib__plotly,12,True,fail,post_migration_regressions,pair_capped_mini_20cycle/runs/api_docs_editpair_gpt54mini_fixed_test_policy_20repairs_rerun_001/workspaces/cmccomb@trussme__0c7316cf__matplotlib__plotly/artifacts/cycles/cycle_012/test_results/post_migration_assessment.json,9f5f911316db794c46794d29e26e33c533d62f29b7c79c35cc864fa21ef36cea
docs_enabled,cmccomb@trussme__0c7316cf__matplotlib__plotly,13,True,fail,post_migration_regressions,pair_capped_mini_20cycle/runs/api_docs_editpair_gpt54mini_fixed_test_policy_20repairs_rerun_001/workspaces/cmccomb@trussme__0c7316cf__matplotlib__plotly/artifacts/cycles/cycle_013/test_results/post_migration_assessment.json,9f5f911316db794c46794d29e26e33c533d62f29b7c79c35cc864fa21ef36cea
docs_enabled,cmccomb@trussme__0c7316cf__matplotlib__plotly,14,True,fail,post_migration_regressions,pair_capped_mini_20cycle/runs/api_docs_editpair_gpt54mini_fixed_test_policy_20repairs_rerun_001/workspaces/cmccomb@trussme__0c7316cf__matplotlib__plotly/artifacts/cycles/cycle_014/test_results/post_migration_assessment.json,9f5f911316db794c46794d29e26e33c533d62f29b7c79c35cc864fa21ef36cea
docs_enabled,cmccomb@trussme__0c7316cf__matplotlib__plotly,15,True,fail,post_migration_regressions,pair_capped_mini_20cycle/runs/api_docs_editpair_gpt54mini_fixed_test_policy_20repairs_rerun_001/workspaces/cmccomb@trussme__0c7316cf__matplotlib__plotly/artifacts/cycles/cycle_015/test_results/post_migration_assessment.json,9f5f911316db794c46794d29e26e33c533d62f29b7c79c35cc864fa21ef36cea
docs_enabled,cmccomb@trussme__0c7316cf__matplotlib__plotly,16,True,fail,post_migration_regressions,pair_capped_mini_20cycle/runs/api_docs_editpair_gpt54mini_fixed_test_policy_20repairs_rerun_001/workspaces/cmccomb@trussme__0c7316cf__matplotlib__plotly/artifacts/cycles/cycle_016/test_results/post_migration_assessment.json,9f5f911316db794c46794d29e26e33c533d62f29b7c79c35cc864fa21ef36cea
docs_enabled,cmccomb@trussme__0c7316cf__matplotlib__plotly,17,True,fail,post_migration_regressions,pair_capped_mini_20cycle/runs/api_docs_editpair_gpt54mini_fixed_test_policy_20repairs_rerun_001/workspaces/cmccomb@trussme__0c7316cf__matplotlib__plotly/artifacts/cycles/cycle_017/test_results/post_migration_assessment.json,9f5f911316db794c46794d29e26e33c533d62f29b7c79c35cc864fa21ef36cea
docs_enabled,cmccomb@trussme__0c7316cf__matplotlib__plotly,18,True,fail,post_migration_regressions,pair_capped_mini_20cycle/runs/api_docs_editpair_gpt54mini_fixed_test_policy_20repairs_rerun_001/workspaces/cmccomb@trussme__0c7316cf__matplotlib__plotly/artifacts/cycles/cycle_018/test_results/post_migration_assessment.json,9f5f911316db794c46794d29e26e33c533d62f29b7c79c35cc864fa21ef36cea
docs_enabled,cmccomb@trussme__0c7316cf__matplotlib__plotly,19,True,fail,post_migration_regressions,pair_capped_mini_20cycle/runs/api_docs_editpair_gpt54mini_fixed_test_policy_20repairs_rerun_001/workspaces/cmccomb@trussme__0c7316cf__matplotlib__plotly/artifacts/cycles/cycle_019/test_results/post_migration_assessment.json,9f5f911316db794c46794d29e26e33c533d62f29b7c79c35cc864fa21ef36cea
docs_enabled,cmccomb@trussme__0c7316cf__matplotlib__plotly,20,True,fail,post_migration_regressions,pair_capped_mini_20cycle/runs/api_docs_editpair_gpt54mini_fixed_test_policy_20repairs_rerun_001/workspaces/cmccomb@trussme__0c7316cf__matplotlib__plotly/artifacts/cycles/cycle_020/test_results/post_migration_assessment.json,9f5f911316db794c46794d29e26e33c533d62f29b7c79c35cc864fa21ef36cea
docs_enabled,cmccomb@trussme__0c7316cf__matplotlib__plotly,21,True,pass,ok,pair_capped_mini_20cycle/runs/api_docs_editpair_gpt54mini_fixed_test_policy_20repairs_rerun_001/workspaces/cmccomb@trussme__0c7316cf__matplotlib__plotly/artifacts/cycles/cycle_021/test_results/post_migration_assessment.json,6403c6cff4098be8d40049e98d8c4ab9781e6946bfd2b6fed298d9c9dc7e9cc7
docs_enabled,cordada@lib-cl-sii-python__d750fe31__jsonschema__cerberus,1,True,pass,ok,pair_capped_mini_20cycle/runs/api_docs_editpair_gpt54mini_fixed_test_policy_20repairs_rerun_001/workspaces/cordada@lib-cl-sii-python__d750fe31__jsonschema__cerberus/artifacts/cycles/cycle_001/test_results/post_migration_assessment.json,256be9b58b9ae0ca9a3ddbcfb3f160f9d25605b870565f71db9b4090aae771b7
docs_enabled,cskorpion@vmprof-firefox-converter__e1f6bb79__flask__bottle,1,True,pass,ok,pair_capped_mini_20cycle/runs/api_docs_editpair_gpt54mini_fixed_test_policy_20repairs_rerun_001/workspaces/cskorpion@vmprof-firefox-converter__e1f6bb79__flask__bottle/artifacts/cycles/cycle_001/test_results/post_migration_assessment.json,c7e5480d1aba06085da4ef721a3c0b768efad0c02fab280a3eb95135e47f4133
docs_enabled,cskorpion@vmprof-firefox-converter__e1f6bb79__flask__cherrypy,1,True,fail,after_validation_anomaly,pair_capped_mini_20cycle/runs/api_docs_editpair_gpt54mini_fixed_test_policy_20repairs_rerun_001/workspaces/cskorpion@vmprof-firefox-converter__e1f6bb79__flask__cherrypy/artifacts/cycles/cycle_001/test_results/post_migration_assessment.json,79b0d87f9f1225a93c6146856ae1b737158253098d6213fd7029a57550c82a73
docs_enabled,cskorpion@vmprof-firefox-converter__e1f6bb79__flask__cherrypy,2,True,pass,ok,pair_capped_mini_20cycle/runs/api_docs_editpair_gpt54mini_fixed_test_policy_20repairs_rerun_001/workspaces/cskorpion@vmprof-firefox-converter__e1f6bb79__flask__cherrypy/artifacts/cycles/cycle_002/test_results/post_migration_assessment.json,180c5a15a77662170f0b1c776fa9eb771def6236a96eb5abfc7611070f5a5622
docs_enabled,cskorpion@vmprof-firefox-converter__e1f6bb79__flask__fastapi,1,True,pass,ok,pair_capped_mini_20cycle/runs/api_docs_editpair_gpt54mini_fixed_test_policy_20repairs_rerun_001/workspaces/cskorpion@vmprof-firefox-converter__e1f6bb79__flask__fastapi/artifacts/cycles/cycle_001/test_results/post_migration_assessment.json,33a1ed0d26d1dd0171fd5dec5876a539ebbee69023632b5a6356071b6839b955
docs_enabled,cskorpion@vmprof-firefox-converter__e1f6bb79__flask__sanic,1,True,fail,after_validation_anomaly,pair_capped_mini_20cycle/runs/api_docs_editpair_gpt54mini_fixed_test_policy_20repairs_rerun_001/workspaces/cskorpion@vmprof-firefox-converter__e1f6bb79__flask__sanic/artifacts/cycles/cycle_001/test_results/post_migration_assessment.json,35389d15ee949442905abc992496ed6915680851d8ea0e4da71dc87ce08064eb
docs_enabled,cskorpion@vmprof-firefox-converter__e1f6bb79__flask__sanic,2,True,fail,after_validation_anomaly,pair_capped_mini_20cycle/runs/api_docs_editpair_gpt54mini_fixed_test_policy_20repairs_rerun_001/workspaces/cskorpion@vmprof-firefox-converter__e1f6bb79__flask__sanic/artifacts/cycles/cycle_002/test_results/post_migration_assessment.json,35389d15ee949442905abc992496ed6915680851d8ea0e4da71dc87ce08064eb
docs_enabled,cskorpion@vmprof-firefox-converter__e1f6bb79__flask__sanic,3,True,fail,after_validation_anomaly,pair_capped_mini_20cycle/runs/api_docs_editpair_gpt54mini_fixed_test_policy_20repairs_rerun_001/workspaces/cskorpion@vmprof-firefox-converter__e1f6bb79__flask__sanic/artifacts/cycles/cycle_003/test_results/post_migration_assessment.json,35389d15ee949442905abc992496ed6915680851d8ea0e4da71dc87ce08064eb
docs_enabled,cskorpion@vmprof-firefox-converter__e1f6bb79__flask__sanic,4,True,fail,after_validation_anomaly,pair_capped_mini_20cycle/runs/api_docs_editpair_gpt54mini_fixed_test_policy_20repairs_rerun_001/workspaces/cskorpion@vmprof-firefox-converter__e1f6bb79__flask__sanic/artifacts/cycles/cycle_004/test_results/post_migration_assessment.json,35389d15ee949442905abc992496ed6915680851d8ea0e4da71dc87ce08064eb
docs_enabled,cskorpion@vmprof-firefox-converter__e1f6bb79__flask__sanic,5,True,pass,ok,pair_capped_mini_20cycle/runs/api_docs_editpair_gpt54mini_fixed_test_policy_20repairs_rerun_001/workspaces/cskorpion@vmprof-firefox-converter__e1f6bb79__flask__sanic/artifacts/cycles/cycle_005/test_results/post_migration_assessment.json,635594d4c2f6372269b5e59e44cb8efc69542f4c22afdbdde2310b0ac22ee51c
docs_enabled,cskorpion@vmprof-firefox-converter__e1f6bb79__flask__tornado,1,True,pass,ok,pair_capped_mini_20cycle/runs/api_docs_editpair_gpt54mini_fixed_test_policy_20repairs_rerun_001/workspaces/cskorpion@vmprof-firefox-converter__e1f6bb79__flask__tornado/artifacts/cycles/cycle_001/test_results/post_migration_assessment.json,2e10995b3ddeb395ae340f3dc7bd513785b86e5a1056c1fa3048c51f8c6f43f9
docs_enabled,d-rickyy-b@pastepwn__cde6e968__requests__httpx,1,True,fail,post_migration_regressions,pair_capped_mini_20cycle/runs/api_docs_editpair_gpt54mini_fixed_test_policy_20repairs_rerun_001/workspaces/d-rickyy-b@pastepwn__cde6e968__requests__httpx/artifacts/cycles/cycle_001/test_results/post_migration_assessment.json,03b7d98b908d67f482e5dd5c35fc516cca048464f6a7e6b7bb4ffae1eb9bf477
docs_enabled,d-rickyy-b@pastepwn__cde6e968__requests__httpx,2,True,pass,ok,pair_capped_mini_20cycle/runs/api_docs_editpair_gpt54mini_fixed_test_policy_20repairs_rerun_001/workspaces/d-rickyy-b@pastepwn__cde6e968__requests__httpx/artifacts/cycles/cycle_002/test_results/post_migration_assessment.json,cbe626a12551aeddf69cfd79442423b31c00dfa2cbae695f5edb5715a082e687
docs_enabled,dave-howard@vsdx__ca31a2c9__jinja2__mako,1,True,fail,post_migration_regressions,pair_capped_mini_20cycle/runs/api_docs_editpair_gpt54mini_fixed_test_policy_20repairs_rerun_001/workspaces/dave-howard@vsdx__ca31a2c9__jinja2__mako/artifacts/cycles/cycle_001/test_results/post_migration_assessment.json,24d9733964fca89e201144b6d17606945d16d6c67c8db60b14507be8f685936f
docs_enabled,dave-howard@vsdx__ca31a2c9__jinja2__mako,2,True,pass,ok,pair_capped_mini_20cycle/runs/api_docs_editpair_gpt54mini_fixed_test_policy_20repairs_rerun_001/workspaces/dave-howard@vsdx__ca31a2c9__jinja2__mako/artifacts/cycles/cycle_002/test_results/post_migration_assessment.json,e328d499a83082065e12792c442937721ad0d31fd2b750f2f71c99df281f6ca2
docs_enabled,david96182@ninjemail__2a52a8cc__toml__tomlkit,1,True,pass,ok,pair_capped_mini_20cycle/runs/api_docs_editpair_gpt54mini_fixed_test_policy_20repairs_rerun_001/workspaces/david96182@ninjemail__2a52a8cc__toml__tomlkit/artifacts/cycles/cycle_001/test_results/post_migration_assessment.json,41d1d8d5acdb081fdb81b48709134ddc3c6b514036a18faea892f650d4b31567
docs_enabled,dell@python-powerflex__d590af9d__requests__urllib3,1,True,pass,ok,pair_capped_mini_20cycle/runs/api_docs_editpair_gpt54mini_fixed_test_policy_20repairs_rerun_001/workspaces/dell@python-powerflex__d590af9d__requests__urllib3/artifacts/cycles/cycle_001/test_results/post_migration_assessment.json,8eb41de861191f306feb4e93f75de6d97cd688a0ffdb4ca88cd03fc3ec17d031
docs_enabled,dknowles2@pyschlage__5c48dcd0__requests__pycurl,1,True,fail,post_migration_regressions,pair_capped_mini_20cycle/runs/api_docs_editpair_gpt54mini_fixed_test_policy_20repairs_rerun_001/workspaces/dknowles2@pyschlage__5c48dcd0__requests__pycurl/artifacts/cycles/cycle_001/test_results/post_migration_assessment.json,db9db6d063a0748dccfb90e7bdd90ebbbd7598269129e66cf10dd61de71c5e69
docs_enabled,dknowles2@pyschlage__5c48dcd0__requests__pycurl,2,True,pass,ok,pair_capped_mini_20cycle/runs/api_docs_editpair_gpt54mini_fixed_test_policy_20repairs_rerun_001/workspaces/dknowles2@pyschlage__5c48dcd0__requests__pycurl/artifacts/cycles/cycle_002/test_results/post_migration_assessment.json,db8491ff697e120839fec097f5b23de2bfceda38bd71e6b998f6cba1cfc877e8
docs_enabled,dmtf@redfish-protocol-validator__e2f28669__colorama__rich,1,True,fail,post_migration_regressions,pair_capped_mini_20cycle/runs/api_docs_editpair_gpt54mini_fixed_test_policy_20repairs_rerun_001/workspaces/dmtf@redfish-protocol-validator__e2f28669__colorama__rich/artifacts/cycles/cycle_001/test_results/post_migration_assessment.json,617f663592f756b9af01a434d35c32f627bdd6bbd684f0f55a0cafbcab1ee2e2
docs_enabled,dmtf@redfish-protocol-validator__e2f28669__colorama__rich,2,True,fail,post_migration_regressions,pair_capped_mini_20cycle/runs/api_docs_editpair_gpt54mini_fixed_test_policy_20repairs_rerun_001/workspaces/dmtf@redfish-protocol-validator__e2f28669__colorama__rich/artifacts/cycles/cycle_002/test_results/post_migration_assessment.json,617f663592f756b9af01a434d35c32f627bdd6bbd684f0f55a0cafbcab1ee2e2
docs_enabled,dmtf@redfish-protocol-validator__e2f28669__colorama__rich,3,True,fail,post_migration_regressions,pair_capped_mini_20cycle/runs/api_docs_editpair_gpt54mini_fixed_test_policy_20repairs_rerun_001/workspaces/dmtf@redfish-protocol-validator__e2f28669__colorama__rich/artifacts/cycles/cycle_003/test_results/post_migration_assessment.json,617f663592f756b9af01a434d35c32f627bdd6bbd684f0f55a0cafbcab1ee2e2
docs_enabled,dmtf@redfish-protocol-validator__e2f28669__colorama__rich,4,True,pass,ok,pair_capped_mini_20cycle/runs/api_docs_editpair_gpt54mini_fixed_test_policy_20repairs_rerun_001/workspaces/dmtf@redfish-protocol-validator__e2f28669__colorama__rich/artifacts/cycles/cycle_004/test_results/post_migration_assessment.json,f53750435e242b95907c27b01268be26a8de5a1a3773580f68229168c52a3323
docs_enabled,duo-labs@py_webauthn__42537f58__cryptography__pycryptodome,1,True,fail,post_migration_regressions,pair_capped_mini_20cycle/runs/api_docs_editpair_gpt54mini_fixed_test_policy_20repairs_rerun_001/workspaces/duo-labs@py_webauthn__42537f58__cryptography__pycryptodome/artifacts/cycles/cycle_001/test_results/post_migration_assessment.json,eee829073992f03100e506833eeff55c22d6cd33b749f67125c3e83415acebe9
docs_enabled,duo-labs@py_webauthn__42537f58__cryptography__pycryptodome,2,True,fail,post_migration_regressions,pair_capped_mini_20cycle/runs/api_docs_editpair_gpt54mini_fixed_test_policy_20repairs_rerun_001/workspaces/duo-labs@py_webauthn__42537f58__cryptography__pycryptodome/artifacts/cycles/cycle_002/test_results/post_migration_assessment.json,3d035380d213eec3eadab5a2d138ad585b54ea3a1cf08c6d478372a485ac4bec
docs_enabled,duo-labs@py_webauthn__42537f58__cryptography__pycryptodome,3,True,fail,post_migration_regressions,pair_capped_mini_20cycle/runs/api_docs_editpair_gpt54mini_fixed_test_policy_20repairs_rerun_001/workspaces/duo-labs@py_webauthn__42537f58__cryptography__pycryptodome/artifacts/cycles/cycle_003/test_results/post_migration_assessment.json,3d035380d213eec3eadab5a2d138ad585b54ea3a1cf08c6d478372a485ac4bec
docs_enabled,duo-labs@py_webauthn__42537f58__cryptography__pycryptodome,4,True,fail,post_migration_regressions,pair_capped_mini_20cycle/runs/api_docs_editpair_gpt54mini_fixed_test_policy_20repairs_rerun_001/workspaces/duo-labs@py_webauthn__42537f58__cryptography__pycryptodome/artifacts/cycles/cycle_004/test_results/post_migration_assessment.json,3d035380d213eec3eadab5a2d138ad585b54ea3a1cf08c6d478372a485ac4bec
docs_enabled,duo-labs@py_webauthn__42537f58__cryptography__pycryptodome,5,True,fail,post_migration_regressions,pair_capped_mini_20cycle/runs/api_docs_editpair_gpt54mini_fixed_test_policy_20repairs_rerun_001/workspaces/duo-labs@py_webauthn__42537f58__cryptography__pycryptodome/artifacts/cycles/cycle_005/test_results/post_migration_assessment.json,3d035380d213eec3eadab5a2d138ad585b54ea3a1cf08c6d478372a485ac4bec
docs_enabled,duo-labs@py_webauthn__42537f58__cryptography__pycryptodome,6,True,fail,post_migration_regressions,pair_capped_mini_20cycle/runs/api_docs_editpair_gpt54mini_fixed_test_policy_20repairs_rerun_001/workspaces/duo-labs@py_webauthn__42537f58__cryptography__pycryptodome/artifacts/cycles/cycle_006/test_results/post_migration_assessment.json,3d035380d213eec3eadab5a2d138ad585b54ea3a1cf08c6d478372a485ac4bec
docs_enabled,duo-labs@py_webauthn__42537f58__cryptography__pycryptodome,7,True,fail,post_migration_regressions,pair_capped_mini_20cycle/runs/api_docs_editpair_gpt54mini_fixed_test_policy_20repairs_rerun_001/workspaces/duo-labs@py_webauthn__42537f58__cryptography__pycryptodome/artifacts/cycles/cycle_007/test_results/post_migration_assessment.json,3d035380d213eec3eadab5a2d138ad585b54ea3a1cf08c6d478372a485ac4bec
docs_enabled,duo-labs@py_webauthn__42537f58__cryptography__pycryptodome,8,True,fail,post_migration_regressions,pair_capped_mini_20cycle/runs/api_docs_editpair_gpt54mini_fixed_test_policy_20repairs_rerun_001/workspaces/duo-labs@py_webauthn__42537f58__cryptography__pycryptodome/artifacts/cycles/cycle_008/test_results/post_migration_assessment.json,3d035380d213eec3eadab5a2d138ad585b54ea3a1cf08c6d478372a485ac4bec
docs_enabled,duo-labs@py_webauthn__42537f58__cryptography__pycryptodome,9,True,fail,post_migration_regressions,pair_capped_mini_20cycle/runs/api_docs_editpair_gpt54mini_fixed_test_policy_20repairs_rerun_001/workspaces/duo-labs@py_webauthn__42537f58__cryptography__pycryptodome/artifacts/cycles/cycle_009/test_results/post_migration_assessment.json,3d035380d213eec3eadab5a2d138ad585b54ea3a1cf08c6d478372a485ac4bec
docs_enabled,duo-labs@py_webauthn__42537f58__cryptography__pycryptodome,10,True,fail,post_migration_regressions,pair_capped_mini_20cycle/runs/api_docs_editpair_gpt54mini_fixed_test_policy_20repairs_rerun_001/workspaces/duo-labs@py_webauthn__42537f58__cryptography__pycryptodome/artifacts/cycles/cycle_010/test_results/post_migration_assessment.json,5d8b3234930f34ba6156a58655e013e29816d72890a8a215d4708a434a58b825
docs_enabled,duo-labs@py_webauthn__42537f58__cryptography__pycryptodome,11,True,fail,post_migration_regressions,pair_capped_mini_20cycle/runs/api_docs_editpair_gpt54mini_fixed_test_policy_20repairs_rerun_001/workspaces/duo-labs@py_webauthn__42537f58__cryptography__pycryptodome/artifacts/cycles/cycle_011/test_results/post_migration_assessment.json,5d8b3234930f34ba6156a58655e013e29816d72890a8a215d4708a434a58b825
docs_enabled,duo-labs@py_webauthn__42537f58__cryptography__pycryptodome,12,True,fail,post_migration_regressions,pair_capped_mini_20cycle/runs/api_docs_editpair_gpt54mini_fixed_test_policy_20repairs_rerun_001/workspaces/duo-labs@py_webauthn__42537f58__cryptography__pycryptodome/artifacts/cycles/cycle_012/test_results/post_migration_assessment.json,5d8b3234930f34ba6156a58655e013e29816d72890a8a215d4708a434a58b825
docs_enabled,duo-labs@py_webauthn__42537f58__cryptography__pycryptodome,13,True,fail,post_migration_regressions,pair_capped_mini_20cycle/runs/api_docs_editpair_gpt54mini_fixed_test_policy_20repairs_rerun_001/workspaces/duo-labs@py_webauthn__42537f58__cryptography__pycryptodome/artifacts/cycles/cycle_013/test_results/post_migration_assessment.json,5d8b3234930f34ba6156a58655e013e29816d72890a8a215d4708a434a58b825
docs_enabled,duo-labs@py_webauthn__42537f58__cryptography__pycryptodome,14,True,fail,post_migration_regressions,pair_capped_mini_20cycle/runs/api_docs_editpair_gpt54mini_fixed_test_policy_20repairs_rerun_001/workspaces/duo-labs@py_webauthn__42537f58__cryptography__pycryptodome/artifacts/cycles/cycle_014/test_results/post_migration_assessment.json,2896fa635c4b3f37e3c114067335320bae3245ea5f787dfd64d696ee0aae3160
docs_enabled,duo-labs@py_webauthn__42537f58__cryptography__pycryptodome,15,True,fail,post_migration_regressions,pair_capped_mini_20cycle/runs/api_docs_editpair_gpt54mini_fixed_test_policy_20repairs_rerun_001/workspaces/duo-labs@py_webauthn__42537f58__cryptography__pycryptodome/artifacts/cycles/cycle_015/test_results/post_migration_assessment.json,2896fa635c4b3f37e3c114067335320bae3245ea5f787dfd64d696ee0aae3160
docs_enabled,duo-labs@py_webauthn__42537f58__cryptography__pycryptodome,16,True,fail,post_migration_regressions,pair_capped_mini_20cycle/runs/api_docs_editpair_gpt54mini_fixed_test_policy_20repairs_rerun_001/workspaces/duo-labs@py_webauthn__42537f58__cryptography__pycryptodome/artifacts/cycles/cycle_016/test_results/post_migration_assessment.json,2896fa635c4b3f37e3c114067335320bae3245ea5f787dfd64d696ee0aae3160
docs_enabled,duo-labs@py_webauthn__42537f58__cryptography__pycryptodome,17,True,fail,post_migration_regressions,pair_capped_mini_20cycle/runs/api_docs_editpair_gpt54mini_fixed_test_policy_20repairs_rerun_001/workspaces/duo-labs@py_webauthn__42537f58__cryptography__pycryptodome/artifacts/cycles/cycle_017/test_results/post_migration_assessment.json,2896fa635c4b3f37e3c114067335320bae3245ea5f787dfd64d696ee0aae3160
docs_enabled,duo-labs@py_webauthn__42537f58__cryptography__pycryptodome,18,True,fail,post_migration_regressions,pair_capped_mini_20cycle/runs/api_docs_editpair_gpt54mini_fixed_test_policy_20repairs_rerun_001/workspaces/duo-labs@py_webauthn__42537f58__cryptography__pycryptodome/artifacts/cycles/cycle_018/test_results/post_migration_assessment.json,2896fa635c4b3f37e3c114067335320bae3245ea5f787dfd64d696ee0aae3160
docs_enabled,duo-labs@py_webauthn__42537f58__cryptography__pycryptodome,19,True,fail,post_migration_regressions,pair_capped_mini_20cycle/runs/api_docs_editpair_gpt54mini_fixed_test_policy_20repairs_rerun_001/workspaces/duo-labs@py_webauthn__42537f58__cryptography__pycryptodome/artifacts/cycles/cycle_019/test_results/post_migration_assessment.json,2896fa635c4b3f37e3c114067335320bae3245ea5f787dfd64d696ee0aae3160
docs_enabled,duo-labs@py_webauthn__42537f58__cryptography__pycryptodome,20,True,fail,post_migration_regressions,pair_capped_mini_20cycle/runs/api_docs_editpair_gpt54mini_fixed_test_policy_20repairs_rerun_001/workspaces/duo-labs@py_webauthn__42537f58__cryptography__pycryptodome/artifacts/cycles/cycle_020/test_results/post_migration_assessment.json,2896fa635c4b3f37e3c114067335320bae3245ea5f787dfd64d696ee0aae3160
docs_enabled,duo-labs@py_webauthn__42537f58__cryptography__pycryptodome,21,True,fail,post_migration_regressions,pair_capped_mini_20cycle/runs/api_docs_editpair_gpt54mini_fixed_test_policy_20repairs_rerun_001/workspaces/duo-labs@py_webauthn__42537f58__cryptography__pycryptodome/artifacts/cycles/cycle_021/test_results/post_migration_assessment.json,2896fa635c4b3f37e3c114067335320bae3245ea5f787dfd64d696ee0aae3160
docs_enabled,dwave-examples@3d-bin-packing__abb0ebd3__tabulate__rich,1,True,fail,post_migration_regressions,pair_capped_mini_20cycle/runs/api_docs_editpair_gpt54mini_fixed_test_policy_20repairs_rerun_001/workspaces/dwave-examples@3d-bin-packing__abb0ebd3__tabulate__rich/artifacts/cycles/cycle_001/test_results/post_migration_assessment.json,379a46b3b290449e7041c9c0ca2c5598186f0d00b218e15ea405308a528d384d
docs_enabled,dwave-examples@3d-bin-packing__abb0ebd3__tabulate__rich,2,True,fail,post_migration_regressions,pair_capped_mini_20cycle/runs/api_docs_editpair_gpt54mini_fixed_test_policy_20repairs_rerun_001/workspaces/dwave-examples@3d-bin-packing__abb0ebd3__tabulate__rich/artifacts/cycles/cycle_002/test_results/post_migration_assessment.json,379a46b3b290449e7041c9c0ca2c5598186f0d00b218e15ea405308a528d384d
docs_enabled,dwave-examples@3d-bin-packing__abb0ebd3__tabulate__rich,3,True,fail,post_migration_regressions,pair_capped_mini_20cycle/runs/api_docs_editpair_gpt54mini_fixed_test_policy_20repairs_rerun_001/workspaces/dwave-examples@3d-bin-packing__abb0ebd3__tabulate__rich/artifacts/cycles/cycle_003/test_results/post_migration_assessment.json,379a46b3b290449e7041c9c0ca2c5598186f0d00b218e15ea405308a528d384d
docs_enabled,dwave-examples@3d-bin-packing__abb0ebd3__tabulate__rich,4,True,fail,post_migration_regressions,pair_capped_mini_20cycle/runs/api_docs_editpair_gpt54mini_fixed_test_policy_20repairs_rerun_001/workspaces/dwave-examples@3d-bin-packing__abb0ebd3__tabulate__rich/artifacts/cycles/cycle_004/test_results/post_migration_assessment.json,78f50fee95563f1a95466205dc4287594d4309f756c4eb84867ad0e44ad7e8de
docs_enabled,dwave-examples@3d-bin-packing__abb0ebd3__tabulate__rich,5,True,fail,post_migration_regressions,pair_capped_mini_20cycle/runs/api_docs_editpair_gpt54mini_fixed_test_policy_20repairs_rerun_001/workspaces/dwave-examples@3d-bin-packing__abb0ebd3__tabulate__rich/artifacts/cycles/cycle_005/test_results/post_migration_assessment.json,78f50fee95563f1a95466205dc4287594d4309f756c4eb84867ad0e44ad7e8de
docs_enabled,dwave-examples@3d-bin-packing__abb0ebd3__tabulate__rich,6,True,pass,ok,pair_capped_mini_20cycle/runs/api_docs_editpair_gpt54mini_fixed_test_policy_20repairs_rerun_001/workspaces/dwave-examples@3d-bin-packing__abb0ebd3__tabulate__rich/artifacts/cycles/cycle_006/test_results/post_migration_assessment.json,606a794558a36313d01528bad93fd22801fd56811cb4a63c2b4ff81caad17f44
docs_enabled,electronic-mango@simple-justwatch-python-api__5524c491__httpx__aiohttp,1,True,fail,post_migration_regressions,pair_capped_mini_20cycle/runs/api_docs_editpair_gpt54mini_fixed_test_policy_20repairs_rerun_001/workspaces/electronic-mango@simple-justwatch-python-api__5524c491__httpx__aiohttp/artifacts/cycles/cycle_001/test_results/post_migration_assessment.json,733652a14cc50249dddff8c7514340c253cfdf3e12ecaeb547c6d4a778ca8ae8
docs_enabled,electronic-mango@simple-justwatch-python-api__5524c491__httpx__aiohttp,2,True,fail,post_migration_regressions,pair_capped_mini_20cycle/runs/api_docs_editpair_gpt54mini_fixed_test_policy_20repairs_rerun_001/workspaces/electronic-mango@simple-justwatch-python-api__5524c491__httpx__aiohttp/artifacts/cycles/cycle_002/test_results/post_migration_assessment.json,733652a14cc50249dddff8c7514340c253cfdf3e12ecaeb547c6d4a778ca8ae8
docs_enabled,electronic-mango@simple-justwatch-python-api__5524c491__httpx__aiohttp,3,True,pass,ok,pair_capped_mini_20cycle/runs/api_docs_editpair_gpt54mini_fixed_test_policy_20repairs_rerun_001/workspaces/electronic-mango@simple-justwatch-python-api__5524c491__httpx__aiohttp/artifacts/cycles/cycle_003/test_results/post_migration_assessment.json,e2ad5e4611dbf6a007b807d9150b735a87379fd89fa7711404320798ea11b902
docs_enabled,electronic-mango@simple-justwatch-python-api__5524c491__httpx__requests,1,True,fail,post_migration_regressions,pair_capped_mini_20cycle/runs/api_docs_editpair_gpt54mini_fixed_test_policy_20repairs_rerun_001/workspaces/electronic-mango@simple-justwatch-python-api__5524c491__httpx__requests/artifacts/cycles/cycle_001/test_results/post_migration_assessment.json,2fe2659d1d43e518c919523412576eecea75dc25c2e0b3dc034e1fd131b8f3cc
docs_enabled,electronic-mango@simple-justwatch-python-api__5524c491__httpx__requests,2,True,pass,ok,pair_capped_mini_20cycle/runs/api_docs_editpair_gpt54mini_fixed_test_policy_20repairs_rerun_001/workspaces/electronic-mango@simple-justwatch-python-api__5524c491__httpx__requests/artifacts/cycles/cycle_002/test_results/post_migration_assessment.json,b7d19e532473664c514e8d66f5665f0ab12380663ee89345f95f4a8304e17cb0
docs_enabled,evanp@ap__90969daf__tabulate__prettytable,1,True,pass,ok,pair_capped_mini_20cycle/runs/api_docs_editpair_gpt54mini_fixed_test_policy_20repairs_rerun_001/workspaces/evanp@ap__90969daf__tabulate__prettytable/artifacts/cycles/cycle_001/test_results/post_migration_assessment.json,c077e19648e04b01660fefe3cdb0fda4e8ec91b35eabdbce67098af3850554bd
docs_enabled,eyeseast@python-frontmatter__025a94c2__toml__tomlkit,1,True,pass,ok,pair_capped_mini_20cycle/runs/api_docs_editpair_gpt54mini_fixed_test_policy_20repairs_rerun_001/workspaces/eyeseast@python-frontmatter__025a94c2__toml__tomlkit/artifacts/cycles/cycle_001/test_results/post_migration_assessment.json,f8ef861ae1112c84fc72e4e1d7ce8213c393e0ac401ced5e9f8758c96c889882
docs_enabled,fidelity@selective__7e07abc8__seaborn__altair,1,False,,,,
docs_enabled,fidelity@selective__7e07abc8__seaborn__plotly,1,False,,,,
docs_enabled,ful1e5@clickgen__ce70d07a__toml__tomli,1,True,pass,ok,pair_capped_mini_20cycle/runs/api_docs_editpair_gpt54mini_fixed_test_policy_20repairs_rerun_001/workspaces/ful1e5@clickgen__ce70d07a__toml__tomli/artifacts/cycles/cycle_001/test_results/post_migration_assessment.json,f9b1bb6f617612d1919720f70611ece8f2b3762103a0c4ca759ffceb99591845
docs_enabled,getpatchwork@git-pw__02c38bef__tabulate__prettytable,1,True,fail,post_migration_regressions,pair_capped_mini_20cycle/runs/api_docs_editpair_gpt54mini_fixed_test_policy_20repairs_rerun_001/workspaces/getpatchwork@git-pw__02c38bef__tabulate__prettytable/artifacts/cycles/cycle_001/test_results/post_migration_assessment.json,200aca84beb0d3e6e70bcdb3c1ad330eee44f758f0c94ea7ae4847cf68f020bc
docs_enabled,getpatchwork@git-pw__02c38bef__tabulate__prettytable,2,True,fail,post_migration_regressions,pair_capped_mini_20cycle/runs/api_docs_editpair_gpt54mini_fixed_test_policy_20repairs_rerun_001/workspaces/getpatchwork@git-pw__02c38bef__tabulate__prettytable/artifacts/cycles/cycle_002/test_results/post_migration_assessment.json,17462d4b5d3c1bcb4c3df182c9cb26082298d50b78277db14e9b3991de744a8b
docs_enabled,getpatchwork@git-pw__02c38bef__tabulate__prettytable,3,True,pass,ok,pair_capped_mini_20cycle/runs/api_docs_editpair_gpt54mini_fixed_test_policy_20repairs_rerun_001/workspaces/getpatchwork@git-pw__02c38bef__tabulate__prettytable/artifacts/cycles/cycle_003/test_results/post_migration_assessment.json,ea1d4ddf43864d6534690cd2090ad7710a97c6858be0c8535dbc8e56c6000134
docs_enabled,getpatchwork@git-pw__02c38bef__tabulate__rich,1,True,fail,post_migration_regressions,pair_capped_mini_20cycle/runs/api_docs_editpair_gpt54mini_fixed_test_policy_20repairs_rerun_001/workspaces/getpatchwork@git-pw__02c38bef__tabulate__rich/artifacts/cycles/cycle_001/test_results/post_migration_assessment.json,42dbd6c7303c1820b1962dba0650df6e639ae9b32f12487697efa1695482b4e5
docs_enabled,getpatchwork@git-pw__02c38bef__tabulate__rich,2,True,pass,ok,pair_capped_mini_20cycle/runs/api_docs_editpair_gpt54mini_fixed_test_policy_20repairs_rerun_001/workspaces/getpatchwork@git-pw__02c38bef__tabulate__rich/artifacts/cycles/cycle_002/test_results/post_migration_assessment.json,e7aab0d1abfeaa686756ab83046d9717ea73cadd766482250836f7e5edfe9e42
docs_enabled,git-shogg@finsec__e64e34a9__beautifulsoup4__pyquery,1,True,fail,post_migration_regressions,pair_capped_mini_20cycle/runs/api_docs_editpair_gpt54mini_fixed_test_policy_20repairs_rerun_001/workspaces/git-shogg@finsec__e64e34a9__beautifulsoup4__pyquery/artifacts/cycles/cycle_001/test_results/post_migration_assessment.json,7922cd70c1213cfc65bf8f0aa91c29372453f9102ff48cf90e843a0d66c1c629
docs_enabled,git-shogg@finsec__e64e34a9__beautifulsoup4__pyquery,2,True,fail,post_migration_regressions,pair_capped_mini_20cycle/runs/api_docs_editpair_gpt54mini_fixed_test_policy_20repairs_rerun_001/workspaces/git-shogg@finsec__e64e34a9__beautifulsoup4__pyquery/artifacts/cycles/cycle_002/test_results/post_migration_assessment.json,7922cd70c1213cfc65bf8f0aa91c29372453f9102ff48cf90e843a0d66c1c629
docs_enabled,git-shogg@finsec__e64e34a9__beautifulsoup4__pyquery,3,True,fail,post_migration_regressions,pair_capped_mini_20cycle/runs/api_docs_editpair_gpt54mini_fixed_test_policy_20repairs_rerun_001/workspaces/git-shogg@finsec__e64e34a9__beautifulsoup4__pyquery/artifacts/cycles/cycle_003/test_results/post_migration_assessment.json,7922cd70c1213cfc65bf8f0aa91c29372453f9102ff48cf90e843a0d66c1c629
docs_enabled,git-shogg@finsec__e64e34a9__beautifulsoup4__pyquery,4,True,fail,post_migration_regressions,pair_capped_mini_20cycle/runs/api_docs_editpair_gpt54mini_fixed_test_policy_20repairs_rerun_001/workspaces/git-shogg@finsec__e64e34a9__beautifulsoup4__pyquery/artifacts/cycles/cycle_004/test_results/post_migration_assessment.json,7922cd70c1213cfc65bf8f0aa91c29372453f9102ff48cf90e843a0d66c1c629
docs_enabled,git-shogg@finsec__e64e34a9__beautifulsoup4__pyquery,5,True,fail,post_migration_regressions,pair_capped_mini_20cycle/runs/api_docs_editpair_gpt54mini_fixed_test_policy_20repairs_rerun_001/workspaces/git-shogg@finsec__e64e34a9__beautifulsoup4__pyquery/artifacts/cycles/cycle_005/test_results/post_migration_assessment.json,7922cd70c1213cfc65bf8f0aa91c29372453f9102ff48cf90e843a0d66c1c629
docs_enabled,git-shogg@finsec__e64e34a9__beautifulsoup4__pyquery,6,True,fail,post_migration_regressions,pair_capped_mini_20cycle/runs/api_docs_editpair_gpt54mini_fixed_test_policy_20repairs_rerun_001/workspaces/git-shogg@finsec__e64e34a9__beautifulsoup4__pyquery/artifacts/cycles/cycle_006/test_results/post_migration_assessment.json,7922cd70c1213cfc65bf8f0aa91c29372453f9102ff48cf90e843a0d66c1c629
docs_enabled,git-shogg@finsec__e64e34a9__beautifulsoup4__pyquery,7,True,fail,post_migration_regressions,pair_capped_mini_20cycle/runs/api_docs_editpair_gpt54mini_fixed_test_policy_20repairs_rerun_001/workspaces/git-shogg@finsec__e64e34a9__beautifulsoup4__pyquery/artifacts/cycles/cycle_007/test_results/post_migration_assessment.json,7922cd70c1213cfc65bf8f0aa91c29372453f9102ff48cf90e843a0d66c1c629
docs_enabled,git-shogg@finsec__e64e34a9__beautifulsoup4__pyquery,8,True,fail,post_migration_regressions,pair_capped_mini_20cycle/runs/api_docs_editpair_gpt54mini_fixed_test_policy_20repairs_rerun_001/workspaces/git-shogg@finsec__e64e34a9__beautifulsoup4__pyquery/artifacts/cycles/cycle_008/test_results/post_migration_assessment.json,7922cd70c1213cfc65bf8f0aa91c29372453f9102ff48cf90e843a0d66c1c629
docs_enabled,git-shogg@finsec__e64e34a9__beautifulsoup4__pyquery,9,True,fail,post_migration_regressions,pair_capped_mini_20cycle/runs/api_docs_editpair_gpt54mini_fixed_test_policy_20repairs_rerun_001/workspaces/git-shogg@finsec__e64e34a9__beautifulsoup4__pyquery/artifacts/cycles/cycle_009/test_results/post_migration_assessment.json,7922cd70c1213cfc65bf8f0aa91c29372453f9102ff48cf90e843a0d66c1c629
docs_enabled,git-shogg@finsec__e64e34a9__beautifulsoup4__pyquery,10,True,fail,post_migration_regressions,pair_capped_mini_20cycle/runs/api_docs_editpair_gpt54mini_fixed_test_policy_20repairs_rerun_001/workspaces/git-shogg@finsec__e64e34a9__beautifulsoup4__pyquery/artifacts/cycles/cycle_010/test_results/post_migration_assessment.json,7922cd70c1213cfc65bf8f0aa91c29372453f9102ff48cf90e843a0d66c1c629
docs_enabled,git-shogg@finsec__e64e34a9__beautifulsoup4__pyquery,11,True,fail,post_migration_regressions,pair_capped_mini_20cycle/runs/api_docs_editpair_gpt54mini_fixed_test_policy_20repairs_rerun_001/workspaces/git-shogg@finsec__e64e34a9__beautifulsoup4__pyquery/artifacts/cycles/cycle_011/test_results/post_migration_assessment.json,7922cd70c1213cfc65bf8f0aa91c29372453f9102ff48cf90e843a0d66c1c629
docs_enabled,git-shogg@finsec__e64e34a9__beautifulsoup4__pyquery,12,True,fail,post_migration_regressions,pair_capped_mini_20cycle/runs/api_docs_editpair_gpt54mini_fixed_test_policy_20repairs_rerun_001/workspaces/git-shogg@finsec__e64e34a9__beautifulsoup4__pyquery/artifacts/cycles/cycle_012/test_results/post_migration_assessment.json,7922cd70c1213cfc65bf8f0aa91c29372453f9102ff48cf90e843a0d66c1c629
docs_enabled,git-shogg@finsec__e64e34a9__beautifulsoup4__pyquery,13,True,fail,post_migration_regressions,pair_capped_mini_20cycle/runs/api_docs_editpair_gpt54mini_fixed_test_policy_20repairs_rerun_001/workspaces/git-shogg@finsec__e64e34a9__beautifulsoup4__pyquery/artifacts/cycles/cycle_013/test_results/post_migration_assessment.json,7922cd70c1213cfc65bf8f0aa91c29372453f9102ff48cf90e843a0d66c1c629
docs_enabled,git-shogg@finsec__e64e34a9__beautifulsoup4__pyquery,14,True,fail,post_migration_regressions,pair_capped_mini_20cycle/runs/api_docs_editpair_gpt54mini_fixed_test_policy_20repairs_rerun_001/workspaces/git-shogg@finsec__e64e34a9__beautifulsoup4__pyquery/artifacts/cycles/cycle_014/test_results/post_migration_assessment.json,7922cd70c1213cfc65bf8f0aa91c29372453f9102ff48cf90e843a0d66c1c629
docs_enabled,git-shogg@finsec__e64e34a9__beautifulsoup4__pyquery,15,True,fail,post_migration_regressions,pair_capped_mini_20cycle/runs/api_docs_editpair_gpt54mini_fixed_test_policy_20repairs_rerun_001/workspaces/git-shogg@finsec__e64e34a9__beautifulsoup4__pyquery/artifacts/cycles/cycle_015/test_results/post_migration_assessment.json,7922cd70c1213cfc65bf8f0aa91c29372453f9102ff48cf90e843a0d66c1c629
docs_enabled,git-shogg@finsec__e64e34a9__beautifulsoup4__pyquery,16,True,fail,post_migration_regressions,pair_capped_mini_20cycle/runs/api_docs_editpair_gpt54mini_fixed_test_policy_20repairs_rerun_001/workspaces/git-shogg@finsec__e64e34a9__beautifulsoup4__pyquery/artifacts/cycles/cycle_016/test_results/post_migration_assessment.json,7922cd70c1213cfc65bf8f0aa91c29372453f9102ff48cf90e843a0d66c1c629
docs_enabled,git-shogg@finsec__e64e34a9__beautifulsoup4__pyquery,17,True,fail,post_migration_regressions,pair_capped_mini_20cycle/runs/api_docs_editpair_gpt54mini_fixed_test_policy_20repairs_rerun_001/workspaces/git-shogg@finsec__e64e34a9__beautifulsoup4__pyquery/artifacts/cycles/cycle_017/test_results/post_migration_assessment.json,7922cd70c1213cfc65bf8f0aa91c29372453f9102ff48cf90e843a0d66c1c629
docs_enabled,git-shogg@finsec__e64e34a9__beautifulsoup4__pyquery,18,True,fail,post_migration_regressions,pair_capped_mini_20cycle/runs/api_docs_editpair_gpt54mini_fixed_test_policy_20repairs_rerun_001/workspaces/git-shogg@finsec__e64e34a9__beautifulsoup4__pyquery/artifacts/cycles/cycle_018/test_results/post_migration_assessment.json,7922cd70c1213cfc65bf8f0aa91c29372453f9102ff48cf90e843a0d66c1c629
docs_enabled,git-shogg@finsec__e64e34a9__beautifulsoup4__pyquery,19,True,fail,post_migration_regressions,pair_capped_mini_20cycle/runs/api_docs_editpair_gpt54mini_fixed_test_policy_20repairs_rerun_001/workspaces/git-shogg@finsec__e64e34a9__beautifulsoup4__pyquery/artifacts/cycles/cycle_019/test_results/post_migration_assessment.json,7922cd70c1213cfc65bf8f0aa91c29372453f9102ff48cf90e843a0d66c1c629
docs_enabled,git-shogg@finsec__e64e34a9__beautifulsoup4__pyquery,20,True,fail,post_migration_regressions,pair_capped_mini_20cycle/runs/api_docs_editpair_gpt54mini_fixed_test_policy_20repairs_rerun_001/workspaces/git-shogg@finsec__e64e34a9__beautifulsoup4__pyquery/artifacts/cycles/cycle_020/test_results/post_migration_assessment.json,7922cd70c1213cfc65bf8f0aa91c29372453f9102ff48cf90e843a0d66c1c629
docs_enabled,git-shogg@finsec__e64e34a9__beautifulsoup4__pyquery,21,True,fail,post_migration_regressions,pair_capped_mini_20cycle/runs/api_docs_editpair_gpt54mini_fixed_test_policy_20repairs_rerun_001/workspaces/git-shogg@finsec__e64e34a9__beautifulsoup4__pyquery/artifacts/cycles/cycle_021/test_results/post_migration_assessment.json,7922cd70c1213cfc65bf8f0aa91c29372453f9102ff48cf90e843a0d66c1c629
docs_enabled,git-shogg@finsec__e64e34a9__requests__httpx,1,True,pass,ok,pair_capped_mini_20cycle/runs/api_docs_editpair_gpt54mini_fixed_test_policy_20repairs_rerun_001/workspaces/git-shogg@finsec__e64e34a9__requests__httpx/artifacts/cycles/cycle_001/test_results/post_migration_assessment.json,7bde927b6429254aa4b1885067e84507cc7183c587189f23ee02c7bebd43abf0
docs_enabled,github@automatic-contrib-prs__3c357a2e__python-dotenv__dynaconf,1,True,pass,ok,pair_capped_mini_20cycle/runs/api_docs_editpair_gpt54mini_fixed_test_policy_20repairs_rerun_001/workspaces/github@automatic-contrib-prs__3c357a2e__python-dotenv__dynaconf/artifacts/cycles/cycle_001/test_results/post_migration_assessment.json,ceabb51474348a1fa030588d5041eb694cd4609fdba291d027047e0f318ce65f
docs_enabled,github@contributors__107543a7__python-dotenv__environs,1,True,pass,ok,pair_capped_mini_20cycle/runs/api_docs_editpair_gpt54mini_fixed_test_policy_20repairs_rerun_001/workspaces/github@contributors__107543a7__python-dotenv__environs/artifacts/cycles/cycle_001/test_results/post_migration_assessment.json,396d516411c8b23a490b67188a38f6111d46ad8ad561862b65a6ce74dd553f99
docs_enabled,github@issue-metrics__44877577__python-dotenv__dynaconf,1,True,pass,ok,pair_capped_mini_20cycle/runs/api_docs_editpair_gpt54mini_fixed_test_policy_20repairs_rerun_001/workspaces/github@issue-metrics__44877577__python-dotenv__dynaconf/artifacts/cycles/cycle_001/test_results/post_migration_assessment.json,de7e161c6f3cc5901e0700fcb2c79c8c418eb27b134c4fb1df05e44621f6649c
docs_enabled,github@issue-metrics__44877577__python-dotenv__environs,1,True,pass,ok,pair_capped_mini_20cycle/runs/api_docs_editpair_gpt54mini_fixed_test_policy_20repairs_rerun_001/workspaces/github@issue-metrics__44877577__python-dotenv__environs/artifacts/cycles/cycle_001/test_results/post_migration_assessment.json,ccd36536658e81e7fd7e78c1496bd3e2c63c6eb665d8aee76d2c74512a16aaeb
docs_enabled,giuliorossetti@ash__1106b609__matplotlib__seaborn,1,True,pass,ok,pair_capped_mini_20cycle/runs/api_docs_editpair_gpt54mini_fixed_test_policy_20repairs_rerun_001/workspaces/giuliorossetti@ash__1106b609__matplotlib__seaborn/artifacts/cycles/cycle_001/test_results/post_migration_assessment.json,2779e331be0c12f367120712b593e6f7f0a9c88c0d70c67b73c2a889c80ada25
docs_enabled,giuliorossetti@ash__1106b609__seaborn__altair,1,True,fail,post_migration_regressions,pair_capped_mini_20cycle/runs/api_docs_editpair_gpt54mini_fixed_test_policy_20repairs_rerun_001/workspaces/giuliorossetti@ash__1106b609__seaborn__altair/artifacts/cycles/cycle_001/test_results/post_migration_assessment.json,6776b2d1331f181958626299282ed3ebe870b81cd846677e091b32fbd52fe555
docs_enabled,giuliorossetti@ash__1106b609__seaborn__altair,2,True,pass,ok,pair_capped_mini_20cycle/runs/api_docs_editpair_gpt54mini_fixed_test_policy_20repairs_rerun_001/workspaces/giuliorossetti@ash__1106b609__seaborn__altair/artifacts/cycles/cycle_002/test_results/post_migration_assessment.json,6e2264a5acb67d88e4c6a2f868df64c237e3f2c6e17fdc981afa1710389f25f2
docs_enabled,giuliorossetti@ash__1106b609__seaborn__plotly,1,True,fail,post_migration_regressions,pair_capped_mini_20cycle/runs/api_docs_editpair_gpt54mini_fixed_test_policy_20repairs_rerun_001/workspaces/giuliorossetti@ash__1106b609__seaborn__plotly/artifacts/cycles/cycle_001/test_results/post_migration_assessment.json,3bee21a9a086c7c663dba3caf648c1d97e1324cd0b3564e8c5d51292a3899b51
docs_enabled,giuliorossetti@ash__1106b609__seaborn__plotly,2,True,pass,ok,pair_capped_mini_20cycle/runs/api_docs_editpair_gpt54mini_fixed_test_policy_20repairs_rerun_001/workspaces/giuliorossetti@ash__1106b609__seaborn__plotly/artifacts/cycles/cycle_002/test_results/post_migration_assessment.json,829c8d80d4be2363c308d52e13b7316354800531c6b58c4dddc6b86e85a1bb84
docs_enabled,giuliorossetti@cdlib__c7e09398__seaborn__plotly,1,True,pass,ok,pair_capped_mini_20cycle/runs/api_docs_editpair_gpt54mini_fixed_test_policy_20repairs_rerun_001/workspaces/giuliorossetti@cdlib__c7e09398__seaborn__plotly/artifacts/cycles/cycle_001/test_results/post_migration_assessment.json,c183b1c2373e6f4ec7e3e2098391a1f8cba8e9d1abd06eaf460aa72c42eeb6a2
docs_enabled,glassonion1@anonypy__2a172285__matplotlib__plotly,1,True,pass,ok,pair_capped_mini_20cycle/runs/api_docs_editpair_gpt54mini_fixed_test_policy_20repairs_rerun_001/workspaces/glassonion1@anonypy__2a172285__matplotlib__plotly/artifacts/cycles/cycle_001/test_results/post_migration_assessment.json,3b0321215679e0d8fd1965f4ea42683396e94125f595d9f3020215d869e763b1
docs_enabled,glassonion1@anonypy__2a172285__matplotlib__seaborn,1,True,pass,ok,pair_capped_mini_20cycle/runs/api_docs_editpair_gpt54mini_fixed_test_policy_20repairs_rerun_001/workspaces/glassonion1@anonypy__2a172285__matplotlib__seaborn/artifacts/cycles/cycle_001/test_results/post_migration_assessment.json,26fe3bed87c2e0e922f98e2d00045c1e93090b2c2cd000301cfc128df394346a
docs_enabled,growthbook@growthbook-python__699fba51__urllib3__requests,1,True,fail,post_migration_regressions,pair_capped_mini_20cycle/runs/api_docs_editpair_gpt54mini_fixed_test_policy_20repairs_rerun_001/workspaces/growthbook@growthbook-python__699fba51__urllib3__requests/artifacts/cycles/cycle_001/test_results/post_migration_assessment.json,d99388d8fcf3b21f9574a0e95e0ed3299d472ed4a3a4107ba4404db9aaa2f213
docs_enabled,growthbook@growthbook-python__699fba51__urllib3__requests,2,True,fail,post_migration_regressions,pair_capped_mini_20cycle/runs/api_docs_editpair_gpt54mini_fixed_test_policy_20repairs_rerun_001/workspaces/growthbook@growthbook-python__699fba51__urllib3__requests/artifacts/cycles/cycle_002/test_results/post_migration_assessment.json,d99388d8fcf3b21f9574a0e95e0ed3299d472ed4a3a4107ba4404db9aaa2f213
docs_enabled,growthbook@growthbook-python__699fba51__urllib3__requests,3,True,fail,post_migration_regressions,pair_capped_mini_20cycle/runs/api_docs_editpair_gpt54mini_fixed_test_policy_20repairs_rerun_001/workspaces/growthbook@growthbook-python__699fba51__urllib3__requests/artifacts/cycles/cycle_003/test_results/post_migration_assessment.json,d99388d8fcf3b21f9574a0e95e0ed3299d472ed4a3a4107ba4404db9aaa2f213
docs_enabled,growthbook@growthbook-python__699fba51__urllib3__requests,4,True,fail,post_migration_regressions,pair_capped_mini_20cycle/runs/api_docs_editpair_gpt54mini_fixed_test_policy_20repairs_rerun_001/workspaces/growthbook@growthbook-python__699fba51__urllib3__requests/artifacts/cycles/cycle_004/test_results/post_migration_assessment.json,d99388d8fcf3b21f9574a0e95e0ed3299d472ed4a3a4107ba4404db9aaa2f213
docs_enabled,growthbook@growthbook-python__699fba51__urllib3__requests,5,True,fail,post_migration_regressions,pair_capped_mini_20cycle/runs/api_docs_editpair_gpt54mini_fixed_test_policy_20repairs_rerun_001/workspaces/growthbook@growthbook-python__699fba51__urllib3__requests/artifacts/cycles/cycle_005/test_results/post_migration_assessment.json,d99388d8fcf3b21f9574a0e95e0ed3299d472ed4a3a4107ba4404db9aaa2f213
docs_enabled,growthbook@growthbook-python__699fba51__urllib3__requests,6,True,fail,post_migration_regressions,pair_capped_mini_20cycle/runs/api_docs_editpair_gpt54mini_fixed_test_policy_20repairs_rerun_001/workspaces/growthbook@growthbook-python__699fba51__urllib3__requests/artifacts/cycles/cycle_006/test_results/post_migration_assessment.json,d99388d8fcf3b21f9574a0e95e0ed3299d472ed4a3a4107ba4404db9aaa2f213
docs_enabled,growthbook@growthbook-python__699fba51__urllib3__requests,7,True,fail,post_migration_regressions,pair_capped_mini_20cycle/runs/api_docs_editpair_gpt54mini_fixed_test_policy_20repairs_rerun_001/workspaces/growthbook@growthbook-python__699fba51__urllib3__requests/artifacts/cycles/cycle_007/test_results/post_migration_assessment.json,d99388d8fcf3b21f9574a0e95e0ed3299d472ed4a3a4107ba4404db9aaa2f213
docs_enabled,growthbook@growthbook-python__699fba51__urllib3__requests,8,True,fail,post_migration_regressions,pair_capped_mini_20cycle/runs/api_docs_editpair_gpt54mini_fixed_test_policy_20repairs_rerun_001/workspaces/growthbook@growthbook-python__699fba51__urllib3__requests/artifacts/cycles/cycle_008/test_results/post_migration_assessment.json,d99388d8fcf3b21f9574a0e95e0ed3299d472ed4a3a4107ba4404db9aaa2f213
docs_enabled,growthbook@growthbook-python__699fba51__urllib3__requests,9,True,fail,post_migration_regressions,pair_capped_mini_20cycle/runs/api_docs_editpair_gpt54mini_fixed_test_policy_20repairs_rerun_001/workspaces/growthbook@growthbook-python__699fba51__urllib3__requests/artifacts/cycles/cycle_009/test_results/post_migration_assessment.json,d99388d8fcf3b21f9574a0e95e0ed3299d472ed4a3a4107ba4404db9aaa2f213
docs_enabled,growthbook@growthbook-python__699fba51__urllib3__requests,10,True,fail,post_migration_regressions,pair_capped_mini_20cycle/runs/api_docs_editpair_gpt54mini_fixed_test_policy_20repairs_rerun_001/workspaces/growthbook@growthbook-python__699fba51__urllib3__requests/artifacts/cycles/cycle_010/test_results/post_migration_assessment.json,d99388d8fcf3b21f9574a0e95e0ed3299d472ed4a3a4107ba4404db9aaa2f213
docs_enabled,growthbook@growthbook-python__699fba51__urllib3__requests,11,True,fail,post_migration_regressions,pair_capped_mini_20cycle/runs/api_docs_editpair_gpt54mini_fixed_test_policy_20repairs_rerun_001/workspaces/growthbook@growthbook-python__699fba51__urllib3__requests/artifacts/cycles/cycle_011/test_results/post_migration_assessment.json,d99388d8fcf3b21f9574a0e95e0ed3299d472ed4a3a4107ba4404db9aaa2f213
docs_enabled,growthbook@growthbook-python__699fba51__urllib3__requests,12,True,fail,post_migration_regressions,pair_capped_mini_20cycle/runs/api_docs_editpair_gpt54mini_fixed_test_policy_20repairs_rerun_001/workspaces/growthbook@growthbook-python__699fba51__urllib3__requests/artifacts/cycles/cycle_012/test_results/post_migration_assessment.json,d99388d8fcf3b21f9574a0e95e0ed3299d472ed4a3a4107ba4404db9aaa2f213
docs_enabled,growthbook@growthbook-python__699fba51__urllib3__requests,13,True,fail,post_migration_regressions,pair_capped_mini_20cycle/runs/api_docs_editpair_gpt54mini_fixed_test_policy_20repairs_rerun_001/workspaces/growthbook@growthbook-python__699fba51__urllib3__requests/artifacts/cycles/cycle_013/test_results/post_migration_assessment.json,d99388d8fcf3b21f9574a0e95e0ed3299d472ed4a3a4107ba4404db9aaa2f213
docs_enabled,growthbook@growthbook-python__699fba51__urllib3__requests,14,True,fail,post_migration_regressions,pair_capped_mini_20cycle/runs/api_docs_editpair_gpt54mini_fixed_test_policy_20repairs_rerun_001/workspaces/growthbook@growthbook-python__699fba51__urllib3__requests/artifacts/cycles/cycle_014/test_results/post_migration_assessment.json,d99388d8fcf3b21f9574a0e95e0ed3299d472ed4a3a4107ba4404db9aaa2f213
docs_enabled,growthbook@growthbook-python__699fba51__urllib3__requests,15,True,fail,post_migration_regressions,pair_capped_mini_20cycle/runs/api_docs_editpair_gpt54mini_fixed_test_policy_20repairs_rerun_001/workspaces/growthbook@growthbook-python__699fba51__urllib3__requests/artifacts/cycles/cycle_015/test_results/post_migration_assessment.json,d99388d8fcf3b21f9574a0e95e0ed3299d472ed4a3a4107ba4404db9aaa2f213
docs_enabled,growthbook@growthbook-python__699fba51__urllib3__requests,16,True,fail,post_migration_regressions,pair_capped_mini_20cycle/runs/api_docs_editpair_gpt54mini_fixed_test_policy_20repairs_rerun_001/workspaces/growthbook@growthbook-python__699fba51__urllib3__requests/artifacts/cycles/cycle_016/test_results/post_migration_assessment.json,d99388d8fcf3b21f9574a0e95e0ed3299d472ed4a3a4107ba4404db9aaa2f213
docs_enabled,growthbook@growthbook-python__699fba51__urllib3__requests,17,True,fail,post_migration_regressions,pair_capped_mini_20cycle/runs/api_docs_editpair_gpt54mini_fixed_test_policy_20repairs_rerun_001/workspaces/growthbook@growthbook-python__699fba51__urllib3__requests/artifacts/cycles/cycle_017/test_results/post_migration_assessment.json,d99388d8fcf3b21f9574a0e95e0ed3299d472ed4a3a4107ba4404db9aaa2f213
docs_enabled,growthbook@growthbook-python__699fba51__urllib3__requests,18,True,fail,post_migration_regressions,pair_capped_mini_20cycle/runs/api_docs_editpair_gpt54mini_fixed_test_policy_20repairs_rerun_001/workspaces/growthbook@growthbook-python__699fba51__urllib3__requests/artifacts/cycles/cycle_018/test_results/post_migration_assessment.json,d99388d8fcf3b21f9574a0e95e0ed3299d472ed4a3a4107ba4404db9aaa2f213
docs_enabled,growthbook@growthbook-python__699fba51__urllib3__requests,19,True,fail,post_migration_regressions,pair_capped_mini_20cycle/runs/api_docs_editpair_gpt54mini_fixed_test_policy_20repairs_rerun_001/workspaces/growthbook@growthbook-python__699fba51__urllib3__requests/artifacts/cycles/cycle_019/test_results/post_migration_assessment.json,d99388d8fcf3b21f9574a0e95e0ed3299d472ed4a3a4107ba4404db9aaa2f213
docs_enabled,growthbook@growthbook-python__699fba51__urllib3__requests,20,True,fail,post_migration_regressions,pair_capped_mini_20cycle/runs/api_docs_editpair_gpt54mini_fixed_test_policy_20repairs_rerun_001/workspaces/growthbook@growthbook-python__699fba51__urllib3__requests/artifacts/cycles/cycle_020/test_results/post_migration_assessment.json,d99388d8fcf3b21f9574a0e95e0ed3299d472ed4a3a4107ba4404db9aaa2f213
docs_enabled,growthbook@growthbook-python__699fba51__urllib3__requests,21,True,fail,post_migration_regressions,pair_capped_mini_20cycle/runs/api_docs_editpair_gpt54mini_fixed_test_policy_20repairs_rerun_001/workspaces/growthbook@growthbook-python__699fba51__urllib3__requests/artifacts/cycles/cycle_021/test_results/post_migration_assessment.json,d99388d8fcf3b21f9574a0e95e0ed3299d472ed4a3a4107ba4404db9aaa2f213
docs_enabled,gugarosa@opytimizer__e050d12f__matplotlib__altair,1,True,fail,after_validation_anomaly,pair_capped_mini_20cycle/runs/api_docs_editpair_gpt54mini_fixed_test_policy_20repairs_rerun_001/workspaces/gugarosa@opytimizer__e050d12f__matplotlib__altair/artifacts/cycles/cycle_001/test_results/post_migration_assessment.json,f2668421c1ec2281bbd832d5e044896cb28f1245a2a0cc9b8c7913da4c454072
docs_enabled,gugarosa@opytimizer__e050d12f__matplotlib__altair,2,True,fail,post_migration_regressions,pair_capped_mini_20cycle/runs/api_docs_editpair_gpt54mini_fixed_test_policy_20repairs_rerun_001/workspaces/gugarosa@opytimizer__e050d12f__matplotlib__altair/artifacts/cycles/cycle_002/test_results/post_migration_assessment.json,4817608e7efe8e0cbabd6e3b70f42e2a6ac10b7f6a8b9cb8d3a7d052ea09855e
docs_enabled,gugarosa@opytimizer__e050d12f__matplotlib__altair,3,True,fail,post_migration_regressions,pair_capped_mini_20cycle/runs/api_docs_editpair_gpt54mini_fixed_test_policy_20repairs_rerun_001/workspaces/gugarosa@opytimizer__e050d12f__matplotlib__altair/artifacts/cycles/cycle_003/test_results/post_migration_assessment.json,4817608e7efe8e0cbabd6e3b70f42e2a6ac10b7f6a8b9cb8d3a7d052ea09855e
docs_enabled,gugarosa@opytimizer__e050d12f__matplotlib__altair,4,True,pass,ok,pair_capped_mini_20cycle/runs/api_docs_editpair_gpt54mini_fixed_test_policy_20repairs_rerun_001/workspaces/gugarosa@opytimizer__e050d12f__matplotlib__altair/artifacts/cycles/cycle_004/test_results/post_migration_assessment.json,ec0e5a5bc38238198d4c4bc32e97f97b5ea070720d4a7827ce0a3f157bc5a2bb
docs_enabled,gugarosa@opytimizer__e050d12f__tqdm__alive-progress,1,True,pass,ok,pair_capped_mini_20cycle/runs/api_docs_editpair_gpt54mini_fixed_test_policy_20repairs_rerun_001/workspaces/gugarosa@opytimizer__e050d12f__tqdm__alive-progress/artifacts/cycles/cycle_001/test_results/post_migration_assessment.json,38cfca75b08c06a3b92bee2974eb7ddfcff2ae607cca6a95ae33acd249c3fa74
docs_enabled,heavenshell@py-doq__75acafb9__toml__tomli,1,True,pass,ok,pair_capped_mini_20cycle/runs/api_docs_editpair_gpt54mini_fixed_test_policy_20repairs_rerun_001/workspaces/heavenshell@py-doq__75acafb9__toml__tomli/artifacts/cycles/cycle_001/test_results/post_migration_assessment.json,8db42589ab75e562da98780e150a9b357d02e62f5c27c05d2ed9fc330d9b85f2
docs_enabled,hwonyo@naver_talk_sdk__bf64ca59__requests__requests_futures,1,True,pass,ok,pair_capped_mini_20cycle/runs/api_docs_editpair_gpt54mini_fixed_test_policy_20repairs_rerun_001/workspaces/hwonyo@naver_talk_sdk__bf64ca59__requests__requests_futures/artifacts/cycles/cycle_001/test_results/post_migration_assessment.json,136a86f9977df0f7592bee04b98ef58db592a1eb518dff7d2fac12ff798a4096
docs_enabled,icon-project@icon-sdk-python__50c75a50__requests__httpx,1,True,fail,post_migration_regressions,pair_capped_mini_20cycle/runs/api_docs_editpair_gpt54mini_fixed_test_policy_20repairs_rerun_001/workspaces/icon-project@icon-sdk-python__50c75a50__requests__httpx/artifacts/cycles/cycle_001/test_results/post_migration_assessment.json,594ec0e0f10ba740cce38ed7f3534c7110fd789fea82fa329df70f23b944caef
docs_enabled,icon-project@icon-sdk-python__50c75a50__requests__httpx,2,True,fail,post_migration_regressions,pair_capped_mini_20cycle/runs/api_docs_editpair_gpt54mini_fixed_test_policy_20repairs_rerun_001/workspaces/icon-project@icon-sdk-python__50c75a50__requests__httpx/artifacts/cycles/cycle_002/test_results/post_migration_assessment.json,594ec0e0f10ba740cce38ed7f3534c7110fd789fea82fa329df70f23b944caef
docs_enabled,icon-project@icon-sdk-python__50c75a50__requests__httpx,3,True,pass,ok,pair_capped_mini_20cycle/runs/api_docs_editpair_gpt54mini_fixed_test_policy_20repairs_rerun_001/workspaces/icon-project@icon-sdk-python__50c75a50__requests__httpx/artifacts/cycles/cycle_003/test_results/post_migration_assessment.json,98f2b96010d6707bfcff4644969788f6ead23c19e26870a1e1e5ae6bdcb54d4d
docs_enabled,icon-project@icon-sdk-python__50c75a50__requests__treq,1,True,fail,post_migration_regressions,pair_capped_mini_20cycle/runs/api_docs_editpair_gpt54mini_fixed_test_policy_20repairs_rerun_001/workspaces/icon-project@icon-sdk-python__50c75a50__requests__treq/artifacts/cycles/cycle_001/test_results/post_migration_assessment.json,41e0c4a3a21e6957b380dc741ae631f5a9b9d78b56a14cd536493602a8a03b18
docs_enabled,icon-project@icon-sdk-python__50c75a50__requests__treq,2,True,fail,post_migration_regressions,pair_capped_mini_20cycle/runs/api_docs_editpair_gpt54mini_fixed_test_policy_20repairs_rerun_001/workspaces/icon-project@icon-sdk-python__50c75a50__requests__treq/artifacts/cycles/cycle_002/test_results/post_migration_assessment.json,41e0c4a3a21e6957b380dc741ae631f5a9b9d78b56a14cd536493602a8a03b18
docs_enabled,icon-project@icon-sdk-python__50c75a50__requests__treq,3,True,fail,post_migration_regressions,pair_capped_mini_20cycle/runs/api_docs_editpair_gpt54mini_fixed_test_policy_20repairs_rerun_001/workspaces/icon-project@icon-sdk-python__50c75a50__requests__treq/artifacts/cycles/cycle_003/test_results/post_migration_assessment.json,41e0c4a3a21e6957b380dc741ae631f5a9b9d78b56a14cd536493602a8a03b18
docs_enabled,icon-project@icon-sdk-python__50c75a50__requests__treq,4,True,fail,post_migration_regressions,pair_capped_mini_20cycle/runs/api_docs_editpair_gpt54mini_fixed_test_policy_20repairs_rerun_001/workspaces/icon-project@icon-sdk-python__50c75a50__requests__treq/artifacts/cycles/cycle_004/test_results/post_migration_assessment.json,41e0c4a3a21e6957b380dc741ae631f5a9b9d78b56a14cd536493602a8a03b18
docs_enabled,icon-project@icon-sdk-python__50c75a50__requests__treq,5,True,fail,post_migration_regressions,pair_capped_mini_20cycle/runs/api_docs_editpair_gpt54mini_fixed_test_policy_20repairs_rerun_001/workspaces/icon-project@icon-sdk-python__50c75a50__requests__treq/artifacts/cycles/cycle_005/test_results/post_migration_assessment.json,41e0c4a3a21e6957b380dc741ae631f5a9b9d78b56a14cd536493602a8a03b18
docs_enabled,icon-project@icon-sdk-python__50c75a50__requests__treq,6,True,fail,post_migration_regressions,pair_capped_mini_20cycle/runs/api_docs_editpair_gpt54mini_fixed_test_policy_20repairs_rerun_001/workspaces/icon-project@icon-sdk-python__50c75a50__requests__treq/artifacts/cycles/cycle_006/test_results/post_migration_assessment.json,41e0c4a3a21e6957b380dc741ae631f5a9b9d78b56a14cd536493602a8a03b18
docs_enabled,icon-project@icon-sdk-python__50c75a50__requests__treq,7,True,fail,post_migration_regressions,pair_capped_mini_20cycle/runs/api_docs_editpair_gpt54mini_fixed_test_policy_20repairs_rerun_001/workspaces/icon-project@icon-sdk-python__50c75a50__requests__treq/artifacts/cycles/cycle_007/test_results/post_migration_assessment.json,41e0c4a3a21e6957b380dc741ae631f5a9b9d78b56a14cd536493602a8a03b18
docs_enabled,icon-project@icon-sdk-python__50c75a50__requests__treq,8,True,fail,post_migration_regressions,pair_capped_mini_20cycle/runs/api_docs_editpair_gpt54mini_fixed_test_policy_20repairs_rerun_001/workspaces/icon-project@icon-sdk-python__50c75a50__requests__treq/artifacts/cycles/cycle_008/test_results/post_migration_assessment.json,41e0c4a3a21e6957b380dc741ae631f5a9b9d78b56a14cd536493602a8a03b18
docs_enabled,icon-project@icon-sdk-python__50c75a50__requests__treq,9,True,fail,post_migration_regressions,pair_capped_mini_20cycle/runs/api_docs_editpair_gpt54mini_fixed_test_policy_20repairs_rerun_001/workspaces/icon-project@icon-sdk-python__50c75a50__requests__treq/artifacts/cycles/cycle_009/test_results/post_migration_assessment.json,41e0c4a3a21e6957b380dc741ae631f5a9b9d78b56a14cd536493602a8a03b18
docs_enabled,icon-project@icon-sdk-python__50c75a50__requests__treq,10,True,fail,post_migration_regressions,pair_capped_mini_20cycle/runs/api_docs_editpair_gpt54mini_fixed_test_policy_20repairs_rerun_001/workspaces/icon-project@icon-sdk-python__50c75a50__requests__treq/artifacts/cycles/cycle_010/test_results/post_migration_assessment.json,41e0c4a3a21e6957b380dc741ae631f5a9b9d78b56a14cd536493602a8a03b18
docs_enabled,icon-project@icon-sdk-python__50c75a50__requests__treq,11,True,fail,post_migration_regressions,pair_capped_mini_20cycle/runs/api_docs_editpair_gpt54mini_fixed_test_policy_20repairs_rerun_001/workspaces/icon-project@icon-sdk-python__50c75a50__requests__treq/artifacts/cycles/cycle_011/test_results/post_migration_assessment.json,41e0c4a3a21e6957b380dc741ae631f5a9b9d78b56a14cd536493602a8a03b18
docs_enabled,icon-project@icon-sdk-python__50c75a50__requests__treq,12,True,fail,post_migration_regressions,pair_capped_mini_20cycle/runs/api_docs_editpair_gpt54mini_fixed_test_policy_20repairs_rerun_001/workspaces/icon-project@icon-sdk-python__50c75a50__requests__treq/artifacts/cycles/cycle_012/test_results/post_migration_assessment.json,41e0c4a3a21e6957b380dc741ae631f5a9b9d78b56a14cd536493602a8a03b18
docs_enabled,icon-project@icon-sdk-python__50c75a50__requests__treq,13,True,fail,post_migration_regressions,pair_capped_mini_20cycle/runs/api_docs_editpair_gpt54mini_fixed_test_policy_20repairs_rerun_001/workspaces/icon-project@icon-sdk-python__50c75a50__requests__treq/artifacts/cycles/cycle_013/test_results/post_migration_assessment.json,41e0c4a3a21e6957b380dc741ae631f5a9b9d78b56a14cd536493602a8a03b18
docs_enabled,icon-project@icon-sdk-python__50c75a50__requests__treq,14,True,fail,post_migration_regressions,pair_capped_mini_20cycle/runs/api_docs_editpair_gpt54mini_fixed_test_policy_20repairs_rerun_001/workspaces/icon-project@icon-sdk-python__50c75a50__requests__treq/artifacts/cycles/cycle_014/test_results/post_migration_assessment.json,41e0c4a3a21e6957b380dc741ae631f5a9b9d78b56a14cd536493602a8a03b18
docs_enabled,icon-project@icon-sdk-python__50c75a50__requests__treq,15,True,fail,post_migration_regressions,pair_capped_mini_20cycle/runs/api_docs_editpair_gpt54mini_fixed_test_policy_20repairs_rerun_001/workspaces/icon-project@icon-sdk-python__50c75a50__requests__treq/artifacts/cycles/cycle_015/test_results/post_migration_assessment.json,41e0c4a3a21e6957b380dc741ae631f5a9b9d78b56a14cd536493602a8a03b18
docs_enabled,icon-project@icon-sdk-python__50c75a50__requests__treq,16,True,fail,post_migration_regressions,pair_capped_mini_20cycle/runs/api_docs_editpair_gpt54mini_fixed_test_policy_20repairs_rerun_001/workspaces/icon-project@icon-sdk-python__50c75a50__requests__treq/artifacts/cycles/cycle_016/test_results/post_migration_assessment.json,41e0c4a3a21e6957b380dc741ae631f5a9b9d78b56a14cd536493602a8a03b18
docs_enabled,icon-project@icon-sdk-python__50c75a50__requests__treq,17,True,fail,post_migration_regressions,pair_capped_mini_20cycle/runs/api_docs_editpair_gpt54mini_fixed_test_policy_20repairs_rerun_001/workspaces/icon-project@icon-sdk-python__50c75a50__requests__treq/artifacts/cycles/cycle_017/test_results/post_migration_assessment.json,41e0c4a3a21e6957b380dc741ae631f5a9b9d78b56a14cd536493602a8a03b18
docs_enabled,icon-project@icon-sdk-python__50c75a50__requests__treq,18,True,fail,post_migration_regressions,pair_capped_mini_20cycle/runs/api_docs_editpair_gpt54mini_fixed_test_policy_20repairs_rerun_001/workspaces/icon-project@icon-sdk-python__50c75a50__requests__treq/artifacts/cycles/cycle_018/test_results/post_migration_assessment.json,41e0c4a3a21e6957b380dc741ae631f5a9b9d78b56a14cd536493602a8a03b18
docs_enabled,icon-project@icon-sdk-python__50c75a50__requests__treq,19,True,fail,post_migration_regressions,pair_capped_mini_20cycle/runs/api_docs_editpair_gpt54mini_fixed_test_policy_20repairs_rerun_001/workspaces/icon-project@icon-sdk-python__50c75a50__requests__treq/artifacts/cycles/cycle_019/test_results/post_migration_assessment.json,41e0c4a3a21e6957b380dc741ae631f5a9b9d78b56a14cd536493602a8a03b18
docs_enabled,icon-project@icon-sdk-python__50c75a50__requests__treq,20,True,fail,post_migration_regressions,pair_capped_mini_20cycle/runs/api_docs_editpair_gpt54mini_fixed_test_policy_20repairs_rerun_001/workspaces/icon-project@icon-sdk-python__50c75a50__requests__treq/artifacts/cycles/cycle_020/test_results/post_migration_assessment.json,41e0c4a3a21e6957b380dc741ae631f5a9b9d78b56a14cd536493602a8a03b18
docs_enabled,icon-project@icon-sdk-python__50c75a50__requests__treq,21,True,fail,post_migration_regressions,pair_capped_mini_20cycle/runs/api_docs_editpair_gpt54mini_fixed_test_policy_20repairs_rerun_001/workspaces/icon-project@icon-sdk-python__50c75a50__requests__treq/artifacts/cycles/cycle_021/test_results/post_migration_assessment.json,41e0c4a3a21e6957b380dc741ae631f5a9b9d78b56a14cd536493602a8a03b18
docs_enabled,infomaniak@certbot-dns-infomaniak__33519931__requests__requests_futures,1,True,fail,post_migration_regressions,pair_capped_mini_20cycle/runs/api_docs_editpair_gpt54mini_fixed_test_policy_20repairs_rerun_001/workspaces/infomaniak@certbot-dns-infomaniak__33519931__requests__requests_futures/artifacts/cycles/cycle_001/test_results/post_migration_assessment.json,cfdcbbb8badb95a49dc4b56d18021469daea006e374913039d9fe10238918be6
docs_enabled,infomaniak@certbot-dns-infomaniak__33519931__requests__requests_futures,2,True,pass,ok,pair_capped_mini_20cycle/runs/api_docs_editpair_gpt54mini_fixed_test_policy_20repairs_rerun_001/workspaces/infomaniak@certbot-dns-infomaniak__33519931__requests__requests_futures/artifacts/cycles/cycle_002/test_results/post_migration_assessment.json,0cfd67e5fb8257ec60481710c4ea256f7a925080c5fb1225863ec084ae0afa1a
docs_enabled,internetarchive@openlibrary-client__7e45d512__jsonschema__cerberus,1,True,fail,post_migration_regressions,pair_capped_mini_20cycle/runs/api_docs_editpair_gpt54mini_fixed_test_policy_20repairs_rerun_001/workspaces/internetarchive@openlibrary-client__7e45d512__jsonschema__cerberus/artifacts/cycles/cycle_001/test_results/post_migration_assessment.json,81589d0e1637fe8004836261bdb363ce7e3e9aed0b04549eae8270f9971de302
docs_enabled,internetarchive@openlibrary-client__7e45d512__jsonschema__cerberus,2,True,fail,post_migration_regressions,pair_capped_mini_20cycle/runs/api_docs_editpair_gpt54mini_fixed_test_policy_20repairs_rerun_001/workspaces/internetarchive@openlibrary-client__7e45d512__jsonschema__cerberus/artifacts/cycles/cycle_002/test_results/post_migration_assessment.json,81589d0e1637fe8004836261bdb363ce7e3e9aed0b04549eae8270f9971de302
docs_enabled,internetarchive@openlibrary-client__7e45d512__jsonschema__cerberus,3,True,fail,post_migration_regressions,pair_capped_mini_20cycle/runs/api_docs_editpair_gpt54mini_fixed_test_policy_20repairs_rerun_001/workspaces/internetarchive@openlibrary-client__7e45d512__jsonschema__cerberus/artifacts/cycles/cycle_003/test_results/post_migration_assessment.json,81589d0e1637fe8004836261bdb363ce7e3e9aed0b04549eae8270f9971de302
docs_enabled,internetarchive@openlibrary-client__7e45d512__jsonschema__cerberus,4,True,fail,post_migration_regressions,pair_capped_mini_20cycle/runs/api_docs_editpair_gpt54mini_fixed_test_policy_20repairs_rerun_001/workspaces/internetarchive@openlibrary-client__7e45d512__jsonschema__cerberus/artifacts/cycles/cycle_004/test_results/post_migration_assessment.json,81589d0e1637fe8004836261bdb363ce7e3e9aed0b04549eae8270f9971de302
docs_enabled,internetarchive@openlibrary-client__7e45d512__jsonschema__cerberus,5,True,fail,post_migration_regressions,pair_capped_mini_20cycle/runs/api_docs_editpair_gpt54mini_fixed_test_policy_20repairs_rerun_001/workspaces/internetarchive@openlibrary-client__7e45d512__jsonschema__cerberus/artifacts/cycles/cycle_005/test_results/post_migration_assessment.json,81589d0e1637fe8004836261bdb363ce7e3e9aed0b04549eae8270f9971de302
docs_enabled,internetarchive@openlibrary-client__7e45d512__jsonschema__cerberus,6,True,fail,post_migration_regressions,pair_capped_mini_20cycle/runs/api_docs_editpair_gpt54mini_fixed_test_policy_20repairs_rerun_001/workspaces/internetarchive@openlibrary-client__7e45d512__jsonschema__cerberus/artifacts/cycles/cycle_006/test_results/post_migration_assessment.json,81589d0e1637fe8004836261bdb363ce7e3e9aed0b04549eae8270f9971de302
docs_enabled,internetarchive@openlibrary-client__7e45d512__jsonschema__cerberus,7,True,fail,post_migration_regressions,pair_capped_mini_20cycle/runs/api_docs_editpair_gpt54mini_fixed_test_policy_20repairs_rerun_001/workspaces/internetarchive@openlibrary-client__7e45d512__jsonschema__cerberus/artifacts/cycles/cycle_007/test_results/post_migration_assessment.json,81589d0e1637fe8004836261bdb363ce7e3e9aed0b04549eae8270f9971de302
docs_enabled,internetarchive@openlibrary-client__7e45d512__jsonschema__cerberus,8,True,fail,post_migration_regressions,pair_capped_mini_20cycle/runs/api_docs_editpair_gpt54mini_fixed_test_policy_20repairs_rerun_001/workspaces/internetarchive@openlibrary-client__7e45d512__jsonschema__cerberus/artifacts/cycles/cycle_008/test_results/post_migration_assessment.json,81589d0e1637fe8004836261bdb363ce7e3e9aed0b04549eae8270f9971de302
docs_enabled,internetarchive@openlibrary-client__7e45d512__jsonschema__cerberus,9,True,fail,post_migration_regressions,pair_capped_mini_20cycle/runs/api_docs_editpair_gpt54mini_fixed_test_policy_20repairs_rerun_001/workspaces/internetarchive@openlibrary-client__7e45d512__jsonschema__cerberus/artifacts/cycles/cycle_009/test_results/post_migration_assessment.json,81589d0e1637fe8004836261bdb363ce7e3e9aed0b04549eae8270f9971de302
docs_enabled,internetarchive@openlibrary-client__7e45d512__jsonschema__cerberus,10,True,fail,post_migration_regressions,pair_capped_mini_20cycle/runs/api_docs_editpair_gpt54mini_fixed_test_policy_20repairs_rerun_001/workspaces/internetarchive@openlibrary-client__7e45d512__jsonschema__cerberus/artifacts/cycles/cycle_010/test_results/post_migration_assessment.json,81589d0e1637fe8004836261bdb363ce7e3e9aed0b04549eae8270f9971de302
docs_enabled,internetarchive@openlibrary-client__7e45d512__jsonschema__cerberus,11,True,fail,post_migration_regressions,pair_capped_mini_20cycle/runs/api_docs_editpair_gpt54mini_fixed_test_policy_20repairs_rerun_001/workspaces/internetarchive@openlibrary-client__7e45d512__jsonschema__cerberus/artifacts/cycles/cycle_011/test_results/post_migration_assessment.json,81589d0e1637fe8004836261bdb363ce7e3e9aed0b04549eae8270f9971de302
docs_enabled,internetarchive@openlibrary-client__7e45d512__jsonschema__cerberus,12,True,fail,post_migration_regressions,pair_capped_mini_20cycle/runs/api_docs_editpair_gpt54mini_fixed_test_policy_20repairs_rerun_001/workspaces/internetarchive@openlibrary-client__7e45d512__jsonschema__cerberus/artifacts/cycles/cycle_012/test_results/post_migration_assessment.json,81589d0e1637fe8004836261bdb363ce7e3e9aed0b04549eae8270f9971de302
docs_enabled,internetarchive@openlibrary-client__7e45d512__jsonschema__cerberus,13,True,fail,post_migration_regressions,pair_capped_mini_20cycle/runs/api_docs_editpair_gpt54mini_fixed_test_policy_20repairs_rerun_001/workspaces/internetarchive@openlibrary-client__7e45d512__jsonschema__cerberus/artifacts/cycles/cycle_013/test_results/post_migration_assessment.json,81589d0e1637fe8004836261bdb363ce7e3e9aed0b04549eae8270f9971de302
docs_enabled,internetarchive@openlibrary-client__7e45d512__jsonschema__cerberus,14,True,fail,post_migration_regressions,pair_capped_mini_20cycle/runs/api_docs_editpair_gpt54mini_fixed_test_policy_20repairs_rerun_001/workspaces/internetarchive@openlibrary-client__7e45d512__jsonschema__cerberus/artifacts/cycles/cycle_014/test_results/post_migration_assessment.json,81589d0e1637fe8004836261bdb363ce7e3e9aed0b04549eae8270f9971de302
docs_enabled,internetarchive@openlibrary-client__7e45d512__jsonschema__cerberus,15,True,fail,post_migration_regressions,pair_capped_mini_20cycle/runs/api_docs_editpair_gpt54mini_fixed_test_policy_20repairs_rerun_001/workspaces/internetarchive@openlibrary-client__7e45d512__jsonschema__cerberus/artifacts/cycles/cycle_015/test_results/post_migration_assessment.json,81589d0e1637fe8004836261bdb363ce7e3e9aed0b04549eae8270f9971de302
docs_enabled,internetarchive@openlibrary-client__7e45d512__jsonschema__cerberus,16,True,fail,post_migration_regressions,pair_capped_mini_20cycle/runs/api_docs_editpair_gpt54mini_fixed_test_policy_20repairs_rerun_001/workspaces/internetarchive@openlibrary-client__7e45d512__jsonschema__cerberus/artifacts/cycles/cycle_016/test_results/post_migration_assessment.json,81589d0e1637fe8004836261bdb363ce7e3e9aed0b04549eae8270f9971de302
docs_enabled,internetarchive@openlibrary-client__7e45d512__jsonschema__cerberus,17,True,fail,post_migration_regressions,pair_capped_mini_20cycle/runs/api_docs_editpair_gpt54mini_fixed_test_policy_20repairs_rerun_001/workspaces/internetarchive@openlibrary-client__7e45d512__jsonschema__cerberus/artifacts/cycles/cycle_017/test_results/post_migration_assessment.json,81589d0e1637fe8004836261bdb363ce7e3e9aed0b04549eae8270f9971de302
docs_enabled,internetarchive@openlibrary-client__7e45d512__jsonschema__cerberus,18,True,fail,post_migration_regressions,pair_capped_mini_20cycle/runs/api_docs_editpair_gpt54mini_fixed_test_policy_20repairs_rerun_001/workspaces/internetarchive@openlibrary-client__7e45d512__jsonschema__cerberus/artifacts/cycles/cycle_018/test_results/post_migration_assessment.json,81589d0e1637fe8004836261bdb363ce7e3e9aed0b04549eae8270f9971de302
docs_enabled,internetarchive@openlibrary-client__7e45d512__jsonschema__cerberus,19,True,fail,post_migration_regressions,pair_capped_mini_20cycle/runs/api_docs_editpair_gpt54mini_fixed_test_policy_20repairs_rerun_001/workspaces/internetarchive@openlibrary-client__7e45d512__jsonschema__cerberus/artifacts/cycles/cycle_019/test_results/post_migration_assessment.json,81589d0e1637fe8004836261bdb363ce7e3e9aed0b04549eae8270f9971de302
docs_enabled,internetarchive@openlibrary-client__7e45d512__jsonschema__cerberus,20,True,fail,post_migration_regressions,pair_capped_mini_20cycle/runs/api_docs_editpair_gpt54mini_fixed_test_policy_20repairs_rerun_001/workspaces/internetarchive@openlibrary-client__7e45d512__jsonschema__cerberus/artifacts/cycles/cycle_020/test_results/post_migration_assessment.json,81589d0e1637fe8004836261bdb363ce7e3e9aed0b04549eae8270f9971de302
docs_enabled,internetarchive@openlibrary-client__7e45d512__jsonschema__cerberus,21,True,fail,post_migration_regressions,pair_capped_mini_20cycle/runs/api_docs_editpair_gpt54mini_fixed_test_policy_20repairs_rerun_001/workspaces/internetarchive@openlibrary-client__7e45d512__jsonschema__cerberus/artifacts/cycles/cycle_021/test_results/post_migration_assessment.json,81589d0e1637fe8004836261bdb363ce7e3e9aed0b04549eae8270f9971de302
docs_enabled,internetarchive@openlibrary-client__7e45d512__requests__aiohttp,1,True,fail,after_validation_anomaly,pair_capped_mini_20cycle/runs/api_docs_editpair_gpt54mini_fixed_test_policy_20repairs_rerun_001/workspaces/internetarchive@openlibrary-client__7e45d512__requests__aiohttp/artifacts/cycles/cycle_001/test_results/post_migration_assessment.json,8d218d8de9ad37dda95eadfb72405cb173b76af849e9612274dc5c77a9368490
docs_enabled,internetarchive@openlibrary-client__7e45d512__requests__aiohttp,2,True,fail,after_validation_anomaly,pair_capped_mini_20cycle/runs/api_docs_editpair_gpt54mini_fixed_test_policy_20repairs_rerun_001/workspaces/internetarchive@openlibrary-client__7e45d512__requests__aiohttp/artifacts/cycles/cycle_002/test_results/post_migration_assessment.json,8d218d8de9ad37dda95eadfb72405cb173b76af849e9612274dc5c77a9368490
docs_enabled,internetarchive@openlibrary-client__7e45d512__requests__aiohttp,3,True,fail,post_migration_regressions,pair_capped_mini_20cycle/runs/api_docs_editpair_gpt54mini_fixed_test_policy_20repairs_rerun_001/workspaces/internetarchive@openlibrary-client__7e45d512__requests__aiohttp/artifacts/cycles/cycle_003/test_results/post_migration_assessment.json,28485a0aa889986c538b71acfb1b3cb34baf23281c463c38c24e502aaba79969
docs_enabled,internetarchive@openlibrary-client__7e45d512__requests__aiohttp,4,True,fail,post_migration_regressions,pair_capped_mini_20cycle/runs/api_docs_editpair_gpt54mini_fixed_test_policy_20repairs_rerun_001/workspaces/internetarchive@openlibrary-client__7e45d512__requests__aiohttp/artifacts/cycles/cycle_004/test_results/post_migration_assessment.json,6b6da84938acb9c731936187e0f7ff0d740d67daf67925536c8c8c2042926955
docs_enabled,internetarchive@openlibrary-client__7e45d512__requests__aiohttp,5,True,fail,post_migration_regressions,pair_capped_mini_20cycle/runs/api_docs_editpair_gpt54mini_fixed_test_policy_20repairs_rerun_001/workspaces/internetarchive@openlibrary-client__7e45d512__requests__aiohttp/artifacts/cycles/cycle_005/test_results/post_migration_assessment.json,6b6da84938acb9c731936187e0f7ff0d740d67daf67925536c8c8c2042926955
docs_enabled,internetarchive@openlibrary-client__7e45d512__requests__aiohttp,6,True,fail,post_migration_regressions,pair_capped_mini_20cycle/runs/api_docs_editpair_gpt54mini_fixed_test_policy_20repairs_rerun_001/workspaces/internetarchive@openlibrary-client__7e45d512__requests__aiohttp/artifacts/cycles/cycle_006/test_results/post_migration_assessment.json,6b6da84938acb9c731936187e0f7ff0d740d67daf67925536c8c8c2042926955
docs_enabled,internetarchive@openlibrary-client__7e45d512__requests__aiohttp,7,True,fail,post_migration_regressions,pair_capped_mini_20cycle/runs/api_docs_editpair_gpt54mini_fixed_test_policy_20repairs_rerun_001/workspaces/internetarchive@openlibrary-client__7e45d512__requests__aiohttp/artifacts/cycles/cycle_007/test_results/post_migration_assessment.json,6b6da84938acb9c731936187e0f7ff0d740d67daf67925536c8c8c2042926955
docs_enabled,internetarchive@openlibrary-client__7e45d512__requests__aiohttp,8,True,fail,post_migration_regressions,pair_capped_mini_20cycle/runs/api_docs_editpair_gpt54mini_fixed_test_policy_20repairs_rerun_001/workspaces/internetarchive@openlibrary-client__7e45d512__requests__aiohttp/artifacts/cycles/cycle_008/test_results/post_migration_assessment.json,6b6da84938acb9c731936187e0f7ff0d740d67daf67925536c8c8c2042926955
docs_enabled,internetarchive@openlibrary-client__7e45d512__requests__aiohttp,9,True,fail,post_migration_regressions,pair_capped_mini_20cycle/runs/api_docs_editpair_gpt54mini_fixed_test_policy_20repairs_rerun_001/workspaces/internetarchive@openlibrary-client__7e45d512__requests__aiohttp/artifacts/cycles/cycle_009/test_results/post_migration_assessment.json,6b6da84938acb9c731936187e0f7ff0d740d67daf67925536c8c8c2042926955
docs_enabled,internetarchive@openlibrary-client__7e45d512__requests__aiohttp,10,True,fail,post_migration_regressions,pair_capped_mini_20cycle/runs/api_docs_editpair_gpt54mini_fixed_test_policy_20repairs_rerun_001/workspaces/internetarchive@openlibrary-client__7e45d512__requests__aiohttp/artifacts/cycles/cycle_010/test_results/post_migration_assessment.json,6b6da84938acb9c731936187e0f7ff0d740d67daf67925536c8c8c2042926955
docs_enabled,internetarchive@openlibrary-client__7e45d512__requests__aiohttp,11,True,fail,post_migration_regressions,pair_capped_mini_20cycle/runs/api_docs_editpair_gpt54mini_fixed_test_policy_20repairs_rerun_001/workspaces/internetarchive@openlibrary-client__7e45d512__requests__aiohttp/artifacts/cycles/cycle_011/test_results/post_migration_assessment.json,6b6da84938acb9c731936187e0f7ff0d740d67daf67925536c8c8c2042926955
docs_enabled,internetarchive@openlibrary-client__7e45d512__requests__aiohttp,12,True,fail,post_migration_regressions,pair_capped_mini_20cycle/runs/api_docs_editpair_gpt54mini_fixed_test_policy_20repairs_rerun_001/workspaces/internetarchive@openlibrary-client__7e45d512__requests__aiohttp/artifacts/cycles/cycle_012/test_results/post_migration_assessment.json,6b6da84938acb9c731936187e0f7ff0d740d67daf67925536c8c8c2042926955
docs_enabled,internetarchive@openlibrary-client__7e45d512__requests__aiohttp,13,True,fail,post_migration_regressions,pair_capped_mini_20cycle/runs/api_docs_editpair_gpt54mini_fixed_test_policy_20repairs_rerun_001/workspaces/internetarchive@openlibrary-client__7e45d512__requests__aiohttp/artifacts/cycles/cycle_013/test_results/post_migration_assessment.json,6b6da84938acb9c731936187e0f7ff0d740d67daf67925536c8c8c2042926955
docs_enabled,internetarchive@openlibrary-client__7e45d512__requests__aiohttp,14,True,fail,post_migration_regressions,pair_capped_mini_20cycle/runs/api_docs_editpair_gpt54mini_fixed_test_policy_20repairs_rerun_001/workspaces/internetarchive@openlibrary-client__7e45d512__requests__aiohttp/artifacts/cycles/cycle_014/test_results/post_migration_assessment.json,6b6da84938acb9c731936187e0f7ff0d740d67daf67925536c8c8c2042926955
docs_enabled,internetarchive@openlibrary-client__7e45d512__requests__aiohttp,15,True,fail,post_migration_regressions,pair_capped_mini_20cycle/runs/api_docs_editpair_gpt54mini_fixed_test_policy_20repairs_rerun_001/workspaces/internetarchive@openlibrary-client__7e45d512__requests__aiohttp/artifacts/cycles/cycle_015/test_results/post_migration_assessment.json,6b6da84938acb9c731936187e0f7ff0d740d67daf67925536c8c8c2042926955
docs_enabled,internetarchive@openlibrary-client__7e45d512__requests__aiohttp,16,True,fail,post_migration_regressions,pair_capped_mini_20cycle/runs/api_docs_editpair_gpt54mini_fixed_test_policy_20repairs_rerun_001/workspaces/internetarchive@openlibrary-client__7e45d512__requests__aiohttp/artifacts/cycles/cycle_016/test_results/post_migration_assessment.json,6b6da84938acb9c731936187e0f7ff0d740d67daf67925536c8c8c2042926955
docs_enabled,internetarchive@openlibrary-client__7e45d512__requests__aiohttp,17,True,fail,post_migration_regressions,pair_capped_mini_20cycle/runs/api_docs_editpair_gpt54mini_fixed_test_policy_20repairs_rerun_001/workspaces/internetarchive@openlibrary-client__7e45d512__requests__aiohttp/artifacts/cycles/cycle_017/test_results/post_migration_assessment.json,6b6da84938acb9c731936187e0f7ff0d740d67daf67925536c8c8c2042926955
docs_enabled,internetarchive@openlibrary-client__7e45d512__requests__aiohttp,18,True,fail,post_migration_regressions,pair_capped_mini_20cycle/runs/api_docs_editpair_gpt54mini_fixed_test_policy_20repairs_rerun_001/workspaces/internetarchive@openlibrary-client__7e45d512__requests__aiohttp/artifacts/cycles/cycle_018/test_results/post_migration_assessment.json,6b6da84938acb9c731936187e0f7ff0d740d67daf67925536c8c8c2042926955
docs_enabled,internetarchive@openlibrary-client__7e45d512__requests__aiohttp,19,True,pass,ok,pair_capped_mini_20cycle/runs/api_docs_editpair_gpt54mini_fixed_test_policy_20repairs_rerun_001/workspaces/internetarchive@openlibrary-client__7e45d512__requests__aiohttp/artifacts/cycles/cycle_019/test_results/post_migration_assessment.json,2274270e68673db27caef594e0e234d38616e5b865e74e1aa52ccf06873a123b
docs_enabled,invinet@python-en16931__5e3a4a6c__requests__pycurl,1,True,pass,ok,pair_capped_mini_20cycle/runs/api_docs_editpair_gpt54mini_fixed_test_policy_20repairs_rerun_001/workspaces/invinet@python-en16931__5e3a4a6c__requests__pycurl/artifacts/cycles/cycle_001/test_results/post_migration_assessment.json,7f7c5ae4427e0ba9c50d350d8cb5b37e53d33ad6e54209bf2343ef6d1312676e
docs_enabled,ioggstream@draft-polli-restapi-ld-keywords__f2cb1952__jsonschema__cerberus,1,True,pass,ok,pair_capped_mini_20cycle/runs/api_docs_editpair_gpt54mini_fixed_test_policy_20repairs_rerun_001/workspaces/ioggstream@draft-polli-restapi-ld-keywords__f2cb1952__jsonschema__cerberus/artifacts/cycles/cycle_001/test_results/post_migration_assessment.json,b709b014fdf4dd621cadc07992d95b71a9f9098d5289190b7d783fe0df0d493a
docs_enabled,julian@venvs__71ef4365__attrs__cattrs,1,True,fail,after_validation_anomaly,pair_capped_mini_20cycle/runs/api_docs_editpair_gpt54mini_fixed_test_policy_20repairs_rerun_001/workspaces/julian@venvs__71ef4365__attrs__cattrs/artifacts/cycles/cycle_001/test_results/post_migration_assessment.json,0bcc8a19d4b6bcb12fbd042b8870bfd3f423a986caa29e7d47416803ea58fea8
docs_enabled,julian@venvs__71ef4365__attrs__cattrs,2,True,pass,ok,pair_capped_mini_20cycle/runs/api_docs_editpair_gpt54mini_fixed_test_policy_20repairs_rerun_001/workspaces/julian@venvs__71ef4365__attrs__cattrs/artifacts/cycles/cycle_002/test_results/post_migration_assessment.json,f1bd373cdaaf32749c5b76556831d0929857f00b7df2b6abf65bf0c7d0cfee2f
docs_enabled,julian@venvs__71ef4365__tqdm__progressbar2,1,True,fail,post_migration_regressions,pair_capped_mini_20cycle/runs/api_docs_editpair_gpt54mini_fixed_test_policy_20repairs_rerun_001/workspaces/julian@venvs__71ef4365__tqdm__progressbar2/artifacts/cycles/cycle_001/test_results/post_migration_assessment.json,adf9e8e0b1833a7f8806a722611688f003731d44da9d0e9d65a71a4175213723
docs_enabled,julian@venvs__71ef4365__tqdm__progressbar2,2,True,fail,post_migration_regressions,pair_capped_mini_20cycle/runs/api_docs_editpair_gpt54mini_fixed_test_policy_20repairs_rerun_001/workspaces/julian@venvs__71ef4365__tqdm__progressbar2/artifacts/cycles/cycle_002/test_results/post_migration_assessment.json,54aa388f4d3a1058ec5eb5d011602ec52a51cb12eb3cb16eda438b9a42e39e38
docs_enabled,julian@venvs__71ef4365__tqdm__progressbar2,3,True,fail,after_validation_anomaly,pair_capped_mini_20cycle/runs/api_docs_editpair_gpt54mini_fixed_test_policy_20repairs_rerun_001/workspaces/julian@venvs__71ef4365__tqdm__progressbar2/artifacts/cycles/cycle_003/test_results/post_migration_assessment.json,e315837cfc095bea4a0994d485c25c8d2043fb71f7cf20a1b686f563f6f79bfb
docs_enabled,julian@venvs__71ef4365__tqdm__progressbar2,4,True,pass,ok,pair_capped_mini_20cycle/runs/api_docs_editpair_gpt54mini_fixed_test_policy_20repairs_rerun_001/workspaces/julian@venvs__71ef4365__tqdm__progressbar2/artifacts/cycles/cycle_004/test_results/post_migration_assessment.json,8eab05a6b8d6a3bea95b1e802e1a65ba11370a1caefb7fbb3200434f05a6a730
docs_enabled,junah201@atcoder-readme-stats__c41ed032__beautifulsoup4__pyquery,1,True,fail,post_migration_regressions,pair_capped_mini_20cycle/runs/api_docs_editpair_gpt54mini_fixed_test_policy_20repairs_rerun_001/workspaces/junah201@atcoder-readme-stats__c41ed032__beautifulsoup4__pyquery/artifacts/cycles/cycle_001/test_results/post_migration_assessment.json,c3d21b0e2de626d000bd29e66ff49755f32291a6f2d584a915401d1884fe4492
docs_enabled,junah201@atcoder-readme-stats__c41ed032__beautifulsoup4__pyquery,2,True,pass,ok,pair_capped_mini_20cycle/runs/api_docs_editpair_gpt54mini_fixed_test_policy_20repairs_rerun_001/workspaces/junah201@atcoder-readme-stats__c41ed032__beautifulsoup4__pyquery/artifacts/cycles/cycle_002/test_results/post_migration_assessment.json,3508e8f443de47f0ddf42d8245e46d99338c715fc008311bed2671f7e0ad4d00
docs_enabled,junah201@atcoder-readme-stats__c41ed032__requests__requests_futures,1,True,pass,ok,pair_capped_mini_20cycle/runs/api_docs_editpair_gpt54mini_fixed_test_policy_20repairs_rerun_001/workspaces/junah201@atcoder-readme-stats__c41ed032__requests__requests_futures/artifacts/cycles/cycle_001/test_results/post_migration_assessment.json,c7f3a9d9ea25244b9a34a7f009d294a874bc66fa89b2bf804631fe8f24e295d8
docs_enabled,kmjennison@dfp-prebid-setup__280eba17__colorama__termcolor,1,True,pass,ok,pair_capped_mini_20cycle/runs/api_docs_editpair_gpt54mini_fixed_test_policy_20repairs_rerun_001/workspaces/kmjennison@dfp-prebid-setup__280eba17__colorama__termcolor/artifacts/cycles/cycle_001/test_results/post_migration_assessment.json,d48060f5043490d158d587a125431a42dabe21b9b5564bdbb27042068d26b0c9
docs_enabled,knovichikhin@pyemv__d7df75c3__cryptography__pycryptodome,1,True,fail,post_migration_regressions,pair_capped_mini_20cycle/runs/api_docs_editpair_gpt54mini_fixed_test_policy_20repairs_rerun_001/workspaces/knovichikhin@pyemv__d7df75c3__cryptography__pycryptodome/artifacts/cycles/cycle_001/test_results/post_migration_assessment.json,20807c485a2810261df790bc7cf64e48fdf36491a4ae10b41517ea676f78fd27
docs_enabled,knovichikhin@pyemv__d7df75c3__cryptography__pycryptodome,2,True,fail,post_migration_regressions,pair_capped_mini_20cycle/runs/api_docs_editpair_gpt54mini_fixed_test_policy_20repairs_rerun_001/workspaces/knovichikhin@pyemv__d7df75c3__cryptography__pycryptodome/artifacts/cycles/cycle_002/test_results/post_migration_assessment.json,20807c485a2810261df790bc7cf64e48fdf36491a4ae10b41517ea676f78fd27
docs_enabled,knovichikhin@pyemv__d7df75c3__cryptography__pycryptodome,3,True,fail,post_migration_regressions,pair_capped_mini_20cycle/runs/api_docs_editpair_gpt54mini_fixed_test_policy_20repairs_rerun_001/workspaces/knovichikhin@pyemv__d7df75c3__cryptography__pycryptodome/artifacts/cycles/cycle_003/test_results/post_migration_assessment.json,20807c485a2810261df790bc7cf64e48fdf36491a4ae10b41517ea676f78fd27
docs_enabled,knovichikhin@pyemv__d7df75c3__cryptography__pycryptodome,4,True,fail,post_migration_regressions,pair_capped_mini_20cycle/runs/api_docs_editpair_gpt54mini_fixed_test_policy_20repairs_rerun_001/workspaces/knovichikhin@pyemv__d7df75c3__cryptography__pycryptodome/artifacts/cycles/cycle_004/test_results/post_migration_assessment.json,20807c485a2810261df790bc7cf64e48fdf36491a4ae10b41517ea676f78fd27
docs_enabled,knovichikhin@pyemv__d7df75c3__cryptography__pycryptodome,5,True,fail,post_migration_regressions,pair_capped_mini_20cycle/runs/api_docs_editpair_gpt54mini_fixed_test_policy_20repairs_rerun_001/workspaces/knovichikhin@pyemv__d7df75c3__cryptography__pycryptodome/artifacts/cycles/cycle_005/test_results/post_migration_assessment.json,20807c485a2810261df790bc7cf64e48fdf36491a4ae10b41517ea676f78fd27
docs_enabled,knovichikhin@pyemv__d7df75c3__cryptography__pycryptodome,6,True,fail,post_migration_regressions,pair_capped_mini_20cycle/runs/api_docs_editpair_gpt54mini_fixed_test_policy_20repairs_rerun_001/workspaces/knovichikhin@pyemv__d7df75c3__cryptography__pycryptodome/artifacts/cycles/cycle_006/test_results/post_migration_assessment.json,20807c485a2810261df790bc7cf64e48fdf36491a4ae10b41517ea676f78fd27
docs_enabled,knovichikhin@pyemv__d7df75c3__cryptography__pycryptodome,7,True,fail,post_migration_regressions,pair_capped_mini_20cycle/runs/api_docs_editpair_gpt54mini_fixed_test_policy_20repairs_rerun_001/workspaces/knovichikhin@pyemv__d7df75c3__cryptography__pycryptodome/artifacts/cycles/cycle_007/test_results/post_migration_assessment.json,2567a9cae9149ae92b47606de75addf577fe4d3eee7b8257a9becaf0b887445b
docs_enabled,knovichikhin@pyemv__d7df75c3__cryptography__pycryptodome,8,True,fail,post_migration_regressions,pair_capped_mini_20cycle/runs/api_docs_editpair_gpt54mini_fixed_test_policy_20repairs_rerun_001/workspaces/knovichikhin@pyemv__d7df75c3__cryptography__pycryptodome/artifacts/cycles/cycle_008/test_results/post_migration_assessment.json,20807c485a2810261df790bc7cf64e48fdf36491a4ae10b41517ea676f78fd27
docs_enabled,knovichikhin@pyemv__d7df75c3__cryptography__pycryptodome,9,True,fail,post_migration_regressions,pair_capped_mini_20cycle/runs/api_docs_editpair_gpt54mini_fixed_test_policy_20repairs_rerun_001/workspaces/knovichikhin@pyemv__d7df75c3__cryptography__pycryptodome/artifacts/cycles/cycle_009/test_results/post_migration_assessment.json,b45866a39c7e36ba1614720b0062b1b6da6da13c32f4bc9802a28f2d8201efe1
docs_enabled,knovichikhin@pyemv__d7df75c3__cryptography__pycryptodome,10,True,fail,post_migration_regressions,pair_capped_mini_20cycle/runs/api_docs_editpair_gpt54mini_fixed_test_policy_20repairs_rerun_001/workspaces/knovichikhin@pyemv__d7df75c3__cryptography__pycryptodome/artifacts/cycles/cycle_010/test_results/post_migration_assessment.json,b45866a39c7e36ba1614720b0062b1b6da6da13c32f4bc9802a28f2d8201efe1
docs_enabled,knovichikhin@pyemv__d7df75c3__cryptography__pycryptodome,11,True,fail,post_migration_regressions,pair_capped_mini_20cycle/runs/api_docs_editpair_gpt54mini_fixed_test_policy_20repairs_rerun_001/workspaces/knovichikhin@pyemv__d7df75c3__cryptography__pycryptodome/artifacts/cycles/cycle_011/test_results/post_migration_assessment.json,b45866a39c7e36ba1614720b0062b1b6da6da13c32f4bc9802a28f2d8201efe1
docs_enabled,knovichikhin@pyemv__d7df75c3__cryptography__pycryptodome,12,True,fail,post_migration_regressions,pair_capped_mini_20cycle/runs/api_docs_editpair_gpt54mini_fixed_test_policy_20repairs_rerun_001/workspaces/knovichikhin@pyemv__d7df75c3__cryptography__pycryptodome/artifacts/cycles/cycle_012/test_results/post_migration_assessment.json,b45866a39c7e36ba1614720b0062b1b6da6da13c32f4bc9802a28f2d8201efe1
docs_enabled,knovichikhin@pyemv__d7df75c3__cryptography__pycryptodome,13,True,fail,post_migration_regressions,pair_capped_mini_20cycle/runs/api_docs_editpair_gpt54mini_fixed_test_policy_20repairs_rerun_001/workspaces/knovichikhin@pyemv__d7df75c3__cryptography__pycryptodome/artifacts/cycles/cycle_013/test_results/post_migration_assessment.json,2567a9cae9149ae92b47606de75addf577fe4d3eee7b8257a9becaf0b887445b
docs_enabled,knovichikhin@pyemv__d7df75c3__cryptography__pycryptodome,14,True,fail,post_migration_regressions,pair_capped_mini_20cycle/runs/api_docs_editpair_gpt54mini_fixed_test_policy_20repairs_rerun_001/workspaces/knovichikhin@pyemv__d7df75c3__cryptography__pycryptodome/artifacts/cycles/cycle_014/test_results/post_migration_assessment.json,e6a17b59810a1bf9b8dcd0ac6285b5ebf411a84a1cca728f3100f86eacda6eb1
docs_enabled,knovichikhin@pyemv__d7df75c3__cryptography__pycryptodome,15,True,fail,post_migration_regressions,pair_capped_mini_20cycle/runs/api_docs_editpair_gpt54mini_fixed_test_policy_20repairs_rerun_001/workspaces/knovichikhin@pyemv__d7df75c3__cryptography__pycryptodome/artifacts/cycles/cycle_015/test_results/post_migration_assessment.json,e6a17b59810a1bf9b8dcd0ac6285b5ebf411a84a1cca728f3100f86eacda6eb1
docs_enabled,knovichikhin@pyemv__d7df75c3__cryptography__pycryptodome,16,True,fail,post_migration_regressions,pair_capped_mini_20cycle/runs/api_docs_editpair_gpt54mini_fixed_test_policy_20repairs_rerun_001/workspaces/knovichikhin@pyemv__d7df75c3__cryptography__pycryptodome/artifacts/cycles/cycle_016/test_results/post_migration_assessment.json,e6a17b59810a1bf9b8dcd0ac6285b5ebf411a84a1cca728f3100f86eacda6eb1
docs_enabled,knovichikhin@pyemv__d7df75c3__cryptography__pycryptodome,17,True,fail,post_migration_regressions,pair_capped_mini_20cycle/runs/api_docs_editpair_gpt54mini_fixed_test_policy_20repairs_rerun_001/workspaces/knovichikhin@pyemv__d7df75c3__cryptography__pycryptodome/artifacts/cycles/cycle_017/test_results/post_migration_assessment.json,e6a17b59810a1bf9b8dcd0ac6285b5ebf411a84a1cca728f3100f86eacda6eb1
docs_enabled,knovichikhin@pyemv__d7df75c3__cryptography__pycryptodome,18,True,fail,post_migration_regressions,pair_capped_mini_20cycle/runs/api_docs_editpair_gpt54mini_fixed_test_policy_20repairs_rerun_001/workspaces/knovichikhin@pyemv__d7df75c3__cryptography__pycryptodome/artifacts/cycles/cycle_018/test_results/post_migration_assessment.json,e6a17b59810a1bf9b8dcd0ac6285b5ebf411a84a1cca728f3100f86eacda6eb1
docs_enabled,knovichikhin@pyemv__d7df75c3__cryptography__pycryptodome,19,True,fail,post_migration_regressions,pair_capped_mini_20cycle/runs/api_docs_editpair_gpt54mini_fixed_test_policy_20repairs_rerun_001/workspaces/knovichikhin@pyemv__d7df75c3__cryptography__pycryptodome/artifacts/cycles/cycle_019/test_results/post_migration_assessment.json,e6a17b59810a1bf9b8dcd0ac6285b5ebf411a84a1cca728f3100f86eacda6eb1
docs_enabled,knovichikhin@pyemv__d7df75c3__cryptography__pycryptodome,20,True,fail,post_migration_regressions,pair_capped_mini_20cycle/runs/api_docs_editpair_gpt54mini_fixed_test_policy_20repairs_rerun_001/workspaces/knovichikhin@pyemv__d7df75c3__cryptography__pycryptodome/artifacts/cycles/cycle_020/test_results/post_migration_assessment.json,e6a17b59810a1bf9b8dcd0ac6285b5ebf411a84a1cca728f3100f86eacda6eb1
docs_enabled,knovichikhin@pyemv__d7df75c3__cryptography__pycryptodome,21,True,fail,post_migration_regressions,pair_capped_mini_20cycle/runs/api_docs_editpair_gpt54mini_fixed_test_policy_20repairs_rerun_001/workspaces/knovichikhin@pyemv__d7df75c3__cryptography__pycryptodome/artifacts/cycles/cycle_021/test_results/post_migration_assessment.json,e6a17b59810a1bf9b8dcd0ac6285b5ebf411a84a1cca728f3100f86eacda6eb1
docs_enabled,lipoja@urlextract__3dec042b__filelock__portalocker,1,True,pass,ok,pair_capped_mini_20cycle/runs/api_docs_editpair_gpt54mini_fixed_test_policy_20repairs_rerun_001/workspaces/lipoja@urlextract__3dec042b__filelock__portalocker/artifacts/cycles/cycle_001/test_results/post_migration_assessment.json,e8966f8e9caf7d8e21cb3dfe17348a0edc611bd728bc7cc1e21c8b3cb42fcce0
docs_enabled,lukasschwab@arxiv.py__a1180d0e__requests__urllib3,1,True,fail,post_migration_regressions,pair_capped_mini_20cycle/runs/api_docs_editpair_gpt54mini_fixed_test_policy_20repairs_rerun_001/workspaces/lukasschwab@arxiv.py__a1180d0e__requests__urllib3/artifacts/cycles/cycle_001/test_results/post_migration_assessment.json,e27463bfcc922be3996f4095ced0a06f386d13ec1c9fb9481badad43bf4df61c
docs_enabled,lukasschwab@arxiv.py__a1180d0e__requests__urllib3,2,True,fail,post_migration_regressions,pair_capped_mini_20cycle/runs/api_docs_editpair_gpt54mini_fixed_test_policy_20repairs_rerun_001/workspaces/lukasschwab@arxiv.py__a1180d0e__requests__urllib3/artifacts/cycles/cycle_002/test_results/post_migration_assessment.json,e27463bfcc922be3996f4095ced0a06f386d13ec1c9fb9481badad43bf4df61c
docs_enabled,lukasschwab@arxiv.py__a1180d0e__requests__urllib3,3,True,fail,post_migration_regressions,pair_capped_mini_20cycle/runs/api_docs_editpair_gpt54mini_fixed_test_policy_20repairs_rerun_001/workspaces/lukasschwab@arxiv.py__a1180d0e__requests__urllib3/artifacts/cycles/cycle_003/test_results/post_migration_assessment.json,e27463bfcc922be3996f4095ced0a06f386d13ec1c9fb9481badad43bf4df61c
docs_enabled,lukasschwab@arxiv.py__a1180d0e__requests__urllib3,4,True,fail,post_migration_regressions,pair_capped_mini_20cycle/runs/api_docs_editpair_gpt54mini_fixed_test_policy_20repairs_rerun_001/workspaces/lukasschwab@arxiv.py__a1180d0e__requests__urllib3/artifacts/cycles/cycle_004/test_results/post_migration_assessment.json,e27463bfcc922be3996f4095ced0a06f386d13ec1c9fb9481badad43bf4df61c
docs_enabled,lukasschwab@arxiv.py__a1180d0e__requests__urllib3,5,True,fail,post_migration_regressions,pair_capped_mini_20cycle/runs/api_docs_editpair_gpt54mini_fixed_test_policy_20repairs_rerun_001/workspaces/lukasschwab@arxiv.py__a1180d0e__requests__urllib3/artifacts/cycles/cycle_005/test_results/post_migration_assessment.json,e27463bfcc922be3996f4095ced0a06f386d13ec1c9fb9481badad43bf4df61c
docs_enabled,lukasschwab@arxiv.py__a1180d0e__requests__urllib3,6,True,fail,post_migration_regressions,pair_capped_mini_20cycle/runs/api_docs_editpair_gpt54mini_fixed_test_policy_20repairs_rerun_001/workspaces/lukasschwab@arxiv.py__a1180d0e__requests__urllib3/artifacts/cycles/cycle_006/test_results/post_migration_assessment.json,e27463bfcc922be3996f4095ced0a06f386d13ec1c9fb9481badad43bf4df61c
docs_enabled,lukasschwab@arxiv.py__a1180d0e__requests__urllib3,7,True,fail,migration_generation_failed,pair_capped_mini_20cycle/runs/api_docs_editpair_gpt54mini_fixed_test_policy_20repairs_rerun_001/workspaces/lukasschwab@arxiv.py__a1180d0e__requests__urllib3/artifacts/cycles/cycle_007/test_results/post_migration_assessment.json,6bcc2858f1074771ad3d95518df42408d85d0e5e4ae2646a5f73f9bdb243fb2a
docs_enabled,martin-majlis@wikipedia-api__a58db566__requests__pycurl,1,True,fail,post_migration_regressions,pair_capped_mini_20cycle/runs/api_docs_editpair_gpt54mini_fixed_test_policy_20repairs_rerun_001/workspaces/martin-majlis@wikipedia-api__a58db566__requests__pycurl/artifacts/cycles/cycle_001/test_results/post_migration_assessment.json,53c961437f622bae26a5d6f34994322f1230415b964ea6b905a2e95709adbf01
docs_enabled,martin-majlis@wikipedia-api__a58db566__requests__pycurl,2,True,pass,ok,pair_capped_mini_20cycle/runs/api_docs_editpair_gpt54mini_fixed_test_policy_20repairs_rerun_001/workspaces/martin-majlis@wikipedia-api__a58db566__requests__pycurl/artifacts/cycles/cycle_002/test_results/post_migration_assessment.json,6f185b2fa0afa01ea731a28b3647aa774232c0e809ef94bb62c7727d43cffcea
docs_enabled,medialab@casanova__38b9a281__urllib3__aiohttp,1,True,fail,after_validation_anomaly,pair_capped_mini_20cycle/runs/api_docs_editpair_gpt54mini_fixed_test_policy_20repairs_rerun_001/workspaces/medialab@casanova__38b9a281__urllib3__aiohttp/artifacts/cycles/cycle_001/test_results/post_migration_assessment.json,e42669db544b1810e36287efb3c5305c013e65209013d1a5886d38cb63e38492
docs_enabled,medialab@casanova__38b9a281__urllib3__aiohttp,2,True,pass,ok,pair_capped_mini_20cycle/runs/api_docs_editpair_gpt54mini_fixed_test_policy_20repairs_rerun_001/workspaces/medialab@casanova__38b9a281__urllib3__aiohttp/artifacts/cycles/cycle_002/test_results/post_migration_assessment.json,0d575deb70e672dcb26b999f156d2abe90ae39a5cc38e9a4cf455d1866ec8f46
docs_enabled,microsoft@knack__b1164b57__pygments__rich,1,True,pass,ok,pair_capped_mini_20cycle/runs/api_docs_editpair_gpt54mini_fixed_test_policy_20repairs_rerun_001/workspaces/microsoft@knack__b1164b57__pygments__rich/artifacts/cycles/cycle_001/test_results/post_migration_assessment.json,26adef3c18f11feec037849c9ef2fcef8e984676110493a89d0762245877cc09
docs_enabled,miguelgrinberg@microblog-api__e250d711__click__plac,1,True,pass,ok,pair_capped_mini_20cycle/runs/api_docs_editpair_gpt54mini_fixed_test_policy_20repairs_rerun_001/workspaces/miguelgrinberg@microblog-api__e250d711__click__plac/artifacts/cycles/cycle_001/test_results/post_migration_assessment.json,1d38bea9adea4b3016e9390f4599b6a34f7c2543e6cb62c8688c19a5f994f177
docs_enabled,miguelgrinberg@microblog-api__e250d711__click__typer,1,True,pass,ok,pair_capped_mini_20cycle/runs/api_docs_editpair_gpt54mini_fixed_test_policy_20repairs_rerun_001/workspaces/miguelgrinberg@microblog-api__e250d711__click__typer/artifacts/cycles/cycle_001/test_results/post_migration_assessment.json,0b8d8dd28b80e31c24127696d90746a92ef682ed9364864af99fe1a08f350667
docs_enabled,miguelgrinberg@microblog-api__e250d711__flask__bottle,1,True,pass,ok,pair_capped_mini_20cycle/runs/api_docs_editpair_gpt54mini_fixed_test_policy_20repairs_rerun_001/workspaces/miguelgrinberg@microblog-api__e250d711__flask__bottle/artifacts/cycles/cycle_001/test_results/post_migration_assessment.json,bc75821d0603a1dece3d3df07c6b075b23e986c9d8062d0b9d2eaf6cca24abb4
docs_enabled,miguelgrinberg@microblog-api__e250d711__flask__cherrypy,1,True,pass,ok,pair_capped_mini_20cycle/runs/api_docs_editpair_gpt54mini_fixed_test_policy_20repairs_rerun_001/workspaces/miguelgrinberg@microblog-api__e250d711__flask__cherrypy/artifacts/cycles/cycle_001/test_results/post_migration_assessment.json,dd5d66322228cb979b5a4b9c85bd9e9fd9e3ca98ad22e445b9198a960ee06563
docs_enabled,miguelgrinberg@microblog-api__e250d711__flask__fastapi,1,True,pass,ok,pair_capped_mini_20cycle/runs/api_docs_editpair_gpt54mini_fixed_test_policy_20repairs_rerun_001/workspaces/miguelgrinberg@microblog-api__e250d711__flask__fastapi/artifacts/cycles/cycle_001/test_results/post_migration_assessment.json,2f8454b55e45214e2e5183296923311a8a8b9f6b1bd12b84c99dbb2a4f23745f
docs_enabled,miguelgrinberg@microblog-api__e250d711__flask__sanic,1,True,fail,after_validation_anomaly,pair_capped_mini_20cycle/runs/api_docs_editpair_gpt54mini_fixed_test_policy_20repairs_rerun_001/workspaces/miguelgrinberg@microblog-api__e250d711__flask__sanic/artifacts/cycles/cycle_001/test_results/post_migration_assessment.json,ce92900f606ad33ce0c05a6a84ffb5bed993e592fa86f300a5ac4ad0b6b6f026
docs_enabled,miguelgrinberg@microblog-api__e250d711__flask__sanic,2,True,pass,ok,pair_capped_mini_20cycle/runs/api_docs_editpair_gpt54mini_fixed_test_policy_20repairs_rerun_001/workspaces/miguelgrinberg@microblog-api__e250d711__flask__sanic/artifacts/cycles/cycle_002/test_results/post_migration_assessment.json,c3ea3df6feeda7a0cde090384bd37e33c06d30b69e5566ae92be30a556972adc
docs_enabled,miguelgrinberg@microblog-api__e250d711__flask__tornado,1,True,pass,ok,pair_capped_mini_20cycle/runs/api_docs_editpair_gpt54mini_fixed_test_policy_20repairs_rerun_001/workspaces/miguelgrinberg@microblog-api__e250d711__flask__tornado/artifacts/cycles/cycle_001/test_results/post_migration_assessment.json,3d5290051fb18b354c628bb8fee415dc87a69a28a65f6bff0589165f2da33bdd
docs_enabled,miguelgrinberg@microblog-api__e250d711__python-dotenv__environs,1,True,fail,after_validation_anomaly,pair_capped_mini_20cycle/runs/api_docs_editpair_gpt54mini_fixed_test_policy_20repairs_rerun_001/workspaces/miguelgrinberg@microblog-api__e250d711__python-dotenv__environs/artifacts/cycles/cycle_001/test_results/post_migration_assessment.json,7c3eb392837dfdcb510033caccc642bd4657213f1dbb359bc54501f569dd5c43
docs_enabled,miguelgrinberg@microblog-api__e250d711__python-dotenv__environs,2,True,fail,after_validation_anomaly,pair_capped_mini_20cycle/runs/api_docs_editpair_gpt54mini_fixed_test_policy_20repairs_rerun_001/workspaces/miguelgrinberg@microblog-api__e250d711__python-dotenv__environs/artifacts/cycles/cycle_002/test_results/post_migration_assessment.json,7c3eb392837dfdcb510033caccc642bd4657213f1dbb359bc54501f569dd5c43
docs_enabled,miguelgrinberg@microblog-api__e250d711__python-dotenv__environs,3,True,fail,after_validation_anomaly,pair_capped_mini_20cycle/runs/api_docs_editpair_gpt54mini_fixed_test_policy_20repairs_rerun_001/workspaces/miguelgrinberg@microblog-api__e250d711__python-dotenv__environs/artifacts/cycles/cycle_003/test_results/post_migration_assessment.json,7c3eb392837dfdcb510033caccc642bd4657213f1dbb359bc54501f569dd5c43
docs_enabled,miguelgrinberg@microblog-api__e250d711__python-dotenv__environs,4,True,fail,after_validation_anomaly,pair_capped_mini_20cycle/runs/api_docs_editpair_gpt54mini_fixed_test_policy_20repairs_rerun_001/workspaces/miguelgrinberg@microblog-api__e250d711__python-dotenv__environs/artifacts/cycles/cycle_004/test_results/post_migration_assessment.json,7c3eb392837dfdcb510033caccc642bd4657213f1dbb359bc54501f569dd5c43
docs_enabled,miguelgrinberg@microblog-api__e250d711__python-dotenv__environs,5,True,fail,after_validation_anomaly,pair_capped_mini_20cycle/runs/api_docs_editpair_gpt54mini_fixed_test_policy_20repairs_rerun_001/workspaces/miguelgrinberg@microblog-api__e250d711__python-dotenv__environs/artifacts/cycles/cycle_005/test_results/post_migration_assessment.json,7c3eb392837dfdcb510033caccc642bd4657213f1dbb359bc54501f569dd5c43
docs_enabled,miguelgrinberg@microblog-api__e250d711__python-dotenv__environs,6,True,fail,after_validation_anomaly,pair_capped_mini_20cycle/runs/api_docs_editpair_gpt54mini_fixed_test_policy_20repairs_rerun_001/workspaces/miguelgrinberg@microblog-api__e250d711__python-dotenv__environs/artifacts/cycles/cycle_006/test_results/post_migration_assessment.json,7c3eb392837dfdcb510033caccc642bd4657213f1dbb359bc54501f569dd5c43
docs_enabled,miguelgrinberg@microblog-api__e250d711__python-dotenv__environs,7,True,fail,after_validation_anomaly,pair_capped_mini_20cycle/runs/api_docs_editpair_gpt54mini_fixed_test_policy_20repairs_rerun_001/workspaces/miguelgrinberg@microblog-api__e250d711__python-dotenv__environs/artifacts/cycles/cycle_007/test_results/post_migration_assessment.json,7c3eb392837dfdcb510033caccc642bd4657213f1dbb359bc54501f569dd5c43
docs_enabled,miguelgrinberg@microblog-api__e250d711__python-dotenv__environs,8,True,fail,after_validation_anomaly,pair_capped_mini_20cycle/runs/api_docs_editpair_gpt54mini_fixed_test_policy_20repairs_rerun_001/workspaces/miguelgrinberg@microblog-api__e250d711__python-dotenv__environs/artifacts/cycles/cycle_008/test_results/post_migration_assessment.json,7c3eb392837dfdcb510033caccc642bd4657213f1dbb359bc54501f569dd5c43
docs_enabled,miguelgrinberg@microblog-api__e250d711__python-dotenv__environs,9,True,fail,after_validation_anomaly,pair_capped_mini_20cycle/runs/api_docs_editpair_gpt54mini_fixed_test_policy_20repairs_rerun_001/workspaces/miguelgrinberg@microblog-api__e250d711__python-dotenv__environs/artifacts/cycles/cycle_009/test_results/post_migration_assessment.json,7c3eb392837dfdcb510033caccc642bd4657213f1dbb359bc54501f569dd5c43
docs_enabled,miguelgrinberg@microblog-api__e250d711__python-dotenv__environs,10,True,fail,after_validation_anomaly,pair_capped_mini_20cycle/runs/api_docs_editpair_gpt54mini_fixed_test_policy_20repairs_rerun_001/workspaces/miguelgrinberg@microblog-api__e250d711__python-dotenv__environs/artifacts/cycles/cycle_010/test_results/post_migration_assessment.json,7c3eb392837dfdcb510033caccc642bd4657213f1dbb359bc54501f569dd5c43
docs_enabled,miguelgrinberg@microblog-api__e250d711__python-dotenv__environs,11,True,fail,after_validation_anomaly,pair_capped_mini_20cycle/runs/api_docs_editpair_gpt54mini_fixed_test_policy_20repairs_rerun_001/workspaces/miguelgrinberg@microblog-api__e250d711__python-dotenv__environs/artifacts/cycles/cycle_011/test_results/post_migration_assessment.json,7c3eb392837dfdcb510033caccc642bd4657213f1dbb359bc54501f569dd5c43
docs_enabled,miguelgrinberg@microblog-api__e250d711__python-dotenv__environs,12,True,fail,after_validation_anomaly,pair_capped_mini_20cycle/runs/api_docs_editpair_gpt54mini_fixed_test_policy_20repairs_rerun_001/workspaces/miguelgrinberg@microblog-api__e250d711__python-dotenv__environs/artifacts/cycles/cycle_012/test_results/post_migration_assessment.json,7c3eb392837dfdcb510033caccc642bd4657213f1dbb359bc54501f569dd5c43
docs_enabled,miguelgrinberg@microblog-api__e250d711__python-dotenv__environs,13,True,fail,after_validation_anomaly,pair_capped_mini_20cycle/runs/api_docs_editpair_gpt54mini_fixed_test_policy_20repairs_rerun_001/workspaces/miguelgrinberg@microblog-api__e250d711__python-dotenv__environs/artifacts/cycles/cycle_013/test_results/post_migration_assessment.json,7c3eb392837dfdcb510033caccc642bd4657213f1dbb359bc54501f569dd5c43
docs_enabled,miguelgrinberg@microblog-api__e250d711__python-dotenv__environs,14,True,fail,after_validation_anomaly,pair_capped_mini_20cycle/runs/api_docs_editpair_gpt54mini_fixed_test_policy_20repairs_rerun_001/workspaces/miguelgrinberg@microblog-api__e250d711__python-dotenv__environs/artifacts/cycles/cycle_014/test_results/post_migration_assessment.json,7c3eb392837dfdcb510033caccc642bd4657213f1dbb359bc54501f569dd5c43
docs_enabled,miguelgrinberg@microblog-api__e250d711__python-dotenv__environs,15,True,fail,after_validation_anomaly,pair_capped_mini_20cycle/runs/api_docs_editpair_gpt54mini_fixed_test_policy_20repairs_rerun_001/workspaces/miguelgrinberg@microblog-api__e250d711__python-dotenv__environs/artifacts/cycles/cycle_015/test_results/post_migration_assessment.json,7c3eb392837dfdcb510033caccc642bd4657213f1dbb359bc54501f569dd5c43
docs_enabled,miguelgrinberg@microblog-api__e250d711__python-dotenv__environs,16,True,fail,after_validation_anomaly,pair_capped_mini_20cycle/runs/api_docs_editpair_gpt54mini_fixed_test_policy_20repairs_rerun_001/workspaces/miguelgrinberg@microblog-api__e250d711__python-dotenv__environs/artifacts/cycles/cycle_016/test_results/post_migration_assessment.json,7c3eb392837dfdcb510033caccc642bd4657213f1dbb359bc54501f569dd5c43
docs_enabled,miguelgrinberg@microblog-api__e250d711__python-dotenv__environs,17,True,fail,after_validation_anomaly,pair_capped_mini_20cycle/runs/api_docs_editpair_gpt54mini_fixed_test_policy_20repairs_rerun_001/workspaces/miguelgrinberg@microblog-api__e250d711__python-dotenv__environs/artifacts/cycles/cycle_017/test_results/post_migration_assessment.json,7c3eb392837dfdcb510033caccc642bd4657213f1dbb359bc54501f569dd5c43
docs_enabled,miguelgrinberg@microblog-api__e250d711__python-dotenv__environs,18,True,fail,after_validation_anomaly,pair_capped_mini_20cycle/runs/api_docs_editpair_gpt54mini_fixed_test_policy_20repairs_rerun_001/workspaces/miguelgrinberg@microblog-api__e250d711__python-dotenv__environs/artifacts/cycles/cycle_018/test_results/post_migration_assessment.json,7c3eb392837dfdcb510033caccc642bd4657213f1dbb359bc54501f569dd5c43
docs_enabled,miguelgrinberg@microblog-api__e250d711__python-dotenv__environs,19,True,fail,after_validation_anomaly,pair_capped_mini_20cycle/runs/api_docs_editpair_gpt54mini_fixed_test_policy_20repairs_rerun_001/workspaces/miguelgrinberg@microblog-api__e250d711__python-dotenv__environs/artifacts/cycles/cycle_019/test_results/post_migration_assessment.json,7c3eb392837dfdcb510033caccc642bd4657213f1dbb359bc54501f569dd5c43
docs_enabled,miguelgrinberg@microblog-api__e250d711__python-dotenv__environs,20,True,fail,after_validation_anomaly,pair_capped_mini_20cycle/runs/api_docs_editpair_gpt54mini_fixed_test_policy_20repairs_rerun_001/workspaces/miguelgrinberg@microblog-api__e250d711__python-dotenv__environs/artifacts/cycles/cycle_020/test_results/post_migration_assessment.json,7c3eb392837dfdcb510033caccc642bd4657213f1dbb359bc54501f569dd5c43
docs_enabled,miguelgrinberg@microblog-api__e250d711__python-dotenv__environs,21,True,fail,after_validation_anomaly,pair_capped_mini_20cycle/runs/api_docs_editpair_gpt54mini_fixed_test_policy_20repairs_rerun_001/workspaces/miguelgrinberg@microblog-api__e250d711__python-dotenv__environs/artifacts/cycles/cycle_021/test_results/post_migration_assessment.json,7c3eb392837dfdcb510033caccc642bd4657213f1dbb359bc54501f569dd5c43
docs_enabled,miguelgrinberg@microblog-api__e250d711__requests__treq,1,True,fail,post_migration_regressions,pair_capped_mini_20cycle/runs/api_docs_editpair_gpt54mini_fixed_test_policy_20repairs_rerun_001/workspaces/miguelgrinberg@microblog-api__e250d711__requests__treq/artifacts/cycles/cycle_001/test_results/post_migration_assessment.json,70636f791f1ca9539899efc1df388696fb8000150d6b12eae13c3de810cd9cff
docs_enabled,miguelgrinberg@microblog-api__e250d711__requests__treq,2,True,fail,post_migration_regressions,pair_capped_mini_20cycle/runs/api_docs_editpair_gpt54mini_fixed_test_policy_20repairs_rerun_001/workspaces/miguelgrinberg@microblog-api__e250d711__requests__treq/artifacts/cycles/cycle_002/test_results/post_migration_assessment.json,70636f791f1ca9539899efc1df388696fb8000150d6b12eae13c3de810cd9cff
docs_enabled,miguelgrinberg@microblog-api__e250d711__requests__treq,3,True,fail,post_migration_regressions,pair_capped_mini_20cycle/runs/api_docs_editpair_gpt54mini_fixed_test_policy_20repairs_rerun_001/workspaces/miguelgrinberg@microblog-api__e250d711__requests__treq/artifacts/cycles/cycle_003/test_results/post_migration_assessment.json,70636f791f1ca9539899efc1df388696fb8000150d6b12eae13c3de810cd9cff
docs_enabled,miguelgrinberg@microblog-api__e250d711__requests__treq,4,True,fail,post_migration_regressions,pair_capped_mini_20cycle/runs/api_docs_editpair_gpt54mini_fixed_test_policy_20repairs_rerun_001/workspaces/miguelgrinberg@microblog-api__e250d711__requests__treq/artifacts/cycles/cycle_004/test_results/post_migration_assessment.json,70636f791f1ca9539899efc1df388696fb8000150d6b12eae13c3de810cd9cff
docs_enabled,miguelgrinberg@microblog-api__e250d711__requests__treq,5,True,pass,ok,pair_capped_mini_20cycle/runs/api_docs_editpair_gpt54mini_fixed_test_policy_20repairs_rerun_001/workspaces/miguelgrinberg@microblog-api__e250d711__requests__treq/artifacts/cycles/cycle_005/test_results/post_migration_assessment.json,4b74c479db8e672043f82f73bf795ba3878a5f794050ca402a7a3eb22ad1ad04
docs_enabled,mindsdb@mindsdb_sql__5a7cf55c__sqlalchemy__sqlobject,1,True,fail,after_validation_anomaly,pair_capped_mini_20cycle/runs/api_docs_editpair_gpt54mini_fixed_test_policy_20repairs_rerun_001/workspaces/mindsdb@mindsdb_sql__5a7cf55c__sqlalchemy__sqlobject/artifacts/cycles/cycle_001/test_results/post_migration_assessment.json,9329a481e2e61fe11b10b8af781d135883ef82af19cd6a1a9d4eaa893bd2d55a
docs_enabled,mindsdb@mindsdb_sql__5a7cf55c__sqlalchemy__sqlobject,2,True,fail,after_validation_anomaly,pair_capped_mini_20cycle/runs/api_docs_editpair_gpt54mini_fixed_test_policy_20repairs_rerun_001/workspaces/mindsdb@mindsdb_sql__5a7cf55c__sqlalchemy__sqlobject/artifacts/cycles/cycle_002/test_results/post_migration_assessment.json,9329a481e2e61fe11b10b8af781d135883ef82af19cd6a1a9d4eaa893bd2d55a
docs_enabled,mindsdb@mindsdb_sql__5a7cf55c__sqlalchemy__sqlobject,3,True,fail,after_validation_anomaly,pair_capped_mini_20cycle/runs/api_docs_editpair_gpt54mini_fixed_test_policy_20repairs_rerun_001/workspaces/mindsdb@mindsdb_sql__5a7cf55c__sqlalchemy__sqlobject/artifacts/cycles/cycle_003/test_results/post_migration_assessment.json,9329a481e2e61fe11b10b8af781d135883ef82af19cd6a1a9d4eaa893bd2d55a
docs_enabled,mindsdb@mindsdb_sql__5a7cf55c__sqlalchemy__sqlobject,4,True,fail,after_validation_anomaly,pair_capped_mini_20cycle/runs/api_docs_editpair_gpt54mini_fixed_test_policy_20repairs_rerun_001/workspaces/mindsdb@mindsdb_sql__5a7cf55c__sqlalchemy__sqlobject/artifacts/cycles/cycle_004/test_results/post_migration_assessment.json,9329a481e2e61fe11b10b8af781d135883ef82af19cd6a1a9d4eaa893bd2d55a
docs_enabled,mindsdb@mindsdb_sql__5a7cf55c__sqlalchemy__sqlobject,5,True,fail,after_validation_anomaly,pair_capped_mini_20cycle/runs/api_docs_editpair_gpt54mini_fixed_test_policy_20repairs_rerun_001/workspaces/mindsdb@mindsdb_sql__5a7cf55c__sqlalchemy__sqlobject/artifacts/cycles/cycle_005/test_results/post_migration_assessment.json,9329a481e2e61fe11b10b8af781d135883ef82af19cd6a1a9d4eaa893bd2d55a
docs_enabled,mindsdb@mindsdb_sql__5a7cf55c__sqlalchemy__sqlobject,6,True,fail,after_validation_anomaly,pair_capped_mini_20cycle/runs/api_docs_editpair_gpt54mini_fixed_test_policy_20repairs_rerun_001/workspaces/mindsdb@mindsdb_sql__5a7cf55c__sqlalchemy__sqlobject/artifacts/cycles/cycle_006/test_results/post_migration_assessment.json,9329a481e2e61fe11b10b8af781d135883ef82af19cd6a1a9d4eaa893bd2d55a
docs_enabled,mindsdb@mindsdb_sql__5a7cf55c__sqlalchemy__sqlobject,7,True,fail,after_validation_anomaly,pair_capped_mini_20cycle/runs/api_docs_editpair_gpt54mini_fixed_test_policy_20repairs_rerun_001/workspaces/mindsdb@mindsdb_sql__5a7cf55c__sqlalchemy__sqlobject/artifacts/cycles/cycle_007/test_results/post_migration_assessment.json,9329a481e2e61fe11b10b8af781d135883ef82af19cd6a1a9d4eaa893bd2d55a
docs_enabled,mindsdb@mindsdb_sql__5a7cf55c__sqlalchemy__sqlobject,8,True,fail,after_validation_anomaly,pair_capped_mini_20cycle/runs/api_docs_editpair_gpt54mini_fixed_test_policy_20repairs_rerun_001/workspaces/mindsdb@mindsdb_sql__5a7cf55c__sqlalchemy__sqlobject/artifacts/cycles/cycle_008/test_results/post_migration_assessment.json,9329a481e2e61fe11b10b8af781d135883ef82af19cd6a1a9d4eaa893bd2d55a
docs_enabled,mindsdb@mindsdb_sql__5a7cf55c__sqlalchemy__sqlobject,9,True,fail,after_validation_anomaly,pair_capped_mini_20cycle/runs/api_docs_editpair_gpt54mini_fixed_test_policy_20repairs_rerun_001/workspaces/mindsdb@mindsdb_sql__5a7cf55c__sqlalchemy__sqlobject/artifacts/cycles/cycle_009/test_results/post_migration_assessment.json,9329a481e2e61fe11b10b8af781d135883ef82af19cd6a1a9d4eaa893bd2d55a
docs_enabled,mindsdb@mindsdb_sql__5a7cf55c__sqlalchemy__sqlobject,10,True,fail,after_validation_anomaly,pair_capped_mini_20cycle/runs/api_docs_editpair_gpt54mini_fixed_test_policy_20repairs_rerun_001/workspaces/mindsdb@mindsdb_sql__5a7cf55c__sqlalchemy__sqlobject/artifacts/cycles/cycle_010/test_results/post_migration_assessment.json,9329a481e2e61fe11b10b8af781d135883ef82af19cd6a1a9d4eaa893bd2d55a
docs_enabled,mindsdb@mindsdb_sql__5a7cf55c__sqlalchemy__sqlobject,11,True,fail,after_validation_anomaly,pair_capped_mini_20cycle/runs/api_docs_editpair_gpt54mini_fixed_test_policy_20repairs_rerun_001/workspaces/mindsdb@mindsdb_sql__5a7cf55c__sqlalchemy__sqlobject/artifacts/cycles/cycle_011/test_results/post_migration_assessment.json,9329a481e2e61fe11b10b8af781d135883ef82af19cd6a1a9d4eaa893bd2d55a
docs_enabled,mindsdb@mindsdb_sql__5a7cf55c__sqlalchemy__sqlobject,12,True,fail,after_validation_anomaly,pair_capped_mini_20cycle/runs/api_docs_editpair_gpt54mini_fixed_test_policy_20repairs_rerun_001/workspaces/mindsdb@mindsdb_sql__5a7cf55c__sqlalchemy__sqlobject/artifacts/cycles/cycle_012/test_results/post_migration_assessment.json,9329a481e2e61fe11b10b8af781d135883ef82af19cd6a1a9d4eaa893bd2d55a
docs_enabled,mindsdb@mindsdb_sql__5a7cf55c__sqlalchemy__sqlobject,13,True,fail,after_validation_anomaly,pair_capped_mini_20cycle/runs/api_docs_editpair_gpt54mini_fixed_test_policy_20repairs_rerun_001/workspaces/mindsdb@mindsdb_sql__5a7cf55c__sqlalchemy__sqlobject/artifacts/cycles/cycle_013/test_results/post_migration_assessment.json,9329a481e2e61fe11b10b8af781d135883ef82af19cd6a1a9d4eaa893bd2d55a
docs_enabled,mindsdb@mindsdb_sql__5a7cf55c__sqlalchemy__sqlobject,14,True,fail,after_validation_anomaly,pair_capped_mini_20cycle/runs/api_docs_editpair_gpt54mini_fixed_test_policy_20repairs_rerun_001/workspaces/mindsdb@mindsdb_sql__5a7cf55c__sqlalchemy__sqlobject/artifacts/cycles/cycle_014/test_results/post_migration_assessment.json,9329a481e2e61fe11b10b8af781d135883ef82af19cd6a1a9d4eaa893bd2d55a
docs_enabled,mindsdb@mindsdb_sql__5a7cf55c__sqlalchemy__sqlobject,15,True,fail,after_validation_anomaly,pair_capped_mini_20cycle/runs/api_docs_editpair_gpt54mini_fixed_test_policy_20repairs_rerun_001/workspaces/mindsdb@mindsdb_sql__5a7cf55c__sqlalchemy__sqlobject/artifacts/cycles/cycle_015/test_results/post_migration_assessment.json,9329a481e2e61fe11b10b8af781d135883ef82af19cd6a1a9d4eaa893bd2d55a
docs_enabled,mindsdb@mindsdb_sql__5a7cf55c__sqlalchemy__sqlobject,16,True,fail,after_validation_anomaly,pair_capped_mini_20cycle/runs/api_docs_editpair_gpt54mini_fixed_test_policy_20repairs_rerun_001/workspaces/mindsdb@mindsdb_sql__5a7cf55c__sqlalchemy__sqlobject/artifacts/cycles/cycle_016/test_results/post_migration_assessment.json,9329a481e2e61fe11b10b8af781d135883ef82af19cd6a1a9d4eaa893bd2d55a
docs_enabled,mindsdb@mindsdb_sql__5a7cf55c__sqlalchemy__sqlobject,17,True,fail,after_validation_anomaly,pair_capped_mini_20cycle/runs/api_docs_editpair_gpt54mini_fixed_test_policy_20repairs_rerun_001/workspaces/mindsdb@mindsdb_sql__5a7cf55c__sqlalchemy__sqlobject/artifacts/cycles/cycle_017/test_results/post_migration_assessment.json,9329a481e2e61fe11b10b8af781d135883ef82af19cd6a1a9d4eaa893bd2d55a
docs_enabled,mindsdb@mindsdb_sql__5a7cf55c__sqlalchemy__sqlobject,18,True,fail,after_validation_anomaly,pair_capped_mini_20cycle/runs/api_docs_editpair_gpt54mini_fixed_test_policy_20repairs_rerun_001/workspaces/mindsdb@mindsdb_sql__5a7cf55c__sqlalchemy__sqlobject/artifacts/cycles/cycle_018/test_results/post_migration_assessment.json,9329a481e2e61fe11b10b8af781d135883ef82af19cd6a1a9d4eaa893bd2d55a
docs_enabled,mindsdb@mindsdb_sql__5a7cf55c__sqlalchemy__sqlobject,19,True,fail,after_validation_anomaly,pair_capped_mini_20cycle/runs/api_docs_editpair_gpt54mini_fixed_test_policy_20repairs_rerun_001/workspaces/mindsdb@mindsdb_sql__5a7cf55c__sqlalchemy__sqlobject/artifacts/cycles/cycle_019/test_results/post_migration_assessment.json,9329a481e2e61fe11b10b8af781d135883ef82af19cd6a1a9d4eaa893bd2d55a
docs_enabled,mindsdb@mindsdb_sql__5a7cf55c__sqlalchemy__sqlobject,20,True,fail,after_validation_anomaly,pair_capped_mini_20cycle/runs/api_docs_editpair_gpt54mini_fixed_test_policy_20repairs_rerun_001/workspaces/mindsdb@mindsdb_sql__5a7cf55c__sqlalchemy__sqlobject/artifacts/cycles/cycle_020/test_results/post_migration_assessment.json,9329a481e2e61fe11b10b8af781d135883ef82af19cd6a1a9d4eaa893bd2d55a
docs_enabled,mindsdb@mindsdb_sql__5a7cf55c__sqlalchemy__sqlobject,21,True,fail,after_validation_anomaly,pair_capped_mini_20cycle/runs/api_docs_editpair_gpt54mini_fixed_test_policy_20repairs_rerun_001/workspaces/mindsdb@mindsdb_sql__5a7cf55c__sqlalchemy__sqlobject/artifacts/cycles/cycle_021/test_results/post_migration_assessment.json,9329a481e2e61fe11b10b8af781d135883ef82af19cd6a1a9d4eaa893bd2d55a
docs_enabled,mindsdb@mindsdb_sql__5a7cf55c__sqlalchemy__tortoise-orm,1,True,fail,after_validation_anomaly,pair_capped_mini_20cycle/runs/api_docs_editpair_gpt54mini_fixed_test_policy_20repairs_rerun_001/workspaces/mindsdb@mindsdb_sql__5a7cf55c__sqlalchemy__tortoise-orm/artifacts/cycles/cycle_001/test_results/post_migration_assessment.json,f680d1ecc147419e6acef8d433f9346a798e887c6f2eb3de73a85c7f9f576630
docs_enabled,mindsdb@mindsdb_sql__5a7cf55c__sqlalchemy__tortoise-orm,2,True,fail,post_migration_regressions,pair_capped_mini_20cycle/runs/api_docs_editpair_gpt54mini_fixed_test_policy_20repairs_rerun_001/workspaces/mindsdb@mindsdb_sql__5a7cf55c__sqlalchemy__tortoise-orm/artifacts/cycles/cycle_002/test_results/post_migration_assessment.json,c9bd78994338ef1645e290b4a96ff1ff4b03d8ef4f6c7c431878504be45970d5
docs_enabled,mindsdb@mindsdb_sql__5a7cf55c__sqlalchemy__tortoise-orm,3,True,pass,ok,pair_capped_mini_20cycle/runs/api_docs_editpair_gpt54mini_fixed_test_policy_20repairs_rerun_001/workspaces/mindsdb@mindsdb_sql__5a7cf55c__sqlalchemy__tortoise-orm/artifacts/cycles/cycle_003/test_results/post_migration_assessment.json,edc17c913a55037a8f5260b7c0cd03efdc7cdc97b0014fa9658603f7ab740b14
docs_enabled,natcap@taskgraph__3f256c6a__importlib-metadata__setuptools,1,True,fail,after_validation_anomaly,pair_capped_mini_20cycle/runs/api_docs_editpair_gpt54mini_fixed_test_policy_20repairs_rerun_001/workspaces/natcap@taskgraph__3f256c6a__importlib-metadata__setuptools/artifacts/cycles/cycle_001/test_results/post_migration_assessment.json,20ba7c815162b24407210e1e602fc6c522d0b38c14b2511454beb86bcc3f34d8
docs_enabled,natcap@taskgraph__3f256c6a__importlib-metadata__setuptools,2,True,pass,ok,pair_capped_mini_20cycle/runs/api_docs_editpair_gpt54mini_fixed_test_policy_20repairs_rerun_001/workspaces/natcap@taskgraph__3f256c6a__importlib-metadata__setuptools/artifacts/cycles/cycle_002/test_results/post_migration_assessment.json,d5a05c742b57a674bae11e9b56a8f943b34df2ac206c1ab22004b335dea53ea9
docs_enabled,omadson@fuzzy-c-means__c1195969__tqdm__alive-progress,1,True,pass,ok,pair_capped_mini_20cycle/runs/api_docs_editpair_gpt54mini_fixed_test_policy_20repairs_rerun_001/workspaces/omadson@fuzzy-c-means__c1195969__tqdm__alive-progress/artifacts/cycles/cycle_001/test_results/post_migration_assessment.json,071611bb1f0a4145f4ebefe3744e9d83ba196c00220edca567137ce9a5968480
docs_enabled,opendilab@di-toolkit__8d728a42__seaborn__altair,1,True,pass,ok,pair_capped_mini_20cycle/runs/api_docs_editpair_gpt54mini_fixed_test_policy_20repairs_rerun_001/workspaces/opendilab@di-toolkit__8d728a42__seaborn__altair/artifacts/cycles/cycle_001/test_results/post_migration_assessment.json,6d84e6ae2ce2ef7410423deeed93e0a36a6557495d47a802b9d526bc1634e16b
docs_enabled,opendilab@di-toolkit__8d728a42__tqdm__alive-progress,1,True,fail,post_migration_regressions,pair_capped_mini_20cycle/runs/api_docs_editpair_gpt54mini_fixed_test_policy_20repairs_rerun_001/workspaces/opendilab@di-toolkit__8d728a42__tqdm__alive-progress/artifacts/cycles/cycle_001/test_results/post_migration_assessment.json,d63ceb666f1172ca20d698b8bbe22e1f288d88afb5e2789b906cb55624f3b94b
docs_enabled,opendilab@di-toolkit__8d728a42__tqdm__alive-progress,2,True,fail,post_migration_regressions,pair_capped_mini_20cycle/runs/api_docs_editpair_gpt54mini_fixed_test_policy_20repairs_rerun_001/workspaces/opendilab@di-toolkit__8d728a42__tqdm__alive-progress/artifacts/cycles/cycle_002/test_results/post_migration_assessment.json,d63ceb666f1172ca20d698b8bbe22e1f288d88afb5e2789b906cb55624f3b94b
docs_enabled,opendilab@di-toolkit__8d728a42__tqdm__alive-progress,3,True,pass,ok,pair_capped_mini_20cycle/runs/api_docs_editpair_gpt54mini_fixed_test_policy_20repairs_rerun_001/workspaces/opendilab@di-toolkit__8d728a42__tqdm__alive-progress/artifacts/cycles/cycle_003/test_results/post_migration_assessment.json,e87cb40f5f81731c6829a64a0c84f28475302e36fbe8a037451bedbca408a59d
docs_enabled,opendilab@di-toolkit__8d728a42__tqdm__progressbar2,1,True,fail,post_migration_regressions,pair_capped_mini_20cycle/runs/api_docs_editpair_gpt54mini_fixed_test_policy_20repairs_rerun_001/workspaces/opendilab@di-toolkit__8d728a42__tqdm__progressbar2/artifacts/cycles/cycle_001/test_results/post_migration_assessment.json,a916a623827391fc74cdfa1115b3b26796d2bd1f1b571c113dbb8cb6059d85da
docs_enabled,opendilab@di-toolkit__8d728a42__tqdm__progressbar2,2,True,fail,post_migration_regressions,pair_capped_mini_20cycle/runs/api_docs_editpair_gpt54mini_fixed_test_policy_20repairs_rerun_001/workspaces/opendilab@di-toolkit__8d728a42__tqdm__progressbar2/artifacts/cycles/cycle_002/test_results/post_migration_assessment.json,a916a623827391fc74cdfa1115b3b26796d2bd1f1b571c113dbb8cb6059d85da
docs_enabled,opendilab@di-toolkit__8d728a42__tqdm__progressbar2,3,True,fail,post_migration_regressions,pair_capped_mini_20cycle/runs/api_docs_editpair_gpt54mini_fixed_test_policy_20repairs_rerun_001/workspaces/opendilab@di-toolkit__8d728a42__tqdm__progressbar2/artifacts/cycles/cycle_003/test_results/post_migration_assessment.json,a916a623827391fc74cdfa1115b3b26796d2bd1f1b571c113dbb8cb6059d85da
docs_enabled,opendilab@di-toolkit__8d728a42__tqdm__progressbar2,4,True,fail,post_migration_regressions,pair_capped_mini_20cycle/runs/api_docs_editpair_gpt54mini_fixed_test_policy_20repairs_rerun_001/workspaces/opendilab@di-toolkit__8d728a42__tqdm__progressbar2/artifacts/cycles/cycle_004/test_results/post_migration_assessment.json,a916a623827391fc74cdfa1115b3b26796d2bd1f1b571c113dbb8cb6059d85da
docs_enabled,opendilab@di-toolkit__8d728a42__tqdm__progressbar2,5,True,pass,ok,pair_capped_mini_20cycle/runs/api_docs_editpair_gpt54mini_fixed_test_policy_20repairs_rerun_001/workspaces/opendilab@di-toolkit__8d728a42__tqdm__progressbar2/artifacts/cycles/cycle_005/test_results/post_migration_assessment.json,5e33c9745a8e2264710d62cb55428446f5e328df27adadc92c211a13fdfdd68e
docs_enabled,ornl@tx2__ce713605__matplotlib__altair,1,True,pass,ok,pair_capped_mini_20cycle/runs/api_docs_editpair_gpt54mini_fixed_test_policy_20repairs_rerun_001/workspaces/ornl@tx2__ce713605__matplotlib__altair/artifacts/cycles/cycle_001/test_results/post_migration_assessment.json,1d17a5fcceed79c6e93b289d197d80bb1fc6af1d6f32438fe4bf607232ad5dc4
docs_enabled,ozgurkara@fastapi-pydiator__7d70a90a__fastapi__sanic,1,False,,,,
docs_enabled,pelagicore@qface__4a77e9aa__jinja2__mako,1,True,fail,post_migration_regressions,pair_capped_mini_20cycle/runs/api_docs_editpair_gpt54mini_fixed_test_policy_20repairs_rerun_001/workspaces/pelagicore@qface__4a77e9aa__jinja2__mako/artifacts/cycles/cycle_001/test_results/post_migration_assessment.json,a8b6267974f75e7eae633081bd47c3933e27a7d4ceb3a8c0cb4aef1cfaa87bfc
docs_enabled,pelagicore@qface__4a77e9aa__jinja2__mako,2,True,fail,post_migration_regressions,pair_capped_mini_20cycle/runs/api_docs_editpair_gpt54mini_fixed_test_policy_20repairs_rerun_001/workspaces/pelagicore@qface__4a77e9aa__jinja2__mako/artifacts/cycles/cycle_002/test_results/post_migration_assessment.json,a8b6267974f75e7eae633081bd47c3933e27a7d4ceb3a8c0cb4aef1cfaa87bfc
docs_enabled,pelagicore@qface__4a77e9aa__jinja2__mako,3,True,fail,post_migration_regressions,pair_capped_mini_20cycle/runs/api_docs_editpair_gpt54mini_fixed_test_policy_20repairs_rerun_001/workspaces/pelagicore@qface__4a77e9aa__jinja2__mako/artifacts/cycles/cycle_003/test_results/post_migration_assessment.json,a8b6267974f75e7eae633081bd47c3933e27a7d4ceb3a8c0cb4aef1cfaa87bfc
docs_enabled,pelagicore@qface__4a77e9aa__jinja2__mako,4,True,fail,post_migration_regressions,pair_capped_mini_20cycle/runs/api_docs_editpair_gpt54mini_fixed_test_policy_20repairs_rerun_001/workspaces/pelagicore@qface__4a77e9aa__jinja2__mako/artifacts/cycles/cycle_004/test_results/post_migration_assessment.json,a8b6267974f75e7eae633081bd47c3933e27a7d4ceb3a8c0cb4aef1cfaa87bfc
docs_enabled,pelagicore@qface__4a77e9aa__jinja2__mako,5,True,fail,post_migration_regressions,pair_capped_mini_20cycle/runs/api_docs_editpair_gpt54mini_fixed_test_policy_20repairs_rerun_001/workspaces/pelagicore@qface__4a77e9aa__jinja2__mako/artifacts/cycles/cycle_005/test_results/post_migration_assessment.json,a8b6267974f75e7eae633081bd47c3933e27a7d4ceb3a8c0cb4aef1cfaa87bfc
docs_enabled,pelagicore@qface__4a77e9aa__jinja2__mako,6,True,fail,post_migration_regressions,pair_capped_mini_20cycle/runs/api_docs_editpair_gpt54mini_fixed_test_policy_20repairs_rerun_001/workspaces/pelagicore@qface__4a77e9aa__jinja2__mako/artifacts/cycles/cycle_006/test_results/post_migration_assessment.json,a8b6267974f75e7eae633081bd47c3933e27a7d4ceb3a8c0cb4aef1cfaa87bfc
docs_enabled,pelagicore@qface__4a77e9aa__jinja2__mako,7,True,fail,post_migration_regressions,pair_capped_mini_20cycle/runs/api_docs_editpair_gpt54mini_fixed_test_policy_20repairs_rerun_001/workspaces/pelagicore@qface__4a77e9aa__jinja2__mako/artifacts/cycles/cycle_007/test_results/post_migration_assessment.json,a8b6267974f75e7eae633081bd47c3933e27a7d4ceb3a8c0cb4aef1cfaa87bfc
docs_enabled,pelagicore@qface__4a77e9aa__jinja2__mako,8,True,fail,post_migration_regressions,pair_capped_mini_20cycle/runs/api_docs_editpair_gpt54mini_fixed_test_policy_20repairs_rerun_001/workspaces/pelagicore@qface__4a77e9aa__jinja2__mako/artifacts/cycles/cycle_008/test_results/post_migration_assessment.json,9046840bccebedfcf345908ede37ad53b02f5701cb49a315d577472d40540725
docs_enabled,pelagicore@qface__4a77e9aa__jinja2__mako,9,True,pass,ok,pair_capped_mini_20cycle/runs/api_docs_editpair_gpt54mini_fixed_test_policy_20repairs_rerun_001/workspaces/pelagicore@qface__4a77e9aa__jinja2__mako/artifacts/cycles/cycle_009/test_results/post_migration_assessment.json,9fa4aaf42e71c41e6d393b1750770ac514e76e46ad531996595d67e551ac42d4
docs_enabled,pittcsc@pittapi__275fb928__beautifulsoup4__pyquery,1,True,fail,post_migration_regressions,pair_capped_mini_20cycle/runs/api_docs_editpair_gpt54mini_fixed_test_policy_20repairs_rerun_001/workspaces/pittcsc@pittapi__275fb928__beautifulsoup4__pyquery/artifacts/cycles/cycle_001/test_results/post_migration_assessment.json,b6658a958f7f6072aa4c595c84378a081fcd2d5e0831d19e351cac75a886d64e
docs_enabled,pittcsc@pittapi__275fb928__beautifulsoup4__pyquery,2,True,fail,post_migration_regressions,pair_capped_mini_20cycle/runs/api_docs_editpair_gpt54mini_fixed_test_policy_20repairs_rerun_001/workspaces/pittcsc@pittapi__275fb928__beautifulsoup4__pyquery/artifacts/cycles/cycle_002/test_results/post_migration_assessment.json,b6658a958f7f6072aa4c595c84378a081fcd2d5e0831d19e351cac75a886d64e
docs_enabled,pittcsc@pittapi__275fb928__beautifulsoup4__pyquery,3,True,fail,post_migration_regressions,pair_capped_mini_20cycle/runs/api_docs_editpair_gpt54mini_fixed_test_policy_20repairs_rerun_001/workspaces/pittcsc@pittapi__275fb928__beautifulsoup4__pyquery/artifacts/cycles/cycle_003/test_results/post_migration_assessment.json,b6658a958f7f6072aa4c595c84378a081fcd2d5e0831d19e351cac75a886d64e
docs_enabled,pittcsc@pittapi__275fb928__beautifulsoup4__pyquery,4,True,fail,post_migration_regressions,pair_capped_mini_20cycle/runs/api_docs_editpair_gpt54mini_fixed_test_policy_20repairs_rerun_001/workspaces/pittcsc@pittapi__275fb928__beautifulsoup4__pyquery/artifacts/cycles/cycle_004/test_results/post_migration_assessment.json,b6658a958f7f6072aa4c595c84378a081fcd2d5e0831d19e351cac75a886d64e
docs_enabled,pittcsc@pittapi__275fb928__beautifulsoup4__pyquery,5,True,fail,post_migration_regressions,pair_capped_mini_20cycle/runs/api_docs_editpair_gpt54mini_fixed_test_policy_20repairs_rerun_001/workspaces/pittcsc@pittapi__275fb928__beautifulsoup4__pyquery/artifacts/cycles/cycle_005/test_results/post_migration_assessment.json,e47adc9fce8e9a531a882c4a2608d06651f6066b01ad3459b701b713fe535810
docs_enabled,pittcsc@pittapi__275fb928__beautifulsoup4__pyquery,6,True,pass,ok,pair_capped_mini_20cycle/runs/api_docs_editpair_gpt54mini_fixed_test_policy_20repairs_rerun_001/workspaces/pittcsc@pittapi__275fb928__beautifulsoup4__pyquery/artifacts/cycles/cycle_006/test_results/post_migration_assessment.json,0529599ef936c7c49150018296ae72d8a2193d61fe7068f0ce39fcba0fa039fd
docs_enabled,pittcsc@pittapi__275fb928__urllib3__httpx,1,True,fail,post_migration_regressions,pair_capped_mini_20cycle/runs/api_docs_editpair_gpt54mini_fixed_test_policy_20repairs_rerun_001/workspaces/pittcsc@pittapi__275fb928__urllib3__httpx/artifacts/cycles/cycle_001/test_results/post_migration_assessment.json,09bd19ee63b96b73083ff9967ba1747ff54337a3436bcb0435ddd68a6283e64b
docs_enabled,pittcsc@pittapi__275fb928__urllib3__httpx,2,True,pass,ok,pair_capped_mini_20cycle/runs/api_docs_editpair_gpt54mini_fixed_test_policy_20repairs_rerun_001/workspaces/pittcsc@pittapi__275fb928__urllib3__httpx/artifacts/cycles/cycle_002/test_results/post_migration_assessment.json,2bd238b7f963720d8d4e23f47e1f09f5af87fe07a88f30e4bb6e0fbf170e4d39
docs_enabled,pittcsc@pittapi__275fb928__urllib3__requests,1,True,pass,ok,pair_capped_mini_20cycle/runs/api_docs_editpair_gpt54mini_fixed_test_policy_20repairs_rerun_001/workspaces/pittcsc@pittapi__275fb928__urllib3__requests/artifacts/cycles/cycle_001/test_results/post_migration_assessment.json,5f0bbc7807e1e2236cf60b5b607c02fc2474bd1be1fae6b057e0570d02c46344
docs_enabled,raphaelauv@fastapi-aiohttp-example__99c2d449__aiohttp__httpx,1,True,fail,after_validation_anomaly,pair_capped_mini_20cycle/runs/api_docs_editpair_gpt54mini_fixed_test_policy_20repairs_rerun_001/workspaces/raphaelauv@fastapi-aiohttp-example__99c2d449__aiohttp__httpx/artifacts/cycles/cycle_001/test_results/post_migration_assessment.json,16193e7c94f78454af8e3254bc027ed88fee06d82a9941d556fadbb1451d30fc
docs_enabled,raphaelauv@fastapi-aiohttp-example__99c2d449__aiohttp__httpx,2,True,fail,post_migration_regressions,pair_capped_mini_20cycle/runs/api_docs_editpair_gpt54mini_fixed_test_policy_20repairs_rerun_001/workspaces/raphaelauv@fastapi-aiohttp-example__99c2d449__aiohttp__httpx/artifacts/cycles/cycle_002/test_results/post_migration_assessment.json,39fb49eb733f22fd7d6a82045145dccb45ff1da9fa3afcee8dc7e24ff29d9646
docs_enabled,raphaelauv@fastapi-aiohttp-example__99c2d449__aiohttp__httpx,3,True,fail,post_migration_regressions,pair_capped_mini_20cycle/runs/api_docs_editpair_gpt54mini_fixed_test_policy_20repairs_rerun_001/workspaces/raphaelauv@fastapi-aiohttp-example__99c2d449__aiohttp__httpx/artifacts/cycles/cycle_003/test_results/post_migration_assessment.json,39fb49eb733f22fd7d6a82045145dccb45ff1da9fa3afcee8dc7e24ff29d9646
docs_enabled,raphaelauv@fastapi-aiohttp-example__99c2d449__aiohttp__httpx,4,True,fail,post_migration_regressions,pair_capped_mini_20cycle/runs/api_docs_editpair_gpt54mini_fixed_test_policy_20repairs_rerun_001/workspaces/raphaelauv@fastapi-aiohttp-example__99c2d449__aiohttp__httpx/artifacts/cycles/cycle_004/test_results/post_migration_assessment.json,39fb49eb733f22fd7d6a82045145dccb45ff1da9fa3afcee8dc7e24ff29d9646
docs_enabled,raphaelauv@fastapi-aiohttp-example__99c2d449__aiohttp__httpx,5,True,fail,post_migration_regressions,pair_capped_mini_20cycle/runs/api_docs_editpair_gpt54mini_fixed_test_policy_20repairs_rerun_001/workspaces/raphaelauv@fastapi-aiohttp-example__99c2d449__aiohttp__httpx/artifacts/cycles/cycle_005/test_results/post_migration_assessment.json,39fb49eb733f22fd7d6a82045145dccb45ff1da9fa3afcee8dc7e24ff29d9646
docs_enabled,raphaelauv@fastapi-aiohttp-example__99c2d449__aiohttp__httpx,6,True,fail,post_migration_regressions,pair_capped_mini_20cycle/runs/api_docs_editpair_gpt54mini_fixed_test_policy_20repairs_rerun_001/workspaces/raphaelauv@fastapi-aiohttp-example__99c2d449__aiohttp__httpx/artifacts/cycles/cycle_006/test_results/post_migration_assessment.json,39fb49eb733f22fd7d6a82045145dccb45ff1da9fa3afcee8dc7e24ff29d9646
docs_enabled,raphaelauv@fastapi-aiohttp-example__99c2d449__aiohttp__httpx,7,True,fail,post_migration_regressions,pair_capped_mini_20cycle/runs/api_docs_editpair_gpt54mini_fixed_test_policy_20repairs_rerun_001/workspaces/raphaelauv@fastapi-aiohttp-example__99c2d449__aiohttp__httpx/artifacts/cycles/cycle_007/test_results/post_migration_assessment.json,39fb49eb733f22fd7d6a82045145dccb45ff1da9fa3afcee8dc7e24ff29d9646
docs_enabled,raphaelauv@fastapi-aiohttp-example__99c2d449__aiohttp__httpx,8,True,fail,post_migration_regressions,pair_capped_mini_20cycle/runs/api_docs_editpair_gpt54mini_fixed_test_policy_20repairs_rerun_001/workspaces/raphaelauv@fastapi-aiohttp-example__99c2d449__aiohttp__httpx/artifacts/cycles/cycle_008/test_results/post_migration_assessment.json,39fb49eb733f22fd7d6a82045145dccb45ff1da9fa3afcee8dc7e24ff29d9646
docs_enabled,raphaelauv@fastapi-aiohttp-example__99c2d449__aiohttp__httpx,9,True,fail,post_migration_regressions,pair_capped_mini_20cycle/runs/api_docs_editpair_gpt54mini_fixed_test_policy_20repairs_rerun_001/workspaces/raphaelauv@fastapi-aiohttp-example__99c2d449__aiohttp__httpx/artifacts/cycles/cycle_009/test_results/post_migration_assessment.json,39fb49eb733f22fd7d6a82045145dccb45ff1da9fa3afcee8dc7e24ff29d9646
docs_enabled,raphaelauv@fastapi-aiohttp-example__99c2d449__aiohttp__httpx,10,True,fail,post_migration_regressions,pair_capped_mini_20cycle/runs/api_docs_editpair_gpt54mini_fixed_test_policy_20repairs_rerun_001/workspaces/raphaelauv@fastapi-aiohttp-example__99c2d449__aiohttp__httpx/artifacts/cycles/cycle_010/test_results/post_migration_assessment.json,39fb49eb733f22fd7d6a82045145dccb45ff1da9fa3afcee8dc7e24ff29d9646
docs_enabled,raphaelauv@fastapi-aiohttp-example__99c2d449__aiohttp__httpx,11,True,fail,post_migration_regressions,pair_capped_mini_20cycle/runs/api_docs_editpair_gpt54mini_fixed_test_policy_20repairs_rerun_001/workspaces/raphaelauv@fastapi-aiohttp-example__99c2d449__aiohttp__httpx/artifacts/cycles/cycle_011/test_results/post_migration_assessment.json,39fb49eb733f22fd7d6a82045145dccb45ff1da9fa3afcee8dc7e24ff29d9646
docs_enabled,raphaelauv@fastapi-aiohttp-example__99c2d449__aiohttp__httpx,12,True,fail,post_migration_regressions,pair_capped_mini_20cycle/runs/api_docs_editpair_gpt54mini_fixed_test_policy_20repairs_rerun_001/workspaces/raphaelauv@fastapi-aiohttp-example__99c2d449__aiohttp__httpx/artifacts/cycles/cycle_012/test_results/post_migration_assessment.json,39fb49eb733f22fd7d6a82045145dccb45ff1da9fa3afcee8dc7e24ff29d9646
docs_enabled,raphaelauv@fastapi-aiohttp-example__99c2d449__aiohttp__httpx,13,True,fail,post_migration_regressions,pair_capped_mini_20cycle/runs/api_docs_editpair_gpt54mini_fixed_test_policy_20repairs_rerun_001/workspaces/raphaelauv@fastapi-aiohttp-example__99c2d449__aiohttp__httpx/artifacts/cycles/cycle_013/test_results/post_migration_assessment.json,39fb49eb733f22fd7d6a82045145dccb45ff1da9fa3afcee8dc7e24ff29d9646
docs_enabled,raphaelauv@fastapi-aiohttp-example__99c2d449__aiohttp__httpx,14,True,fail,post_migration_regressions,pair_capped_mini_20cycle/runs/api_docs_editpair_gpt54mini_fixed_test_policy_20repairs_rerun_001/workspaces/raphaelauv@fastapi-aiohttp-example__99c2d449__aiohttp__httpx/artifacts/cycles/cycle_014/test_results/post_migration_assessment.json,39fb49eb733f22fd7d6a82045145dccb45ff1da9fa3afcee8dc7e24ff29d9646
docs_enabled,raphaelauv@fastapi-aiohttp-example__99c2d449__aiohttp__httpx,15,True,fail,post_migration_regressions,pair_capped_mini_20cycle/runs/api_docs_editpair_gpt54mini_fixed_test_policy_20repairs_rerun_001/workspaces/raphaelauv@fastapi-aiohttp-example__99c2d449__aiohttp__httpx/artifacts/cycles/cycle_015/test_results/post_migration_assessment.json,39fb49eb733f22fd7d6a82045145dccb45ff1da9fa3afcee8dc7e24ff29d9646
docs_enabled,raphaelauv@fastapi-aiohttp-example__99c2d449__aiohttp__httpx,16,True,fail,post_migration_regressions,pair_capped_mini_20cycle/runs/api_docs_editpair_gpt54mini_fixed_test_policy_20repairs_rerun_001/workspaces/raphaelauv@fastapi-aiohttp-example__99c2d449__aiohttp__httpx/artifacts/cycles/cycle_016/test_results/post_migration_assessment.json,39fb49eb733f22fd7d6a82045145dccb45ff1da9fa3afcee8dc7e24ff29d9646
docs_enabled,raphaelauv@fastapi-aiohttp-example__99c2d449__aiohttp__httpx,17,True,fail,post_migration_regressions,pair_capped_mini_20cycle/runs/api_docs_editpair_gpt54mini_fixed_test_policy_20repairs_rerun_001/workspaces/raphaelauv@fastapi-aiohttp-example__99c2d449__aiohttp__httpx/artifacts/cycles/cycle_017/test_results/post_migration_assessment.json,39fb49eb733f22fd7d6a82045145dccb45ff1da9fa3afcee8dc7e24ff29d9646
docs_enabled,raphaelauv@fastapi-aiohttp-example__99c2d449__aiohttp__httpx,18,True,fail,post_migration_regressions,pair_capped_mini_20cycle/runs/api_docs_editpair_gpt54mini_fixed_test_policy_20repairs_rerun_001/workspaces/raphaelauv@fastapi-aiohttp-example__99c2d449__aiohttp__httpx/artifacts/cycles/cycle_018/test_results/post_migration_assessment.json,39fb49eb733f22fd7d6a82045145dccb45ff1da9fa3afcee8dc7e24ff29d9646
docs_enabled,raphaelauv@fastapi-aiohttp-example__99c2d449__aiohttp__httpx,19,True,fail,post_migration_regressions,pair_capped_mini_20cycle/runs/api_docs_editpair_gpt54mini_fixed_test_policy_20repairs_rerun_001/workspaces/raphaelauv@fastapi-aiohttp-example__99c2d449__aiohttp__httpx/artifacts/cycles/cycle_019/test_results/post_migration_assessment.json,39fb49eb733f22fd7d6a82045145dccb45ff1da9fa3afcee8dc7e24ff29d9646
docs_enabled,raphaelauv@fastapi-aiohttp-example__99c2d449__aiohttp__httpx,20,True,fail,post_migration_regressions,pair_capped_mini_20cycle/runs/api_docs_editpair_gpt54mini_fixed_test_policy_20repairs_rerun_001/workspaces/raphaelauv@fastapi-aiohttp-example__99c2d449__aiohttp__httpx/artifacts/cycles/cycle_020/test_results/post_migration_assessment.json,39fb49eb733f22fd7d6a82045145dccb45ff1da9fa3afcee8dc7e24ff29d9646
docs_enabled,raphaelauv@fastapi-aiohttp-example__99c2d449__aiohttp__httpx,21,True,fail,post_migration_regressions,pair_capped_mini_20cycle/runs/api_docs_editpair_gpt54mini_fixed_test_policy_20repairs_rerun_001/workspaces/raphaelauv@fastapi-aiohttp-example__99c2d449__aiohttp__httpx/artifacts/cycles/cycle_021/test_results/post_migration_assessment.json,39fb49eb733f22fd7d6a82045145dccb45ff1da9fa3afcee8dc7e24ff29d9646
docs_enabled,raphaelauv@fastapi-aiohttp-example__99c2d449__fastapi__sanic,1,True,fail,post_migration_regressions,pair_capped_mini_20cycle/runs/api_docs_editpair_gpt54mini_fixed_test_policy_20repairs_rerun_001/workspaces/raphaelauv@fastapi-aiohttp-example__99c2d449__fastapi__sanic/artifacts/cycles/cycle_001/test_results/post_migration_assessment.json,4ed8b7c322dca443e231bae72434bead003f2ac56aa5cd89eefa6f933399e420
docs_enabled,raphaelauv@fastapi-aiohttp-example__99c2d449__fastapi__sanic,2,True,fail,post_migration_regressions,pair_capped_mini_20cycle/runs/api_docs_editpair_gpt54mini_fixed_test_policy_20repairs_rerun_001/workspaces/raphaelauv@fastapi-aiohttp-example__99c2d449__fastapi__sanic/artifacts/cycles/cycle_002/test_results/post_migration_assessment.json,4ed8b7c322dca443e231bae72434bead003f2ac56aa5cd89eefa6f933399e420
docs_enabled,raphaelauv@fastapi-aiohttp-example__99c2d449__fastapi__sanic,3,True,fail,after_validation_anomaly,pair_capped_mini_20cycle/runs/api_docs_editpair_gpt54mini_fixed_test_policy_20repairs_rerun_001/workspaces/raphaelauv@fastapi-aiohttp-example__99c2d449__fastapi__sanic/artifacts/cycles/cycle_003/test_results/post_migration_assessment.json,0c96c3be86863c625770cabca3fae494b509c3a7ac4910332169321e4a42730d
docs_enabled,raphaelauv@fastapi-aiohttp-example__99c2d449__fastapi__sanic,4,True,fail,post_migration_regressions,pair_capped_mini_20cycle/runs/api_docs_editpair_gpt54mini_fixed_test_policy_20repairs_rerun_001/workspaces/raphaelauv@fastapi-aiohttp-example__99c2d449__fastapi__sanic/artifacts/cycles/cycle_004/test_results/post_migration_assessment.json,4ed8b7c322dca443e231bae72434bead003f2ac56aa5cd89eefa6f933399e420
docs_enabled,raphaelauv@fastapi-aiohttp-example__99c2d449__fastapi__sanic,5,True,pass,ok,pair_capped_mini_20cycle/runs/api_docs_editpair_gpt54mini_fixed_test_policy_20repairs_rerun_001/workspaces/raphaelauv@fastapi-aiohttp-example__99c2d449__fastapi__sanic/artifacts/cycles/cycle_005/test_results/post_migration_assessment.json,202e1a5284c3f9b07466e60f408f6cc6cdeacf64e93b2bb702b6f1a11569db41
docs_enabled,rochacbruno@dundie-rewards__e35d6be5__httpx__aiohttp,1,True,pass,ok,pair_capped_mini_20cycle/runs/api_docs_editpair_gpt54mini_fixed_test_policy_20repairs_rerun_001/workspaces/rochacbruno@dundie-rewards__e35d6be5__httpx__aiohttp/artifacts/cycles/cycle_001/test_results/post_migration_assessment.json,5815fce31039b0a7c8ad6fdbaff41dd1c7fb4c389e5755e580621d95a58bf1a4
docs_enabled,rochacbruno@dundie-rewards__e35d6be5__httpx__requests,1,True,pass,ok,pair_capped_mini_20cycle/runs/api_docs_editpair_gpt54mini_fixed_test_policy_20repairs_rerun_001/workspaces/rochacbruno@dundie-rewards__e35d6be5__httpx__requests/artifacts/cycles/cycle_001/test_results/post_migration_assessment.json,dd7ac916690dc4109acdb6e64081d29906c91c1c23cb943f1ffa1915d135dcbc
docs_enabled,rochacbruno@dundie-rewards__e35d6be5__httpx__urllib3,1,True,pass,ok,pair_capped_mini_20cycle/runs/api_docs_editpair_gpt54mini_fixed_test_policy_20repairs_rerun_001/workspaces/rochacbruno@dundie-rewards__e35d6be5__httpx__urllib3/artifacts/cycles/cycle_001/test_results/post_migration_assessment.json,4c0a094b512ee0f7a54d5e3c8e858d526e9782c09226fcf75415fa4b27f1c5ef
docs_enabled,seamile@jsonfmt__c6f6d17f__toml__tomli,1,True,fail,post_migration_regressions,pair_capped_mini_20cycle/runs/api_docs_editpair_gpt54mini_fixed_test_policy_20repairs_rerun_001/workspaces/seamile@jsonfmt__c6f6d17f__toml__tomli/artifacts/cycles/cycle_001/test_results/post_migration_assessment.json,f88ee9c23cd7f7c41d132e20130a4c93769a4ffeb3e30f3b2d0d7e67e4159591
docs_enabled,seamile@jsonfmt__c6f6d17f__toml__tomli,2,True,pass,ok,pair_capped_mini_20cycle/runs/api_docs_editpair_gpt54mini_fixed_test_policy_20repairs_rerun_001/workspaces/seamile@jsonfmt__c6f6d17f__toml__tomli/artifacts/cycles/cycle_002/test_results/post_migration_assessment.json,90f045e9537456ea422307daedea08bc651949abb872a0078ab6891acc7209da
docs_enabled,securisec@chepy__15beb6d7__colorama__rich,1,True,pass,ok,pair_capped_mini_20cycle/runs/api_docs_editpair_gpt54mini_fixed_test_policy_20repairs_rerun_001/workspaces/securisec@chepy__15beb6d7__colorama__rich/artifacts/cycles/cycle_001/test_results/post_migration_assessment.json,a0fa116d3abcb86a888e010288a1f5ba44ec094b25a7eb3a6e224524766765e0
docs_enabled,smartystreets@smartystreets-python-sdk__af56ea7f__requests__aiohttp,1,True,fail,post_migration_regressions,pair_capped_mini_20cycle/runs/api_docs_editpair_gpt54mini_fixed_test_policy_20repairs_rerun_001/workspaces/smartystreets@smartystreets-python-sdk__af56ea7f__requests__aiohttp/artifacts/cycles/cycle_001/test_results/post_migration_assessment.json,78ede287be338beb4241fdcb4a4c6a6036a6733c674a92dcb7985ea0aee10d2d
docs_enabled,smartystreets@smartystreets-python-sdk__af56ea7f__requests__aiohttp,2,True,fail,post_migration_regressions,pair_capped_mini_20cycle/runs/api_docs_editpair_gpt54mini_fixed_test_policy_20repairs_rerun_001/workspaces/smartystreets@smartystreets-python-sdk__af56ea7f__requests__aiohttp/artifacts/cycles/cycle_002/test_results/post_migration_assessment.json,390d42ab17e6bc43c0518267cec293c384091495e41c5eb27ed9bd77e3255970
docs_enabled,smartystreets@smartystreets-python-sdk__af56ea7f__requests__aiohttp,3,True,pass,ok,pair_capped_mini_20cycle/runs/api_docs_editpair_gpt54mini_fixed_test_policy_20repairs_rerun_001/workspaces/smartystreets@smartystreets-python-sdk__af56ea7f__requests__aiohttp/artifacts/cycles/cycle_003/test_results/post_migration_assessment.json,8acb60ce22493edf4920bf8095f53ea0a3d523a92fb495af9d5e2fd93e00599e
docs_enabled,spiketools@spiketools__3df1ec3a__matplotlib__altair,1,True,fail,post_migration_regressions,pair_capped_mini_20cycle/runs/api_docs_editpair_gpt54mini_fixed_test_policy_20repairs_rerun_001/workspaces/spiketools@spiketools__3df1ec3a__matplotlib__altair/artifacts/cycles/cycle_001/test_results/post_migration_assessment.json,9dc9c1abc62cf51e37c7f51a82393c2bd04525df8aee64ca2ab251906d266cd6
docs_enabled,spiketools@spiketools__3df1ec3a__matplotlib__altair,2,True,fail,post_migration_regressions,pair_capped_mini_20cycle/runs/api_docs_editpair_gpt54mini_fixed_test_policy_20repairs_rerun_001/workspaces/spiketools@spiketools__3df1ec3a__matplotlib__altair/artifacts/cycles/cycle_002/test_results/post_migration_assessment.json,f21bfcf27a538fb580ea9f3f729bc4183ee1eeaa34efe9e79cbb79b1cf214b6e
docs_enabled,spiketools@spiketools__3df1ec3a__matplotlib__altair,3,True,fail,post_migration_regressions,pair_capped_mini_20cycle/runs/api_docs_editpair_gpt54mini_fixed_test_policy_20repairs_rerun_001/workspaces/spiketools@spiketools__3df1ec3a__matplotlib__altair/artifacts/cycles/cycle_003/test_results/post_migration_assessment.json,d2656903cd15a81d068951182d2e0fde844feeb4f549ec1c46e0a60055a36287
docs_enabled,spiketools@spiketools__3df1ec3a__matplotlib__altair,4,True,fail,post_migration_regressions,pair_capped_mini_20cycle/runs/api_docs_editpair_gpt54mini_fixed_test_policy_20repairs_rerun_001/workspaces/spiketools@spiketools__3df1ec3a__matplotlib__altair/artifacts/cycles/cycle_004/test_results/post_migration_assessment.json,d2656903cd15a81d068951182d2e0fde844feeb4f549ec1c46e0a60055a36287
docs_enabled,spiketools@spiketools__3df1ec3a__matplotlib__altair,5,True,pass,ok,pair_capped_mini_20cycle/runs/api_docs_editpair_gpt54mini_fixed_test_policy_20repairs_rerun_001/workspaces/spiketools@spiketools__3df1ec3a__matplotlib__altair/artifacts/cycles/cycle_005/test_results/post_migration_assessment.json,dc662d9dfc54c9cb76e16cf9473e9155fd3cc6da1e080ebd1d31471853531553
docs_enabled,stefanschinkel@gantt__28be0938__matplotlib__seaborn,1,True,pass,ok,pair_capped_mini_20cycle/runs/api_docs_editpair_gpt54mini_fixed_test_policy_20repairs_rerun_001/workspaces/stefanschinkel@gantt__28be0938__matplotlib__seaborn/artifacts/cycles/cycle_001/test_results/post_migration_assessment.json,911c63c3cd2bfe5a744afb0a3b803a82eae4e936d43eaf5e6280b64e51883835
docs_enabled,suadelabs@rattr__e9fa5ef3__attrs__cattrs,1,False,,,,
docs_enabled,treasure-data@td-client-python__099f9578__urllib3__aiohttp,1,True,fail,post_migration_regressions,pair_capped_mini_20cycle/runs/api_docs_editpair_gpt54mini_fixed_test_policy_20repairs_rerun_001/workspaces/treasure-data@td-client-python__099f9578__urllib3__aiohttp/artifacts/cycles/cycle_001/test_results/post_migration_assessment.json,51c3802f6eb1631d8fe16ea7cfbd0224d61f58284dbe05166fbaf4d164d00afb
docs_enabled,treasure-data@td-client-python__099f9578__urllib3__aiohttp,2,True,fail,post_migration_regressions,pair_capped_mini_20cycle/runs/api_docs_editpair_gpt54mini_fixed_test_policy_20repairs_rerun_001/workspaces/treasure-data@td-client-python__099f9578__urllib3__aiohttp/artifacts/cycles/cycle_002/test_results/post_migration_assessment.json,3921f06bd9061da987acdd5e7735c748c9cd8fa79bbdbe93f36d5e0bb0104141
docs_enabled,treasure-data@td-client-python__099f9578__urllib3__aiohttp,3,True,fail,post_migration_regressions,pair_capped_mini_20cycle/runs/api_docs_editpair_gpt54mini_fixed_test_policy_20repairs_rerun_001/workspaces/treasure-data@td-client-python__099f9578__urllib3__aiohttp/artifacts/cycles/cycle_003/test_results/post_migration_assessment.json,3921f06bd9061da987acdd5e7735c748c9cd8fa79bbdbe93f36d5e0bb0104141
docs_enabled,treasure-data@td-client-python__099f9578__urllib3__aiohttp,4,True,pass,ok,pair_capped_mini_20cycle/runs/api_docs_editpair_gpt54mini_fixed_test_policy_20repairs_rerun_001/workspaces/treasure-data@td-client-python__099f9578__urllib3__aiohttp/artifacts/cycles/cycle_004/test_results/post_migration_assessment.json,83af88b8de6f6486cb4e4a0fe945a8e7f4f3e5c1d7f03203196026e53bc4962f
docs_enabled,uploadcare@migro__31199fb3__aiohttp__httpx,1,True,fail,after_validation_anomaly,pair_capped_mini_20cycle/runs/api_docs_editpair_gpt54mini_fixed_test_policy_20repairs_rerun_001/workspaces/uploadcare@migro__31199fb3__aiohttp__httpx/artifacts/cycles/cycle_001/test_results/post_migration_assessment.json,c6c0612716ce1ac0f3bc3547351262a2ead7700aef2f04c53e89278d6960f348
docs_enabled,uploadcare@migro__31199fb3__aiohttp__httpx,2,True,fail,post_migration_regressions,pair_capped_mini_20cycle/runs/api_docs_editpair_gpt54mini_fixed_test_policy_20repairs_rerun_001/workspaces/uploadcare@migro__31199fb3__aiohttp__httpx/artifacts/cycles/cycle_002/test_results/post_migration_assessment.json,3896f2ee0d3698162d70a17c4d7a137184afc14f31daae5f60d2eca3727bf293
docs_enabled,uploadcare@migro__31199fb3__aiohttp__httpx,3,True,fail,post_migration_regressions,pair_capped_mini_20cycle/runs/api_docs_editpair_gpt54mini_fixed_test_policy_20repairs_rerun_001/workspaces/uploadcare@migro__31199fb3__aiohttp__httpx/artifacts/cycles/cycle_003/test_results/post_migration_assessment.json,3896f2ee0d3698162d70a17c4d7a137184afc14f31daae5f60d2eca3727bf293
docs_enabled,uploadcare@migro__31199fb3__aiohttp__httpx,4,True,pass,ok,pair_capped_mini_20cycle/runs/api_docs_editpair_gpt54mini_fixed_test_policy_20repairs_rerun_001/workspaces/uploadcare@migro__31199fb3__aiohttp__httpx/artifacts/cycles/cycle_004/test_results/post_migration_assessment.json,8a3d544d49a2c5ae9f7b8995a300a91a71d86791e5340367ccf2e2b2352d9e01
docs_enabled,usda-ars-ussl@fluxpart__248f0b59__attrs__cattrs,1,True,fail,post_migration_regressions,pair_capped_mini_20cycle/runs/api_docs_editpair_gpt54mini_fixed_test_policy_20repairs_rerun_001/workspaces/usda-ars-ussl@fluxpart__248f0b59__attrs__cattrs/artifacts/cycles/cycle_001/test_results/post_migration_assessment.json,ee6f0fa01f3ba1fd697d07220743d413c9c265d1cd2ffb1f46224659cb6d6f76
docs_enabled,usda-ars-ussl@fluxpart__248f0b59__attrs__cattrs,2,True,pass,ok,pair_capped_mini_20cycle/runs/api_docs_editpair_gpt54mini_fixed_test_policy_20repairs_rerun_001/workspaces/usda-ars-ussl@fluxpart__248f0b59__attrs__cattrs/artifacts/cycles/cycle_002/test_results/post_migration_assessment.json,d6993650abc098b16f6b720ee105d32c8ee4093a5d124c435d1fa1e71f6508f5
docs_enabled,yihong0618@klingcreator__e567c6a1__requests__aiohttp,1,True,fail,post_migration_regressions,pair_capped_mini_20cycle/runs/api_docs_editpair_gpt54mini_fixed_test_policy_20repairs_rerun_001/workspaces/yihong0618@klingcreator__e567c6a1__requests__aiohttp/artifacts/cycles/cycle_001/test_results/post_migration_assessment.json,2a457e0aec792168535e6db6bd551a7cab7c3dfcaca5781d9b63aab8197683f5
docs_enabled,yihong0618@klingcreator__e567c6a1__requests__aiohttp,2,True,fail,post_migration_regressions,pair_capped_mini_20cycle/runs/api_docs_editpair_gpt54mini_fixed_test_policy_20repairs_rerun_001/workspaces/yihong0618@klingcreator__e567c6a1__requests__aiohttp/artifacts/cycles/cycle_002/test_results/post_migration_assessment.json,2a457e0aec792168535e6db6bd551a7cab7c3dfcaca5781d9b63aab8197683f5
docs_enabled,yihong0618@klingcreator__e567c6a1__requests__aiohttp,3,True,fail,post_migration_regressions,pair_capped_mini_20cycle/runs/api_docs_editpair_gpt54mini_fixed_test_policy_20repairs_rerun_001/workspaces/yihong0618@klingcreator__e567c6a1__requests__aiohttp/artifacts/cycles/cycle_003/test_results/post_migration_assessment.json,2a457e0aec792168535e6db6bd551a7cab7c3dfcaca5781d9b63aab8197683f5
docs_enabled,yihong0618@klingcreator__e567c6a1__requests__aiohttp,4,True,fail,post_migration_regressions,pair_capped_mini_20cycle/runs/api_docs_editpair_gpt54mini_fixed_test_policy_20repairs_rerun_001/workspaces/yihong0618@klingcreator__e567c6a1__requests__aiohttp/artifacts/cycles/cycle_004/test_results/post_migration_assessment.json,2a457e0aec792168535e6db6bd551a7cab7c3dfcaca5781d9b63aab8197683f5
docs_enabled,yihong0618@klingcreator__e567c6a1__requests__aiohttp,5,True,fail,post_migration_regressions,pair_capped_mini_20cycle/runs/api_docs_editpair_gpt54mini_fixed_test_policy_20repairs_rerun_001/workspaces/yihong0618@klingcreator__e567c6a1__requests__aiohttp/artifacts/cycles/cycle_005/test_results/post_migration_assessment.json,2a457e0aec792168535e6db6bd551a7cab7c3dfcaca5781d9b63aab8197683f5
docs_enabled,yihong0618@klingcreator__e567c6a1__requests__aiohttp,6,True,pass,ok,pair_capped_mini_20cycle/runs/api_docs_editpair_gpt54mini_fixed_test_policy_20repairs_rerun_001/workspaces/yihong0618@klingcreator__e567c6a1__requests__aiohttp/artifacts/cycles/cycle_006/test_results/post_migration_assessment.json,e9c12c0a5faa4a2f60070a139d72e5ab296b724099bbada5d9e58059e2dd5a5c
docs_enabled,yihong0618@klingcreator__e567c6a1__requests__urllib3,1,True,fail,post_migration_regressions,pair_capped_mini_20cycle/runs/api_docs_editpair_gpt54mini_fixed_test_policy_20repairs_rerun_001/workspaces/yihong0618@klingcreator__e567c6a1__requests__urllib3/artifacts/cycles/cycle_001/test_results/post_migration_assessment.json,3f952106de9add1af7542ead2e843449cc37316c07eb0de17e65cd87b76031d9
docs_enabled,yihong0618@klingcreator__e567c6a1__requests__urllib3,2,True,fail,after_validation_anomaly,pair_capped_mini_20cycle/runs/api_docs_editpair_gpt54mini_fixed_test_policy_20repairs_rerun_001/workspaces/yihong0618@klingcreator__e567c6a1__requests__urllib3/artifacts/cycles/cycle_002/test_results/post_migration_assessment.json,1bf3415054270a705cbe59276fd676f2c5a7e02cabaf1b173bca307eaa2453b8
docs_enabled,yihong0618@klingcreator__e567c6a1__requests__urllib3,3,True,fail,post_migration_regressions,pair_capped_mini_20cycle/runs/api_docs_editpair_gpt54mini_fixed_test_policy_20repairs_rerun_001/workspaces/yihong0618@klingcreator__e567c6a1__requests__urllib3/artifacts/cycles/cycle_003/test_results/post_migration_assessment.json,3f952106de9add1af7542ead2e843449cc37316c07eb0de17e65cd87b76031d9
docs_enabled,yihong0618@klingcreator__e567c6a1__requests__urllib3,4,True,fail,post_migration_regressions,pair_capped_mini_20cycle/runs/api_docs_editpair_gpt54mini_fixed_test_policy_20repairs_rerun_001/workspaces/yihong0618@klingcreator__e567c6a1__requests__urllib3/artifacts/cycles/cycle_004/test_results/post_migration_assessment.json,3f952106de9add1af7542ead2e843449cc37316c07eb0de17e65cd87b76031d9
docs_enabled,yihong0618@klingcreator__e567c6a1__requests__urllib3,5,True,fail,post_migration_regressions,pair_capped_mini_20cycle/runs/api_docs_editpair_gpt54mini_fixed_test_policy_20repairs_rerun_001/workspaces/yihong0618@klingcreator__e567c6a1__requests__urllib3/artifacts/cycles/cycle_005/test_results/post_migration_assessment.json,3f952106de9add1af7542ead2e843449cc37316c07eb0de17e65cd87b76031d9
docs_enabled,yihong0618@klingcreator__e567c6a1__requests__urllib3,6,True,fail,post_migration_regressions,pair_capped_mini_20cycle/runs/api_docs_editpair_gpt54mini_fixed_test_policy_20repairs_rerun_001/workspaces/yihong0618@klingcreator__e567c6a1__requests__urllib3/artifacts/cycles/cycle_006/test_results/post_migration_assessment.json,3f952106de9add1af7542ead2e843449cc37316c07eb0de17e65cd87b76031d9
docs_enabled,yihong0618@klingcreator__e567c6a1__requests__urllib3,7,True,fail,post_migration_regressions,pair_capped_mini_20cycle/runs/api_docs_editpair_gpt54mini_fixed_test_policy_20repairs_rerun_001/workspaces/yihong0618@klingcreator__e567c6a1__requests__urllib3/artifacts/cycles/cycle_007/test_results/post_migration_assessment.json,3f952106de9add1af7542ead2e843449cc37316c07eb0de17e65cd87b76031d9
docs_enabled,yihong0618@klingcreator__e567c6a1__requests__urllib3,8,True,fail,post_migration_regressions,pair_capped_mini_20cycle/runs/api_docs_editpair_gpt54mini_fixed_test_policy_20repairs_rerun_001/workspaces/yihong0618@klingcreator__e567c6a1__requests__urllib3/artifacts/cycles/cycle_008/test_results/post_migration_assessment.json,3f952106de9add1af7542ead2e843449cc37316c07eb0de17e65cd87b76031d9
docs_enabled,yihong0618@klingcreator__e567c6a1__requests__urllib3,9,True,fail,post_migration_regressions,pair_capped_mini_20cycle/runs/api_docs_editpair_gpt54mini_fixed_test_policy_20repairs_rerun_001/workspaces/yihong0618@klingcreator__e567c6a1__requests__urllib3/artifacts/cycles/cycle_009/test_results/post_migration_assessment.json,3f952106de9add1af7542ead2e843449cc37316c07eb0de17e65cd87b76031d9
docs_enabled,yihong0618@klingcreator__e567c6a1__requests__urllib3,10,True,fail,post_migration_regressions,pair_capped_mini_20cycle/runs/api_docs_editpair_gpt54mini_fixed_test_policy_20repairs_rerun_001/workspaces/yihong0618@klingcreator__e567c6a1__requests__urllib3/artifacts/cycles/cycle_010/test_results/post_migration_assessment.json,3f952106de9add1af7542ead2e843449cc37316c07eb0de17e65cd87b76031d9
docs_enabled,yihong0618@klingcreator__e567c6a1__requests__urllib3,11,True,fail,post_migration_regressions,pair_capped_mini_20cycle/runs/api_docs_editpair_gpt54mini_fixed_test_policy_20repairs_rerun_001/workspaces/yihong0618@klingcreator__e567c6a1__requests__urllib3/artifacts/cycles/cycle_011/test_results/post_migration_assessment.json,3f952106de9add1af7542ead2e843449cc37316c07eb0de17e65cd87b76031d9
docs_enabled,yihong0618@klingcreator__e567c6a1__requests__urllib3,12,True,fail,post_migration_regressions,pair_capped_mini_20cycle/runs/api_docs_editpair_gpt54mini_fixed_test_policy_20repairs_rerun_001/workspaces/yihong0618@klingcreator__e567c6a1__requests__urllib3/artifacts/cycles/cycle_012/test_results/post_migration_assessment.json,3f952106de9add1af7542ead2e843449cc37316c07eb0de17e65cd87b76031d9
docs_enabled,yihong0618@klingcreator__e567c6a1__requests__urllib3,13,True,fail,post_migration_regressions,pair_capped_mini_20cycle/runs/api_docs_editpair_gpt54mini_fixed_test_policy_20repairs_rerun_001/workspaces/yihong0618@klingcreator__e567c6a1__requests__urllib3/artifacts/cycles/cycle_013/test_results/post_migration_assessment.json,3f952106de9add1af7542ead2e843449cc37316c07eb0de17e65cd87b76031d9
docs_enabled,yihong0618@klingcreator__e567c6a1__requests__urllib3,14,True,fail,post_migration_regressions,pair_capped_mini_20cycle/runs/api_docs_editpair_gpt54mini_fixed_test_policy_20repairs_rerun_001/workspaces/yihong0618@klingcreator__e567c6a1__requests__urllib3/artifacts/cycles/cycle_014/test_results/post_migration_assessment.json,3f952106de9add1af7542ead2e843449cc37316c07eb0de17e65cd87b76031d9
docs_enabled,yihong0618@klingcreator__e567c6a1__requests__urllib3,15,True,fail,post_migration_regressions,pair_capped_mini_20cycle/runs/api_docs_editpair_gpt54mini_fixed_test_policy_20repairs_rerun_001/workspaces/yihong0618@klingcreator__e567c6a1__requests__urllib3/artifacts/cycles/cycle_015/test_results/post_migration_assessment.json,3f952106de9add1af7542ead2e843449cc37316c07eb0de17e65cd87b76031d9
docs_enabled,yihong0618@klingcreator__e567c6a1__requests__urllib3,16,True,fail,post_migration_regressions,pair_capped_mini_20cycle/runs/api_docs_editpair_gpt54mini_fixed_test_policy_20repairs_rerun_001/workspaces/yihong0618@klingcreator__e567c6a1__requests__urllib3/artifacts/cycles/cycle_016/test_results/post_migration_assessment.json,3f952106de9add1af7542ead2e843449cc37316c07eb0de17e65cd87b76031d9
docs_enabled,yihong0618@klingcreator__e567c6a1__requests__urllib3,17,True,fail,post_migration_regressions,pair_capped_mini_20cycle/runs/api_docs_editpair_gpt54mini_fixed_test_policy_20repairs_rerun_001/workspaces/yihong0618@klingcreator__e567c6a1__requests__urllib3/artifacts/cycles/cycle_017/test_results/post_migration_assessment.json,3f952106de9add1af7542ead2e843449cc37316c07eb0de17e65cd87b76031d9
docs_enabled,yihong0618@klingcreator__e567c6a1__requests__urllib3,18,True,fail,post_migration_regressions,pair_capped_mini_20cycle/runs/api_docs_editpair_gpt54mini_fixed_test_policy_20repairs_rerun_001/workspaces/yihong0618@klingcreator__e567c6a1__requests__urllib3/artifacts/cycles/cycle_018/test_results/post_migration_assessment.json,3f952106de9add1af7542ead2e843449cc37316c07eb0de17e65cd87b76031d9
docs_enabled,yihong0618@klingcreator__e567c6a1__requests__urllib3,19,True,fail,post_migration_regressions,pair_capped_mini_20cycle/runs/api_docs_editpair_gpt54mini_fixed_test_policy_20repairs_rerun_001/workspaces/yihong0618@klingcreator__e567c6a1__requests__urllib3/artifacts/cycles/cycle_019/test_results/post_migration_assessment.json,3f952106de9add1af7542ead2e843449cc37316c07eb0de17e65cd87b76031d9
docs_enabled,yihong0618@klingcreator__e567c6a1__requests__urllib3,20,True,fail,post_migration_regressions,pair_capped_mini_20cycle/runs/api_docs_editpair_gpt54mini_fixed_test_policy_20repairs_rerun_001/workspaces/yihong0618@klingcreator__e567c6a1__requests__urllib3/artifacts/cycles/cycle_020/test_results/post_migration_assessment.json,3f952106de9add1af7542ead2e843449cc37316c07eb0de17e65cd87b76031d9
docs_enabled,yihong0618@klingcreator__e567c6a1__requests__urllib3,21,True,fail,post_migration_regressions,pair_capped_mini_20cycle/runs/api_docs_editpair_gpt54mini_fixed_test_policy_20repairs_rerun_001/workspaces/yihong0618@klingcreator__e567c6a1__requests__urllib3/artifacts/cycles/cycle_021/test_results/post_migration_assessment.json,3f952106de9add1af7542ead2e843449cc37316c07eb0de17e65cd87b76031d9
docs_disabled,abinthomasonline@repopack-py__dc2b9243__chardet__cchardet,1,False,,,,
docs_disabled,abinthomasonline@repopack-py__dc2b9243__chardet__charset-normalizer,1,True,pass,ok,pair_capped_mini_20cycle/runs/no_api_docs_editpair_gpt54mini_fixed_test_policy_20repairs_rerun_001/workspaces/abinthomasonline@repopack-py__dc2b9243__chardet__charset-normalizer/artifacts/cycles/cycle_001/test_results/post_migration_assessment.json,267b4be12e8886df86b384c2acc7b2e8c2454e0c4a61cb78d2e538f7911b50b7
docs_disabled,abinthomasonline@repopack-py__dc2b9243__colorama__rich,1,True,pass,ok,pair_capped_mini_20cycle/runs/no_api_docs_editpair_gpt54mini_fixed_test_policy_20repairs_rerun_001/workspaces/abinthomasonline@repopack-py__dc2b9243__colorama__rich/artifacts/cycles/cycle_001/test_results/post_migration_assessment.json,90f66c10eebc5681dc2e8ebc8d54744cf4f6c9afda8f8cd4ced881e0925e1202
docs_disabled,alexferl@vyper__a0a6ea7f__toml__tomlkit,1,True,fail,post_migration_regressions,pair_capped_mini_20cycle/runs/no_api_docs_editpair_gpt54mini_fixed_test_policy_20repairs_rerun_001/workspaces/alexferl@vyper__a0a6ea7f__toml__tomlkit/artifacts/cycles/cycle_001/test_results/post_migration_assessment.json,b6fd5994d643e83aa1c2ead02d366ab9a57ce3066b90bd58f8b1058a3e3800df
docs_disabled,alexferl@vyper__a0a6ea7f__toml__tomlkit,2,True,fail,post_migration_regressions,pair_capped_mini_20cycle/runs/no_api_docs_editpair_gpt54mini_fixed_test_policy_20repairs_rerun_001/workspaces/alexferl@vyper__a0a6ea7f__toml__tomlkit/artifacts/cycles/cycle_002/test_results/post_migration_assessment.json,b6fd5994d643e83aa1c2ead02d366ab9a57ce3066b90bd58f8b1058a3e3800df
docs_disabled,alexferl@vyper__a0a6ea7f__toml__tomlkit,3,True,fail,post_migration_regressions,pair_capped_mini_20cycle/runs/no_api_docs_editpair_gpt54mini_fixed_test_policy_20repairs_rerun_001/workspaces/alexferl@vyper__a0a6ea7f__toml__tomlkit/artifacts/cycles/cycle_003/test_results/post_migration_assessment.json,b6fd5994d643e83aa1c2ead02d366ab9a57ce3066b90bd58f8b1058a3e3800df
docs_disabled,alexferl@vyper__a0a6ea7f__toml__tomlkit,4,True,fail,post_migration_regressions,pair_capped_mini_20cycle/runs/no_api_docs_editpair_gpt54mini_fixed_test_policy_20repairs_rerun_001/workspaces/alexferl@vyper__a0a6ea7f__toml__tomlkit/artifacts/cycles/cycle_004/test_results/post_migration_assessment.json,b6fd5994d643e83aa1c2ead02d366ab9a57ce3066b90bd58f8b1058a3e3800df
docs_disabled,alexferl@vyper__a0a6ea7f__toml__tomlkit,5,True,fail,post_migration_regressions,pair_capped_mini_20cycle/runs/no_api_docs_editpair_gpt54mini_fixed_test_policy_20repairs_rerun_001/workspaces/alexferl@vyper__a0a6ea7f__toml__tomlkit/artifacts/cycles/cycle_005/test_results/post_migration_assessment.json,b6fd5994d643e83aa1c2ead02d366ab9a57ce3066b90bd58f8b1058a3e3800df
docs_disabled,alexferl@vyper__a0a6ea7f__toml__tomlkit,6,True,fail,post_migration_regressions,pair_capped_mini_20cycle/runs/no_api_docs_editpair_gpt54mini_fixed_test_policy_20repairs_rerun_001/workspaces/alexferl@vyper__a0a6ea7f__toml__tomlkit/artifacts/cycles/cycle_006/test_results/post_migration_assessment.json,b6fd5994d643e83aa1c2ead02d366ab9a57ce3066b90bd58f8b1058a3e3800df
docs_disabled,alexferl@vyper__a0a6ea7f__toml__tomlkit,7,True,fail,post_migration_regressions,pair_capped_mini_20cycle/runs/no_api_docs_editpair_gpt54mini_fixed_test_policy_20repairs_rerun_001/workspaces/alexferl@vyper__a0a6ea7f__toml__tomlkit/artifacts/cycles/cycle_007/test_results/post_migration_assessment.json,b6fd5994d643e83aa1c2ead02d366ab9a57ce3066b90bd58f8b1058a3e3800df
docs_disabled,alexferl@vyper__a0a6ea7f__toml__tomlkit,8,True,fail,post_migration_regressions,pair_capped_mini_20cycle/runs/no_api_docs_editpair_gpt54mini_fixed_test_policy_20repairs_rerun_001/workspaces/alexferl@vyper__a0a6ea7f__toml__tomlkit/artifacts/cycles/cycle_008/test_results/post_migration_assessment.json,b6fd5994d643e83aa1c2ead02d366ab9a57ce3066b90bd58f8b1058a3e3800df
docs_disabled,alexferl@vyper__a0a6ea7f__toml__tomlkit,9,True,fail,post_migration_regressions,pair_capped_mini_20cycle/runs/no_api_docs_editpair_gpt54mini_fixed_test_policy_20repairs_rerun_001/workspaces/alexferl@vyper__a0a6ea7f__toml__tomlkit/artifacts/cycles/cycle_009/test_results/post_migration_assessment.json,b6fd5994d643e83aa1c2ead02d366ab9a57ce3066b90bd58f8b1058a3e3800df
docs_disabled,alexferl@vyper__a0a6ea7f__toml__tomlkit,10,True,fail,post_migration_regressions,pair_capped_mini_20cycle/runs/no_api_docs_editpair_gpt54mini_fixed_test_policy_20repairs_rerun_001/workspaces/alexferl@vyper__a0a6ea7f__toml__tomlkit/artifacts/cycles/cycle_010/test_results/post_migration_assessment.json,b6fd5994d643e83aa1c2ead02d366ab9a57ce3066b90bd58f8b1058a3e3800df
docs_disabled,alexferl@vyper__a0a6ea7f__toml__tomlkit,11,True,pass,ok,pair_capped_mini_20cycle/runs/no_api_docs_editpair_gpt54mini_fixed_test_policy_20repairs_rerun_001/workspaces/alexferl@vyper__a0a6ea7f__toml__tomlkit/artifacts/cycles/cycle_011/test_results/post_migration_assessment.json,af522064ae2be591b9314784eb7dd7b69bb7db69fe783b22502a85d75cb2f36d
docs_disabled,alpden550@encrypt-decrypt-fields__a0029320__sqlalchemy__sqlobject,1,True,fail,after_validation_anomaly,pair_capped_mini_20cycle/runs/no_api_docs_editpair_gpt54mini_fixed_test_policy_20repairs_rerun_001/workspaces/alpden550@encrypt-decrypt-fields__a0029320__sqlalchemy__sqlobject/artifacts/cycles/cycle_001/test_results/post_migration_assessment.json,ce192cfca6eaa5a86296bb79f9f46bb9ede4429610072240fe7e4b3b773a16e3
docs_disabled,alpden550@encrypt-decrypt-fields__a0029320__sqlalchemy__sqlobject,2,True,pass,ok,pair_capped_mini_20cycle/runs/no_api_docs_editpair_gpt54mini_fixed_test_policy_20repairs_rerun_001/workspaces/alpden550@encrypt-decrypt-fields__a0029320__sqlalchemy__sqlobject/artifacts/cycles/cycle_002/test_results/post_migration_assessment.json,bc7963a66959eb25f32f191795a096f41efece28d30bd711725a6394463f42ae
docs_disabled,alpden550@encrypt-decrypt-fields__a0029320__sqlalchemy__tortoise-orm,1,True,pass,ok,pair_capped_mini_20cycle/runs/no_api_docs_editpair_gpt54mini_fixed_test_policy_20repairs_rerun_001/workspaces/alpden550@encrypt-decrypt-fields__a0029320__sqlalchemy__tortoise-orm/artifacts/cycles/cycle_001/test_results/post_migration_assessment.json,97d441b5a893b78b59170fb80983352aa0150df48c04276fbed36b6f3aaa2db9
docs_disabled,andreax79@python-securid__ca333b8c__cryptography__pycryptodome,1,True,pass,ok,pair_capped_mini_20cycle/runs/no_api_docs_editpair_gpt54mini_fixed_test_policy_20repairs_rerun_001/workspaces/andreax79@python-securid__ca333b8c__cryptography__pycryptodome/artifacts/cycles/cycle_001/test_results/post_migration_assessment.json,5fe423cab6b81f0352be3772c97e2889ef6c8467c4d29efe1086b761bd997674
docs_disabled,andreroggeri@pynubank__3a35d906__colorama__termcolor,1,True,pass,ok,pair_capped_mini_20cycle/runs/no_api_docs_editpair_gpt54mini_fixed_test_policy_20repairs_rerun_001/workspaces/andreroggeri@pynubank__3a35d906__colorama__termcolor/artifacts/cycles/cycle_001/test_results/post_migration_assessment.json,925fa29b86b8d1c4deeea22e63067d00bf4c12df715252ce9d43f6da0ace3380
docs_disabled,andreroggeri@pynubank__3a35d906__requests__treq,1,True,fail,post_migration_regressions,pair_capped_mini_20cycle/runs/no_api_docs_editpair_gpt54mini_fixed_test_policy_20repairs_rerun_001/workspaces/andreroggeri@pynubank__3a35d906__requests__treq/artifacts/cycles/cycle_001/test_results/post_migration_assessment.json,564cef47c9f6c175553b6eb5e4a2f2745857dd24eb029547b783dc46b9b8113c
docs_disabled,andreroggeri@pynubank__3a35d906__requests__treq,2,True,pass,ok,pair_capped_mini_20cycle/runs/no_api_docs_editpair_gpt54mini_fixed_test_policy_20repairs_rerun_001/workspaces/andreroggeri@pynubank__3a35d906__requests__treq/artifacts/cycles/cycle_002/test_results/post_migration_assessment.json,dacc81909b27bd65961dfa2030070251dd2b937fd0bb4f5196fbc806efabd374
docs_disabled,ankane@mapkick.py__7d625d80__flask__bottle,1,True,pass,ok,pair_capped_mini_20cycle/runs/no_api_docs_editpair_gpt54mini_fixed_test_policy_20repairs_rerun_001/workspaces/ankane@mapkick.py__7d625d80__flask__bottle/artifacts/cycles/cycle_001/test_results/post_migration_assessment.json,324523c2d1fc613e31a042f340b65522382f7839e580812d1a88070431072616
docs_disabled,ankane@mapkick.py__7d625d80__flask__cherrypy,1,True,pass,ok,pair_capped_mini_20cycle/runs/no_api_docs_editpair_gpt54mini_fixed_test_policy_20repairs_rerun_001/workspaces/ankane@mapkick.py__7d625d80__flask__cherrypy/artifacts/cycles/cycle_001/test_results/post_migration_assessment.json,834405d974ba74b8be1cdcc074956747eda5df7cd5ec84b7e3578d43a4aa3d78
docs_disabled,ankane@mapkick.py__7d625d80__flask__fastapi,1,True,pass,ok,pair_capped_mini_20cycle/runs/no_api_docs_editpair_gpt54mini_fixed_test_policy_20repairs_rerun_001/workspaces/ankane@mapkick.py__7d625d80__flask__fastapi/artifacts/cycles/cycle_001/test_results/post_migration_assessment.json,038d62c0df5b94c2b7f5ea12db3470d2cba74edb844e58db8c64f1818b165f80
docs_disabled,ankane@mapkick.py__7d625d80__flask__sanic,1,True,pass,ok,pair_capped_mini_20cycle/runs/no_api_docs_editpair_gpt54mini_fixed_test_policy_20repairs_rerun_001/workspaces/ankane@mapkick.py__7d625d80__flask__sanic/artifacts/cycles/cycle_001/test_results/post_migration_assessment.json,3932762a3d9439f7c9ea90413a9da2c329245f413585f488be9cdbb6f77a685c
docs_disabled,ankane@mapkick.py__7d625d80__flask__tornado,1,True,pass,ok,pair_capped_mini_20cycle/runs/no_api_docs_editpair_gpt54mini_fixed_test_policy_20repairs_rerun_001/workspaces/ankane@mapkick.py__7d625d80__flask__tornado/artifacts/cycles/cycle_001/test_results/post_migration_assessment.json,1cf4bfa3b4f1f992b1c656eec4f972feb86523dd665e6548c2d7d573fbe995ae
docs_disabled,apple@app-store-server-library-python__1202058d__httpx__aiohttp,1,True,fail,post_migration_regressions,pair_capped_mini_20cycle/runs/no_api_docs_editpair_gpt54mini_fixed_test_policy_20repairs_rerun_001/workspaces/apple@app-store-server-library-python__1202058d__httpx__aiohttp/artifacts/cycles/cycle_001/test_results/post_migration_assessment.json,211b37a030090b3d233b72a9b629dc8635cb7de2de0394f0c1e6dabb1a855708
docs_disabled,apple@app-store-server-library-python__1202058d__httpx__aiohttp,2,True,pass,ok,pair_capped_mini_20cycle/runs/no_api_docs_editpair_gpt54mini_fixed_test_policy_20repairs_rerun_001/workspaces/apple@app-store-server-library-python__1202058d__httpx__aiohttp/artifacts/cycles/cycle_002/test_results/post_migration_assessment.json,4c47e2689e372a265fdf2190e643c48237d182eaa54a1c02cfdecec78b90e7e6
docs_disabled,apple@app-store-server-library-python__1202058d__httpx__requests,1,True,pass,ok,pair_capped_mini_20cycle/runs/no_api_docs_editpair_gpt54mini_fixed_test_policy_20repairs_rerun_001/workspaces/apple@app-store-server-library-python__1202058d__httpx__requests/artifacts/cycles/cycle_001/test_results/post_migration_assessment.json,716faf78792fdc37d2f9bf564eee4c7c5d2b7280a22dcab8396b8edf76d556aa
docs_disabled,apple@app-store-server-library-python__1202058d__httpx__urllib3,1,True,fail,post_migration_regressions,pair_capped_mini_20cycle/runs/no_api_docs_editpair_gpt54mini_fixed_test_policy_20repairs_rerun_001/workspaces/apple@app-store-server-library-python__1202058d__httpx__urllib3/artifacts/cycles/cycle_001/test_results/post_migration_assessment.json,d83b6bd30d566626d9934ec53fdfd27957ac7f7a2b1189fedbcbd4bbf589a0e6
docs_disabled,apple@app-store-server-library-python__1202058d__httpx__urllib3,2,True,fail,post_migration_regressions,pair_capped_mini_20cycle/runs/no_api_docs_editpair_gpt54mini_fixed_test_policy_20repairs_rerun_001/workspaces/apple@app-store-server-library-python__1202058d__httpx__urllib3/artifacts/cycles/cycle_002/test_results/post_migration_assessment.json,d83b6bd30d566626d9934ec53fdfd27957ac7f7a2b1189fedbcbd4bbf589a0e6
docs_disabled,apple@app-store-server-library-python__1202058d__httpx__urllib3,3,True,pass,ok,pair_capped_mini_20cycle/runs/no_api_docs_editpair_gpt54mini_fixed_test_policy_20repairs_rerun_001/workspaces/apple@app-store-server-library-python__1202058d__httpx__urllib3/artifacts/cycles/cycle_003/test_results/post_migration_assessment.json,d12d6f040ac65368a3c9d618768eb496e431f4f1e963c10967a6655b20013708
docs_disabled,astelmach01@tinylang__7ea9f90f__python-dotenv__dynaconf,1,True,pass,ok,pair_capped_mini_20cycle/runs/no_api_docs_editpair_gpt54mini_fixed_test_policy_20repairs_rerun_001/workspaces/astelmach01@tinylang__7ea9f90f__python-dotenv__dynaconf/artifacts/cycles/cycle_001/test_results/post_migration_assessment.json,c63bff14e0149ac7cc9893f383e6cb0b1c6f9a090bd3c94795adf64bdecac938
docs_disabled,avast@ep-stats__95f8d93e__fastapi__sanic,1,True,fail,after_validation_anomaly,pair_capped_mini_20cycle/runs/no_api_docs_editpair_gpt54mini_fixed_test_policy_20repairs_rerun_001/workspaces/avast@ep-stats__95f8d93e__fastapi__sanic/artifacts/cycles/cycle_001/test_results/post_migration_assessment.json,3f8bb11ed2a46930d9b5b94f7406597533aad172b75dccff37881e996f5dc266
docs_disabled,avast@ep-stats__95f8d93e__fastapi__sanic,2,True,fail,after_validation_anomaly,pair_capped_mini_20cycle/runs/no_api_docs_editpair_gpt54mini_fixed_test_policy_20repairs_rerun_001/workspaces/avast@ep-stats__95f8d93e__fastapi__sanic/artifacts/cycles/cycle_002/test_results/post_migration_assessment.json,3f8bb11ed2a46930d9b5b94f7406597533aad172b75dccff37881e996f5dc266
docs_disabled,avast@ep-stats__95f8d93e__fastapi__sanic,3,True,fail,after_validation_anomaly,pair_capped_mini_20cycle/runs/no_api_docs_editpair_gpt54mini_fixed_test_policy_20repairs_rerun_001/workspaces/avast@ep-stats__95f8d93e__fastapi__sanic/artifacts/cycles/cycle_003/test_results/post_migration_assessment.json,3f8bb11ed2a46930d9b5b94f7406597533aad172b75dccff37881e996f5dc266
docs_disabled,avast@ep-stats__95f8d93e__fastapi__sanic,4,True,fail,post_migration_regressions,pair_capped_mini_20cycle/runs/no_api_docs_editpair_gpt54mini_fixed_test_policy_20repairs_rerun_001/workspaces/avast@ep-stats__95f8d93e__fastapi__sanic/artifacts/cycles/cycle_004/test_results/post_migration_assessment.json,4adae29257c3355ff759d6f6e3f1c434150e1f91d18ab2e7a6fbfeb8cc949246
docs_disabled,avast@ep-stats__95f8d93e__fastapi__sanic,5,True,fail,after_validation_anomaly,pair_capped_mini_20cycle/runs/no_api_docs_editpair_gpt54mini_fixed_test_policy_20repairs_rerun_001/workspaces/avast@ep-stats__95f8d93e__fastapi__sanic/artifacts/cycles/cycle_005/test_results/post_migration_assessment.json,3f8bb11ed2a46930d9b5b94f7406597533aad172b75dccff37881e996f5dc266
docs_disabled,avast@ep-stats__95f8d93e__fastapi__sanic,6,True,fail,post_migration_regressions,pair_capped_mini_20cycle/runs/no_api_docs_editpair_gpt54mini_fixed_test_policy_20repairs_rerun_001/workspaces/avast@ep-stats__95f8d93e__fastapi__sanic/artifacts/cycles/cycle_006/test_results/post_migration_assessment.json,4adae29257c3355ff759d6f6e3f1c434150e1f91d18ab2e7a6fbfeb8cc949246
docs_disabled,avast@ep-stats__95f8d93e__fastapi__sanic,7,True,fail,post_migration_regressions,pair_capped_mini_20cycle/runs/no_api_docs_editpair_gpt54mini_fixed_test_policy_20repairs_rerun_001/workspaces/avast@ep-stats__95f8d93e__fastapi__sanic/artifacts/cycles/cycle_007/test_results/post_migration_assessment.json,78d7bfe243acb9cfd28dc78c52b64b9d16679438baada4923c31ead2e6184fa6
docs_disabled,avast@ep-stats__95f8d93e__fastapi__sanic,8,True,fail,after_validation_anomaly,pair_capped_mini_20cycle/runs/no_api_docs_editpair_gpt54mini_fixed_test_policy_20repairs_rerun_001/workspaces/avast@ep-stats__95f8d93e__fastapi__sanic/artifacts/cycles/cycle_008/test_results/post_migration_assessment.json,3f8bb11ed2a46930d9b5b94f7406597533aad172b75dccff37881e996f5dc266
docs_disabled,avast@ep-stats__95f8d93e__fastapi__sanic,9,True,pass,ok,pair_capped_mini_20cycle/runs/no_api_docs_editpair_gpt54mini_fixed_test_policy_20repairs_rerun_001/workspaces/avast@ep-stats__95f8d93e__fastapi__sanic/artifacts/cycles/cycle_009/test_results/post_migration_assessment.json,acd71b8216dbeb2c69ade1e70ea5ede37d249a8af5009b38da6e4f9f9f529ff7
docs_disabled,beancount@beanquery__51ad2619__click__plac,1,True,fail,post_migration_regressions,pair_capped_mini_20cycle/runs/no_api_docs_editpair_gpt54mini_fixed_test_policy_20repairs_rerun_001/workspaces/beancount@beanquery__51ad2619__click__plac/artifacts/cycles/cycle_001/test_results/post_migration_assessment.json,3c65bcd383d7de44bf6219a0869d790fde97d76a3a35f0302790cc79869d3561
docs_disabled,beancount@beanquery__51ad2619__click__plac,2,True,pass,ok,pair_capped_mini_20cycle/runs/no_api_docs_editpair_gpt54mini_fixed_test_policy_20repairs_rerun_001/workspaces/beancount@beanquery__51ad2619__click__plac/artifacts/cycles/cycle_002/test_results/post_migration_assessment.json,868a635890fae04ba92df4aaacc375193416c22dacb1783168a762d40cace09a
docs_disabled,bellshade@openseries__59b7a6d7__colorama__termcolor,1,True,pass,ok,pair_capped_mini_20cycle/runs/no_api_docs_editpair_gpt54mini_fixed_test_policy_20repairs_rerun_001/workspaces/bellshade@openseries__59b7a6d7__colorama__termcolor/artifacts/cycles/cycle_001/test_results/post_migration_assessment.json,cc44b9c2f6e92334109f86e0001c054a626a05cf7b9d710b1c0c2cf97e627fce
docs_disabled,blackrock@ingen__a6977a33__aiohttp__httpx,1,True,fail,post_migration_regressions,pair_capped_mini_20cycle/runs/no_api_docs_editpair_gpt54mini_fixed_test_policy_20repairs_rerun_001/workspaces/blackrock@ingen__a6977a33__aiohttp__httpx/artifacts/cycles/cycle_001/test_results/post_migration_assessment.json,9938c942cbdc494f1f4afcf9c3971bd9ac660a70ddfcf4a70f729517a2dc6c8d
docs_disabled,blackrock@ingen__a6977a33__aiohttp__httpx,2,True,fail,post_migration_regressions,pair_capped_mini_20cycle/runs/no_api_docs_editpair_gpt54mini_fixed_test_policy_20repairs_rerun_001/workspaces/blackrock@ingen__a6977a33__aiohttp__httpx/artifacts/cycles/cycle_002/test_results/post_migration_assessment.json,c3c150fabfd52b8e3477c034f34bc6121ecd3ff44c92b4db929f5b6956d6ad7d
docs_disabled,blackrock@ingen__a6977a33__aiohttp__httpx,3,True,fail,post_migration_regressions,pair_capped_mini_20cycle/runs/no_api_docs_editpair_gpt54mini_fixed_test_policy_20repairs_rerun_001/workspaces/blackrock@ingen__a6977a33__aiohttp__httpx/artifacts/cycles/cycle_003/test_results/post_migration_assessment.json,c3c150fabfd52b8e3477c034f34bc6121ecd3ff44c92b4db929f5b6956d6ad7d
docs_disabled,blackrock@ingen__a6977a33__aiohttp__httpx,4,True,fail,post_migration_regressions,pair_capped_mini_20cycle/runs/no_api_docs_editpair_gpt54mini_fixed_test_policy_20repairs_rerun_001/workspaces/blackrock@ingen__a6977a33__aiohttp__httpx/artifacts/cycles/cycle_004/test_results/post_migration_assessment.json,c3c150fabfd52b8e3477c034f34bc6121ecd3ff44c92b4db929f5b6956d6ad7d
docs_disabled,blackrock@ingen__a6977a33__aiohttp__httpx,5,True,fail,post_migration_regressions,pair_capped_mini_20cycle/runs/no_api_docs_editpair_gpt54mini_fixed_test_policy_20repairs_rerun_001/workspaces/blackrock@ingen__a6977a33__aiohttp__httpx/artifacts/cycles/cycle_005/test_results/post_migration_assessment.json,c3c150fabfd52b8e3477c034f34bc6121ecd3ff44c92b4db929f5b6956d6ad7d
docs_disabled,blackrock@ingen__a6977a33__aiohttp__httpx,6,True,fail,post_migration_regressions,pair_capped_mini_20cycle/runs/no_api_docs_editpair_gpt54mini_fixed_test_policy_20repairs_rerun_001/workspaces/blackrock@ingen__a6977a33__aiohttp__httpx/artifacts/cycles/cycle_006/test_results/post_migration_assessment.json,c3c150fabfd52b8e3477c034f34bc6121ecd3ff44c92b4db929f5b6956d6ad7d
docs_disabled,blackrock@ingen__a6977a33__aiohttp__httpx,7,True,fail,post_migration_regressions,pair_capped_mini_20cycle/runs/no_api_docs_editpair_gpt54mini_fixed_test_policy_20repairs_rerun_001/workspaces/blackrock@ingen__a6977a33__aiohttp__httpx/artifacts/cycles/cycle_007/test_results/post_migration_assessment.json,c3c150fabfd52b8e3477c034f34bc6121ecd3ff44c92b4db929f5b6956d6ad7d
docs_disabled,blackrock@ingen__a6977a33__aiohttp__httpx,8,True,fail,post_migration_regressions,pair_capped_mini_20cycle/runs/no_api_docs_editpair_gpt54mini_fixed_test_policy_20repairs_rerun_001/workspaces/blackrock@ingen__a6977a33__aiohttp__httpx/artifacts/cycles/cycle_008/test_results/post_migration_assessment.json,c3c150fabfd52b8e3477c034f34bc6121ecd3ff44c92b4db929f5b6956d6ad7d
docs_disabled,blackrock@ingen__a6977a33__aiohttp__httpx,9,True,pass,ok,pair_capped_mini_20cycle/runs/no_api_docs_editpair_gpt54mini_fixed_test_policy_20repairs_rerun_001/workspaces/blackrock@ingen__a6977a33__aiohttp__httpx/artifacts/cycles/cycle_009/test_results/post_migration_assessment.json,423e716c27f12bdbc75d7e6131f4f754f722ed7bb0d4831aeb53c846aff3deff
docs_disabled,blingenf@copydetect__ba072818__jinja2__mako,1,True,fail,post_migration_regressions,pair_capped_mini_20cycle/runs/no_api_docs_editpair_gpt54mini_fixed_test_policy_20repairs_rerun_001/workspaces/blingenf@copydetect__ba072818__jinja2__mako/artifacts/cycles/cycle_001/test_results/post_migration_assessment.json,324a47c0dacd1b415159d361dfd344abc09d8468ec1b9da12ab53789b1beacf6
docs_disabled,blingenf@copydetect__ba072818__jinja2__mako,2,True,pass,ok,pair_capped_mini_20cycle/runs/no_api_docs_editpair_gpt54mini_fixed_test_policy_20repairs_rerun_001/workspaces/blingenf@copydetect__ba072818__jinja2__mako/artifacts/cycles/cycle_002/test_results/post_migration_assessment.json,3b715219c520f2932fa118096563b7d9d0640a5f7f1d25c4091bc9acb8bfe1da
docs_disabled,blingenf@copydetect__ba072818__pygments__rich,1,True,fail,after_validation_anomaly,pair_capped_mini_20cycle/runs/no_api_docs_editpair_gpt54mini_fixed_test_policy_20repairs_rerun_001/workspaces/blingenf@copydetect__ba072818__pygments__rich/artifacts/cycles/cycle_001/test_results/post_migration_assessment.json,4247d0f8bfdd32ef6085910f032d5a95ce6ba6fb96582cffcc9481ec75e6ce2e
docs_disabled,blingenf@copydetect__ba072818__pygments__rich,2,True,pass,ok,pair_capped_mini_20cycle/runs/no_api_docs_editpair_gpt54mini_fixed_test_policy_20repairs_rerun_001/workspaces/blingenf@copydetect__ba072818__pygments__rich/artifacts/cycles/cycle_002/test_results/post_migration_assessment.json,8b2159353f7e77a6fffd1df10fceb30c8cb0ff753c19531686849df9273eb96f
docs_disabled,blingenf@copydetect__ba072818__tqdm__progressbar2,1,True,pass,ok,pair_capped_mini_20cycle/runs/no_api_docs_editpair_gpt54mini_fixed_test_policy_20repairs_rerun_001/workspaces/blingenf@copydetect__ba072818__tqdm__progressbar2/artifacts/cycles/cycle_001/test_results/post_migration_assessment.json,a26e5c3cabe20bc241b67ba77a7bb64b4b3281a17ac233b24a66aff56b9510a7
docs_disabled,blockchain-technology-lab@consensus-decentralization__f6dbfbbf__matplotlib__plotly,1,True,pass,ok,pair_capped_mini_20cycle/runs/no_api_docs_editpair_gpt54mini_fixed_test_policy_20repairs_rerun_001/workspaces/blockchain-technology-lab@consensus-decentralization__f6dbfbbf__matplotlib__plotly/artifacts/cycles/cycle_001/test_results/post_migration_assessment.json,b6ac8da84e9b0a1499d77f3d4c5ffe4741a56482feb33489d2f56adb1b7e70ca
docs_disabled,blurstudio@hab__177503df__pygments__rich,1,True,pass,ok,pair_capped_mini_20cycle/runs/no_api_docs_editpair_gpt54mini_fixed_test_policy_20repairs_rerun_001/workspaces/blurstudio@hab__177503df__pygments__rich/artifacts/cycles/cycle_001/test_results/post_migration_assessment.json,25f0bcb82cb8722e4d0deb3d4c408194ba22dfe6c0a1dbb41fb1037c8dde9c97
docs_disabled,bormando@selenium-tools__52667925__urllib3__aiohttp,1,True,pass,ok,pair_capped_mini_20cycle/runs/no_api_docs_editpair_gpt54mini_fixed_test_policy_20repairs_rerun_001/workspaces/bormando@selenium-tools__52667925__urllib3__aiohttp/artifacts/cycles/cycle_001/test_results/post_migration_assessment.json,6604eba39246a07150d52ae357ec1e0948505bffb2f5d2841a8fd779de6be809
docs_disabled,bormando@selenium-tools__52667925__urllib3__httpx,1,True,fail,post_migration_regressions,pair_capped_mini_20cycle/runs/no_api_docs_editpair_gpt54mini_fixed_test_policy_20repairs_rerun_001/workspaces/bormando@selenium-tools__52667925__urllib3__httpx/artifacts/cycles/cycle_001/test_results/post_migration_assessment.json,6a8b5c4a3e1e7f5a4511783b89a2c6bdc92153cf166367bd7debabb7022060c0
docs_disabled,bormando@selenium-tools__52667925__urllib3__httpx,2,True,pass,ok,pair_capped_mini_20cycle/runs/no_api_docs_editpair_gpt54mini_fixed_test_policy_20repairs_rerun_001/workspaces/bormando@selenium-tools__52667925__urllib3__httpx/artifacts/cycles/cycle_002/test_results/post_migration_assessment.json,487864d4eac6b5afce0643e68149f58193f4f1a96ca01c343d6e5e8b7e2a2260
docs_disabled,capitalone@edgetest__dfc8b73c__click__plac,1,True,fail,post_migration_regressions,pair_capped_mini_20cycle/runs/no_api_docs_editpair_gpt54mini_fixed_test_policy_20repairs_rerun_001/workspaces/capitalone@edgetest__dfc8b73c__click__plac/artifacts/cycles/cycle_001/test_results/post_migration_assessment.json,7030cbd08e7a6e82a3a66ed9674a2f7c60dc19d7c3a197e9cbadefd6d30e0616
docs_disabled,capitalone@edgetest__dfc8b73c__click__plac,2,True,fail,post_migration_regressions,pair_capped_mini_20cycle/runs/no_api_docs_editpair_gpt54mini_fixed_test_policy_20repairs_rerun_001/workspaces/capitalone@edgetest__dfc8b73c__click__plac/artifacts/cycles/cycle_002/test_results/post_migration_assessment.json,7030cbd08e7a6e82a3a66ed9674a2f7c60dc19d7c3a197e9cbadefd6d30e0616
docs_disabled,capitalone@edgetest__dfc8b73c__click__plac,3,True,pass,ok,pair_capped_mini_20cycle/runs/no_api_docs_editpair_gpt54mini_fixed_test_policy_20repairs_rerun_001/workspaces/capitalone@edgetest__dfc8b73c__click__plac/artifacts/cycles/cycle_003/test_results/post_migration_assessment.json,3287bbcd1ae0db6404f2beb14071d20eea9a81d9fa7ba8b3c98c2aafc93d3a49
docs_disabled,capitalone@edgetest__dfc8b73c__click__typer,1,True,fail,post_migration_regressions,pair_capped_mini_20cycle/runs/no_api_docs_editpair_gpt54mini_fixed_test_policy_20repairs_rerun_001/workspaces/capitalone@edgetest__dfc8b73c__click__typer/artifacts/cycles/cycle_001/test_results/post_migration_assessment.json,88cc7f97e4af428c08fe418a850bab12c1337445499bbde2dba61b301e9fdd14
docs_disabled,capitalone@edgetest__dfc8b73c__click__typer,2,True,pass,ok,pair_capped_mini_20cycle/runs/no_api_docs_editpair_gpt54mini_fixed_test_policy_20repairs_rerun_001/workspaces/capitalone@edgetest__dfc8b73c__click__typer/artifacts/cycles/cycle_002/test_results/post_migration_assessment.json,41dd83162ec84c72825f4c7c1ed54f6c2b2126bf0f0bed1efee34740eef7d7e4
docs_disabled,capitalone@edgetest__dfc8b73c__tabulate__prettytable,1,True,fail,post_migration_regressions,pair_capped_mini_20cycle/runs/no_api_docs_editpair_gpt54mini_fixed_test_policy_20repairs_rerun_001/workspaces/capitalone@edgetest__dfc8b73c__tabulate__prettytable/artifacts/cycles/cycle_001/test_results/post_migration_assessment.json,e93ea591454815ea38f887b17ad5725fbfd6769cc5225000012019881bfb7889
docs_disabled,capitalone@edgetest__dfc8b73c__tabulate__prettytable,2,True,fail,post_migration_regressions,pair_capped_mini_20cycle/runs/no_api_docs_editpair_gpt54mini_fixed_test_policy_20repairs_rerun_001/workspaces/capitalone@edgetest__dfc8b73c__tabulate__prettytable/artifacts/cycles/cycle_002/test_results/post_migration_assessment.json,e93ea591454815ea38f887b17ad5725fbfd6769cc5225000012019881bfb7889
docs_disabled,capitalone@edgetest__dfc8b73c__tabulate__prettytable,3,True,fail,post_migration_regressions,pair_capped_mini_20cycle/runs/no_api_docs_editpair_gpt54mini_fixed_test_policy_20repairs_rerun_001/workspaces/capitalone@edgetest__dfc8b73c__tabulate__prettytable/artifacts/cycles/cycle_003/test_results/post_migration_assessment.json,e93ea591454815ea38f887b17ad5725fbfd6769cc5225000012019881bfb7889
docs_disabled,capitalone@edgetest__dfc8b73c__tabulate__prettytable,4,True,pass,ok,pair_capped_mini_20cycle/runs/no_api_docs_editpair_gpt54mini_fixed_test_policy_20repairs_rerun_001/workspaces/capitalone@edgetest__dfc8b73c__tabulate__prettytable/artifacts/cycles/cycle_004/test_results/post_migration_assessment.json,629563a5afa5283018b0179237bae00979f47e575174404ab8ee6ae92c7fc937
docs_disabled,capitalone@edgetest__dfc8b73c__tabulate__rich,1,True,fail,post_migration_regressions,pair_capped_mini_20cycle/runs/no_api_docs_editpair_gpt54mini_fixed_test_policy_20repairs_rerun_001/workspaces/capitalone@edgetest__dfc8b73c__tabulate__rich/artifacts/cycles/cycle_001/test_results/post_migration_assessment.json,4727ae93164004a027dee84c8fd31ec004cf73c523d80d337614c84e6ff8c082
docs_disabled,capitalone@edgetest__dfc8b73c__tabulate__rich,2,True,pass,ok,pair_capped_mini_20cycle/runs/no_api_docs_editpair_gpt54mini_fixed_test_policy_20repairs_rerun_001/workspaces/capitalone@edgetest__dfc8b73c__tabulate__rich/artifacts/cycles/cycle_002/test_results/post_migration_assessment.json,8093075acacd21065f46f7ad9a146b8bfa36ef67476eb978892c2c95f55be3bc
docs_disabled,chrispappalardo@eparse__6f799d21__click__typer,1,True,fail,after_validation_anomaly,pair_capped_mini_20cycle/runs/no_api_docs_editpair_gpt54mini_fixed_test_policy_20repairs_rerun_001/workspaces/chrispappalardo@eparse__6f799d21__click__typer/artifacts/cycles/cycle_001/test_results/post_migration_assessment.json,f3f77050ea33563f0f0bbddd93168d79aca56a8ddd53b73503279761b67c69a6
docs_disabled,chrispappalardo@eparse__6f799d21__click__typer,2,True,fail,post_migration_regressions,pair_capped_mini_20cycle/runs/no_api_docs_editpair_gpt54mini_fixed_test_policy_20repairs_rerun_001/workspaces/chrispappalardo@eparse__6f799d21__click__typer/artifacts/cycles/cycle_002/test_results/post_migration_assessment.json,cc33d787932d010564aae306520e609f2bcae48c6b570cd3d305b7c52cb7c841
docs_disabled,chrispappalardo@eparse__6f799d21__click__typer,3,True,fail,post_migration_regressions,pair_capped_mini_20cycle/runs/no_api_docs_editpair_gpt54mini_fixed_test_policy_20repairs_rerun_001/workspaces/chrispappalardo@eparse__6f799d21__click__typer/artifacts/cycles/cycle_003/test_results/post_migration_assessment.json,cc33d787932d010564aae306520e609f2bcae48c6b570cd3d305b7c52cb7c841
docs_disabled,chrispappalardo@eparse__6f799d21__click__typer,4,True,pass,ok,pair_capped_mini_20cycle/runs/no_api_docs_editpair_gpt54mini_fixed_test_policy_20repairs_rerun_001/workspaces/chrispappalardo@eparse__6f799d21__click__typer/artifacts/cycles/cycle_004/test_results/post_migration_assessment.json,6a61e580b89835a7740b5f20ac6973e11a44ea144418edb1c97e8aafa562f824
docs_disabled,cmccomb@trussme__0c7316cf__matplotlib__plotly,1,True,fail,post_migration_regressions,pair_capped_mini_20cycle/runs/no_api_docs_editpair_gpt54mini_fixed_test_policy_20repairs_rerun_001/workspaces/cmccomb@trussme__0c7316cf__matplotlib__plotly/artifacts/cycles/cycle_001/test_results/post_migration_assessment.json,a3678862136c99662f5641313872247d053607df511230dfb595dcaed3ca7110
docs_disabled,cmccomb@trussme__0c7316cf__matplotlib__plotly,2,True,fail,post_migration_regressions,pair_capped_mini_20cycle/runs/no_api_docs_editpair_gpt54mini_fixed_test_policy_20repairs_rerun_001/workspaces/cmccomb@trussme__0c7316cf__matplotlib__plotly/artifacts/cycles/cycle_002/test_results/post_migration_assessment.json,a3678862136c99662f5641313872247d053607df511230dfb595dcaed3ca7110
docs_disabled,cmccomb@trussme__0c7316cf__matplotlib__plotly,3,True,fail,post_migration_regressions,pair_capped_mini_20cycle/runs/no_api_docs_editpair_gpt54mini_fixed_test_policy_20repairs_rerun_001/workspaces/cmccomb@trussme__0c7316cf__matplotlib__plotly/artifacts/cycles/cycle_003/test_results/post_migration_assessment.json,a3678862136c99662f5641313872247d053607df511230dfb595dcaed3ca7110
docs_disabled,cmccomb@trussme__0c7316cf__matplotlib__plotly,4,True,fail,post_migration_regressions,pair_capped_mini_20cycle/runs/no_api_docs_editpair_gpt54mini_fixed_test_policy_20repairs_rerun_001/workspaces/cmccomb@trussme__0c7316cf__matplotlib__plotly/artifacts/cycles/cycle_004/test_results/post_migration_assessment.json,a3678862136c99662f5641313872247d053607df511230dfb595dcaed3ca7110
docs_disabled,cmccomb@trussme__0c7316cf__matplotlib__plotly,5,True,pass,ok,pair_capped_mini_20cycle/runs/no_api_docs_editpair_gpt54mini_fixed_test_policy_20repairs_rerun_001/workspaces/cmccomb@trussme__0c7316cf__matplotlib__plotly/artifacts/cycles/cycle_005/test_results/post_migration_assessment.json,4dba7592804586f43ec613fa9f4bc726cf3e706e9219946ccb1bbb19ff0438c3
docs_disabled,cordada@lib-cl-sii-python__d750fe31__jsonschema__cerberus,1,True,fail,after_validation_anomaly,pair_capped_mini_20cycle/runs/no_api_docs_editpair_gpt54mini_fixed_test_policy_20repairs_rerun_001/workspaces/cordada@lib-cl-sii-python__d750fe31__jsonschema__cerberus/artifacts/cycles/cycle_001/test_results/post_migration_assessment.json,689d12cfb663d891a9b128bee19537099e362961ce1a531ca8cccaba3190192b
docs_disabled,cordada@lib-cl-sii-python__d750fe31__jsonschema__cerberus,2,True,fail,post_migration_regressions,pair_capped_mini_20cycle/runs/no_api_docs_editpair_gpt54mini_fixed_test_policy_20repairs_rerun_001/workspaces/cordada@lib-cl-sii-python__d750fe31__jsonschema__cerberus/artifacts/cycles/cycle_002/test_results/post_migration_assessment.json,37865062291196008f44d828336bb878cf2e35c537aba39eaed6785f150afdef
docs_disabled,cordada@lib-cl-sii-python__d750fe31__jsonschema__cerberus,3,True,fail,after_validation_anomaly,pair_capped_mini_20cycle/runs/no_api_docs_editpair_gpt54mini_fixed_test_policy_20repairs_rerun_001/workspaces/cordada@lib-cl-sii-python__d750fe31__jsonschema__cerberus/artifacts/cycles/cycle_003/test_results/post_migration_assessment.json,689d12cfb663d891a9b128bee19537099e362961ce1a531ca8cccaba3190192b
docs_disabled,cordada@lib-cl-sii-python__d750fe31__jsonschema__cerberus,4,True,fail,post_migration_regressions,pair_capped_mini_20cycle/runs/no_api_docs_editpair_gpt54mini_fixed_test_policy_20repairs_rerun_001/workspaces/cordada@lib-cl-sii-python__d750fe31__jsonschema__cerberus/artifacts/cycles/cycle_004/test_results/post_migration_assessment.json,37865062291196008f44d828336bb878cf2e35c537aba39eaed6785f150afdef
docs_disabled,cordada@lib-cl-sii-python__d750fe31__jsonschema__cerberus,5,True,fail,post_migration_regressions,pair_capped_mini_20cycle/runs/no_api_docs_editpair_gpt54mini_fixed_test_policy_20repairs_rerun_001/workspaces/cordada@lib-cl-sii-python__d750fe31__jsonschema__cerberus/artifacts/cycles/cycle_005/test_results/post_migration_assessment.json,37865062291196008f44d828336bb878cf2e35c537aba39eaed6785f150afdef
docs_disabled,cordada@lib-cl-sii-python__d750fe31__jsonschema__cerberus,6,True,fail,post_migration_regressions,pair_capped_mini_20cycle/runs/no_api_docs_editpair_gpt54mini_fixed_test_policy_20repairs_rerun_001/workspaces/cordada@lib-cl-sii-python__d750fe31__jsonschema__cerberus/artifacts/cycles/cycle_006/test_results/post_migration_assessment.json,37865062291196008f44d828336bb878cf2e35c537aba39eaed6785f150afdef
docs_disabled,cordada@lib-cl-sii-python__d750fe31__jsonschema__cerberus,7,True,fail,post_migration_regressions,pair_capped_mini_20cycle/runs/no_api_docs_editpair_gpt54mini_fixed_test_policy_20repairs_rerun_001/workspaces/cordada@lib-cl-sii-python__d750fe31__jsonschema__cerberus/artifacts/cycles/cycle_007/test_results/post_migration_assessment.json,37865062291196008f44d828336bb878cf2e35c537aba39eaed6785f150afdef
docs_disabled,cordada@lib-cl-sii-python__d750fe31__jsonschema__cerberus,8,True,fail,post_migration_regressions,pair_capped_mini_20cycle/runs/no_api_docs_editpair_gpt54mini_fixed_test_policy_20repairs_rerun_001/workspaces/cordada@lib-cl-sii-python__d750fe31__jsonschema__cerberus/artifacts/cycles/cycle_008/test_results/post_migration_assessment.json,37865062291196008f44d828336bb878cf2e35c537aba39eaed6785f150afdef
docs_disabled,cordada@lib-cl-sii-python__d750fe31__jsonschema__cerberus,9,True,pass,ok,pair_capped_mini_20cycle/runs/no_api_docs_editpair_gpt54mini_fixed_test_policy_20repairs_rerun_001/workspaces/cordada@lib-cl-sii-python__d750fe31__jsonschema__cerberus/artifacts/cycles/cycle_009/test_results/post_migration_assessment.json,da9798381c5ee34bc949bc93e0f65410ee8c0b48b6b69762a239ae54e005e5de
docs_disabled,cskorpion@vmprof-firefox-converter__e1f6bb79__flask__bottle,1,True,fail,after_validation_anomaly,pair_capped_mini_20cycle/runs/no_api_docs_editpair_gpt54mini_fixed_test_policy_20repairs_rerun_001/workspaces/cskorpion@vmprof-firefox-converter__e1f6bb79__flask__bottle/artifacts/cycles/cycle_001/test_results/post_migration_assessment.json,2c2ff0338350f327ccd3c270eb3956cc96e8a10eaeee0a657059255899798545
docs_disabled,cskorpion@vmprof-firefox-converter__e1f6bb79__flask__bottle,2,True,pass,ok,pair_capped_mini_20cycle/runs/no_api_docs_editpair_gpt54mini_fixed_test_policy_20repairs_rerun_001/workspaces/cskorpion@vmprof-firefox-converter__e1f6bb79__flask__bottle/artifacts/cycles/cycle_002/test_results/post_migration_assessment.json,4d8399525ed53fa8aa3444fc2bf627cdea27cf064342a0c31f1e2cd2eb88675b
docs_disabled,cskorpion@vmprof-firefox-converter__e1f6bb79__flask__cherrypy,1,True,pass,ok,pair_capped_mini_20cycle/runs/no_api_docs_editpair_gpt54mini_fixed_test_policy_20repairs_rerun_001/workspaces/cskorpion@vmprof-firefox-converter__e1f6bb79__flask__cherrypy/artifacts/cycles/cycle_001/test_results/post_migration_assessment.json,01b41d3ef2feff81d4b9a49f7833912ec0785b7eb8994a05dd9d8edc8b2d180e
docs_disabled,cskorpion@vmprof-firefox-converter__e1f6bb79__flask__fastapi,1,True,pass,ok,pair_capped_mini_20cycle/runs/no_api_docs_editpair_gpt54mini_fixed_test_policy_20repairs_rerun_001/workspaces/cskorpion@vmprof-firefox-converter__e1f6bb79__flask__fastapi/artifacts/cycles/cycle_001/test_results/post_migration_assessment.json,be6a4211e357ac7ec2fa815e7c0518c899e110272df961ccfec5c17ea000ecc8
docs_disabled,cskorpion@vmprof-firefox-converter__e1f6bb79__flask__sanic,1,True,pass,ok,pair_capped_mini_20cycle/runs/no_api_docs_editpair_gpt54mini_fixed_test_policy_20repairs_rerun_001/workspaces/cskorpion@vmprof-firefox-converter__e1f6bb79__flask__sanic/artifacts/cycles/cycle_001/test_results/post_migration_assessment.json,3fa494d748596a155bb8ecae35fa0795e0d0717558a35e266a1ee00ea9155881
docs_disabled,cskorpion@vmprof-firefox-converter__e1f6bb79__flask__tornado,1,True,pass,ok,pair_capped_mini_20cycle/runs/no_api_docs_editpair_gpt54mini_fixed_test_policy_20repairs_rerun_001/workspaces/cskorpion@vmprof-firefox-converter__e1f6bb79__flask__tornado/artifacts/cycles/cycle_001/test_results/post_migration_assessment.json,64adf988bcb1fb99c282f4883a7780e9cfcf3625c2a104bfca06b591d19eeb2c
docs_disabled,d-rickyy-b@pastepwn__cde6e968__requests__httpx,1,True,fail,post_migration_regressions,pair_capped_mini_20cycle/runs/no_api_docs_editpair_gpt54mini_fixed_test_policy_20repairs_rerun_001/workspaces/d-rickyy-b@pastepwn__cde6e968__requests__httpx/artifacts/cycles/cycle_001/test_results/post_migration_assessment.json,84137e6c4f47081df331449fef4461eef82b2aea0f7d1f95b1dbf0b0b269e9dd
docs_disabled,d-rickyy-b@pastepwn__cde6e968__requests__httpx,2,True,pass,ok,pair_capped_mini_20cycle/runs/no_api_docs_editpair_gpt54mini_fixed_test_policy_20repairs_rerun_001/workspaces/d-rickyy-b@pastepwn__cde6e968__requests__httpx/artifacts/cycles/cycle_002/test_results/post_migration_assessment.json,5939449e97147d71009287dfdbd47765869f384cb8f10afbd3ab56cf67b5863f
docs_disabled,dave-howard@vsdx__ca31a2c9__jinja2__mako,1,True,fail,post_migration_regressions,pair_capped_mini_20cycle/runs/no_api_docs_editpair_gpt54mini_fixed_test_policy_20repairs_rerun_001/workspaces/dave-howard@vsdx__ca31a2c9__jinja2__mako/artifacts/cycles/cycle_001/test_results/post_migration_assessment.json,63a84c26834b97168d2c57e022ed67d3c5647ed632446be0c6991375f9c943ce
docs_disabled,dave-howard@vsdx__ca31a2c9__jinja2__mako,2,True,pass,ok,pair_capped_mini_20cycle/runs/no_api_docs_editpair_gpt54mini_fixed_test_policy_20repairs_rerun_001/workspaces/dave-howard@vsdx__ca31a2c9__jinja2__mako/artifacts/cycles/cycle_002/test_results/post_migration_assessment.json,8fe8f466fbe292296eb35b9e033eea7a2ed0afee57aa060703cc4ed6f44313f5
docs_disabled,david96182@ninjemail__2a52a8cc__toml__tomlkit,1,True,pass,ok,pair_capped_mini_20cycle/runs/no_api_docs_editpair_gpt54mini_fixed_test_policy_20repairs_rerun_001/workspaces/david96182@ninjemail__2a52a8cc__toml__tomlkit/artifacts/cycles/cycle_001/test_results/post_migration_assessment.json,5e256b9b314eaf518e01e61d621e24f9ae6507f4abba1c89b78cac5215fa0922
docs_disabled,dell@python-powerflex__d590af9d__requests__urllib3,1,True,pass,ok,pair_capped_mini_20cycle/runs/no_api_docs_editpair_gpt54mini_fixed_test_policy_20repairs_rerun_001/workspaces/dell@python-powerflex__d590af9d__requests__urllib3/artifacts/cycles/cycle_001/test_results/post_migration_assessment.json,f37bed8982d113b1b7496b6cda039e0c5b78a5156d8e4511596a08eaae6e8e65
docs_disabled,dknowles2@pyschlage__5c48dcd0__requests__pycurl,1,True,fail,post_migration_regressions,pair_capped_mini_20cycle/runs/no_api_docs_editpair_gpt54mini_fixed_test_policy_20repairs_rerun_001/workspaces/dknowles2@pyschlage__5c48dcd0__requests__pycurl/artifacts/cycles/cycle_001/test_results/post_migration_assessment.json,764ea86d03e5b79f07b6a8a385939dbdcb98e32c53145d4818ac78c8c8d8204e
docs_disabled,dknowles2@pyschlage__5c48dcd0__requests__pycurl,2,True,fail,post_migration_regressions,pair_capped_mini_20cycle/runs/no_api_docs_editpair_gpt54mini_fixed_test_policy_20repairs_rerun_001/workspaces/dknowles2@pyschlage__5c48dcd0__requests__pycurl/artifacts/cycles/cycle_002/test_results/post_migration_assessment.json,764ea86d03e5b79f07b6a8a385939dbdcb98e32c53145d4818ac78c8c8d8204e
docs_disabled,dknowles2@pyschlage__5c48dcd0__requests__pycurl,3,True,fail,post_migration_regressions,pair_capped_mini_20cycle/runs/no_api_docs_editpair_gpt54mini_fixed_test_policy_20repairs_rerun_001/workspaces/dknowles2@pyschlage__5c48dcd0__requests__pycurl/artifacts/cycles/cycle_003/test_results/post_migration_assessment.json,764ea86d03e5b79f07b6a8a385939dbdcb98e32c53145d4818ac78c8c8d8204e
docs_disabled,dknowles2@pyschlage__5c48dcd0__requests__pycurl,4,True,fail,post_migration_regressions,pair_capped_mini_20cycle/runs/no_api_docs_editpair_gpt54mini_fixed_test_policy_20repairs_rerun_001/workspaces/dknowles2@pyschlage__5c48dcd0__requests__pycurl/artifacts/cycles/cycle_004/test_results/post_migration_assessment.json,764ea86d03e5b79f07b6a8a385939dbdcb98e32c53145d4818ac78c8c8d8204e
docs_disabled,dknowles2@pyschlage__5c48dcd0__requests__pycurl,5,True,fail,post_migration_regressions,pair_capped_mini_20cycle/runs/no_api_docs_editpair_gpt54mini_fixed_test_policy_20repairs_rerun_001/workspaces/dknowles2@pyschlage__5c48dcd0__requests__pycurl/artifacts/cycles/cycle_005/test_results/post_migration_assessment.json,764ea86d03e5b79f07b6a8a385939dbdcb98e32c53145d4818ac78c8c8d8204e
docs_disabled,dknowles2@pyschlage__5c48dcd0__requests__pycurl,6,True,pass,ok,pair_capped_mini_20cycle/runs/no_api_docs_editpair_gpt54mini_fixed_test_policy_20repairs_rerun_001/workspaces/dknowles2@pyschlage__5c48dcd0__requests__pycurl/artifacts/cycles/cycle_006/test_results/post_migration_assessment.json,0c0d4d4c3a9892f59c8be6ed4b28ea5077b47fcdbb80e817d2f100ed690a631a
docs_disabled,dmtf@redfish-protocol-validator__e2f28669__colorama__rich,1,True,fail,post_migration_regressions,pair_capped_mini_20cycle/runs/no_api_docs_editpair_gpt54mini_fixed_test_policy_20repairs_rerun_001/workspaces/dmtf@redfish-protocol-validator__e2f28669__colorama__rich/artifacts/cycles/cycle_001/test_results/post_migration_assessment.json,7845e4f61663bb317864827ad8296613e3071c2bc2451fea3c02acd092d20655
docs_disabled,dmtf@redfish-protocol-validator__e2f28669__colorama__rich,2,True,fail,post_migration_regressions,pair_capped_mini_20cycle/runs/no_api_docs_editpair_gpt54mini_fixed_test_policy_20repairs_rerun_001/workspaces/dmtf@redfish-protocol-validator__e2f28669__colorama__rich/artifacts/cycles/cycle_002/test_results/post_migration_assessment.json,7845e4f61663bb317864827ad8296613e3071c2bc2451fea3c02acd092d20655
docs_disabled,dmtf@redfish-protocol-validator__e2f28669__colorama__rich,3,True,fail,post_migration_regressions,pair_capped_mini_20cycle/runs/no_api_docs_editpair_gpt54mini_fixed_test_policy_20repairs_rerun_001/workspaces/dmtf@redfish-protocol-validator__e2f28669__colorama__rich/artifacts/cycles/cycle_003/test_results/post_migration_assessment.json,7845e4f61663bb317864827ad8296613e3071c2bc2451fea3c02acd092d20655
docs_disabled,dmtf@redfish-protocol-validator__e2f28669__colorama__rich,4,True,fail,post_migration_regressions,pair_capped_mini_20cycle/runs/no_api_docs_editpair_gpt54mini_fixed_test_policy_20repairs_rerun_001/workspaces/dmtf@redfish-protocol-validator__e2f28669__colorama__rich/artifacts/cycles/cycle_004/test_results/post_migration_assessment.json,7845e4f61663bb317864827ad8296613e3071c2bc2451fea3c02acd092d20655
docs_disabled,dmtf@redfish-protocol-validator__e2f28669__colorama__rich,5,True,fail,post_migration_regressions,pair_capped_mini_20cycle/runs/no_api_docs_editpair_gpt54mini_fixed_test_policy_20repairs_rerun_001/workspaces/dmtf@redfish-protocol-validator__e2f28669__colorama__rich/artifacts/cycles/cycle_005/test_results/post_migration_assessment.json,7845e4f61663bb317864827ad8296613e3071c2bc2451fea3c02acd092d20655
docs_disabled,dmtf@redfish-protocol-validator__e2f28669__colorama__rich,6,True,fail,post_migration_regressions,pair_capped_mini_20cycle/runs/no_api_docs_editpair_gpt54mini_fixed_test_policy_20repairs_rerun_001/workspaces/dmtf@redfish-protocol-validator__e2f28669__colorama__rich/artifacts/cycles/cycle_006/test_results/post_migration_assessment.json,7845e4f61663bb317864827ad8296613e3071c2bc2451fea3c02acd092d20655
docs_disabled,dmtf@redfish-protocol-validator__e2f28669__colorama__rich,7,True,fail,post_migration_regressions,pair_capped_mini_20cycle/runs/no_api_docs_editpair_gpt54mini_fixed_test_policy_20repairs_rerun_001/workspaces/dmtf@redfish-protocol-validator__e2f28669__colorama__rich/artifacts/cycles/cycle_007/test_results/post_migration_assessment.json,7845e4f61663bb317864827ad8296613e3071c2bc2451fea3c02acd092d20655
docs_disabled,dmtf@redfish-protocol-validator__e2f28669__colorama__rich,8,True,fail,post_migration_regressions,pair_capped_mini_20cycle/runs/no_api_docs_editpair_gpt54mini_fixed_test_policy_20repairs_rerun_001/workspaces/dmtf@redfish-protocol-validator__e2f28669__colorama__rich/artifacts/cycles/cycle_008/test_results/post_migration_assessment.json,7845e4f61663bb317864827ad8296613e3071c2bc2451fea3c02acd092d20655
docs_disabled,dmtf@redfish-protocol-validator__e2f28669__colorama__rich,9,True,fail,post_migration_regressions,pair_capped_mini_20cycle/runs/no_api_docs_editpair_gpt54mini_fixed_test_policy_20repairs_rerun_001/workspaces/dmtf@redfish-protocol-validator__e2f28669__colorama__rich/artifacts/cycles/cycle_009/test_results/post_migration_assessment.json,7845e4f61663bb317864827ad8296613e3071c2bc2451fea3c02acd092d20655
docs_disabled,dmtf@redfish-protocol-validator__e2f28669__colorama__rich,10,True,fail,post_migration_regressions,pair_capped_mini_20cycle/runs/no_api_docs_editpair_gpt54mini_fixed_test_policy_20repairs_rerun_001/workspaces/dmtf@redfish-protocol-validator__e2f28669__colorama__rich/artifacts/cycles/cycle_010/test_results/post_migration_assessment.json,7845e4f61663bb317864827ad8296613e3071c2bc2451fea3c02acd092d20655
docs_disabled,dmtf@redfish-protocol-validator__e2f28669__colorama__rich,11,True,pass,ok,pair_capped_mini_20cycle/runs/no_api_docs_editpair_gpt54mini_fixed_test_policy_20repairs_rerun_001/workspaces/dmtf@redfish-protocol-validator__e2f28669__colorama__rich/artifacts/cycles/cycle_011/test_results/post_migration_assessment.json,e9d416bfa30f5f32199c6d777a8369ad1a7e7874b0fec049c37ceab7014ab315
docs_disabled,duo-labs@py_webauthn__42537f58__cryptography__pycryptodome,1,True,fail,after_validation_anomaly,pair_capped_mini_20cycle/runs/no_api_docs_editpair_gpt54mini_fixed_test_policy_20repairs_rerun_001/workspaces/duo-labs@py_webauthn__42537f58__cryptography__pycryptodome/artifacts/cycles/cycle_001/test_results/post_migration_assessment.json,9c7e23d35c4183d7fc1efb4006be79ecad20cb17204156986b1615c20ba4c75d
docs_disabled,duo-labs@py_webauthn__42537f58__cryptography__pycryptodome,2,True,fail,after_validation_anomaly,pair_capped_mini_20cycle/runs/no_api_docs_editpair_gpt54mini_fixed_test_policy_20repairs_rerun_001/workspaces/duo-labs@py_webauthn__42537f58__cryptography__pycryptodome/artifacts/cycles/cycle_002/test_results/post_migration_assessment.json,7cb0cfe0ce4b09d6681c5fcfc240d269dac9b5ada0172afcb09a64f35688b0ba
docs_disabled,duo-labs@py_webauthn__42537f58__cryptography__pycryptodome,3,True,fail,post_migration_regressions,pair_capped_mini_20cycle/runs/no_api_docs_editpair_gpt54mini_fixed_test_policy_20repairs_rerun_001/workspaces/duo-labs@py_webauthn__42537f58__cryptography__pycryptodome/artifacts/cycles/cycle_003/test_results/post_migration_assessment.json,0552772193dbcc0eea74ef355ff466a8e341fab9424f918c8c6c35fc5b56460c
docs_disabled,duo-labs@py_webauthn__42537f58__cryptography__pycryptodome,4,True,fail,post_migration_regressions,pair_capped_mini_20cycle/runs/no_api_docs_editpair_gpt54mini_fixed_test_policy_20repairs_rerun_001/workspaces/duo-labs@py_webauthn__42537f58__cryptography__pycryptodome/artifacts/cycles/cycle_004/test_results/post_migration_assessment.json,a91d07910fafc0563827e15bf9a669a9f221657320521bd88790346ef5effad2
docs_disabled,duo-labs@py_webauthn__42537f58__cryptography__pycryptodome,5,True,fail,post_migration_regressions,pair_capped_mini_20cycle/runs/no_api_docs_editpair_gpt54mini_fixed_test_policy_20repairs_rerun_001/workspaces/duo-labs@py_webauthn__42537f58__cryptography__pycryptodome/artifacts/cycles/cycle_005/test_results/post_migration_assessment.json,a91d07910fafc0563827e15bf9a669a9f221657320521bd88790346ef5effad2
docs_disabled,duo-labs@py_webauthn__42537f58__cryptography__pycryptodome,6,True,fail,post_migration_regressions,pair_capped_mini_20cycle/runs/no_api_docs_editpair_gpt54mini_fixed_test_policy_20repairs_rerun_001/workspaces/duo-labs@py_webauthn__42537f58__cryptography__pycryptodome/artifacts/cycles/cycle_006/test_results/post_migration_assessment.json,a91d07910fafc0563827e15bf9a669a9f221657320521bd88790346ef5effad2
docs_disabled,duo-labs@py_webauthn__42537f58__cryptography__pycryptodome,7,True,fail,post_migration_regressions,pair_capped_mini_20cycle/runs/no_api_docs_editpair_gpt54mini_fixed_test_policy_20repairs_rerun_001/workspaces/duo-labs@py_webauthn__42537f58__cryptography__pycryptodome/artifacts/cycles/cycle_007/test_results/post_migration_assessment.json,43b7ace0c233958683b490274a8da20f89007bd1a0f37e3d346b668c73c5a730
docs_disabled,duo-labs@py_webauthn__42537f58__cryptography__pycryptodome,8,True,pass,ok,pair_capped_mini_20cycle/runs/no_api_docs_editpair_gpt54mini_fixed_test_policy_20repairs_rerun_001/workspaces/duo-labs@py_webauthn__42537f58__cryptography__pycryptodome/artifacts/cycles/cycle_008/test_results/post_migration_assessment.json,629d57d5943f83d909b7ef674ca67f924f7070671d30b969d4a19cae24ec7913
docs_disabled,dwave-examples@3d-bin-packing__abb0ebd3__tabulate__rich,1,True,fail,post_migration_regressions,pair_capped_mini_20cycle/runs/no_api_docs_editpair_gpt54mini_fixed_test_policy_20repairs_rerun_001/workspaces/dwave-examples@3d-bin-packing__abb0ebd3__tabulate__rich/artifacts/cycles/cycle_001/test_results/post_migration_assessment.json,011fec8d4b2e546d43f117550fe092416727df062d714a7fb7416ece4844e184
docs_disabled,dwave-examples@3d-bin-packing__abb0ebd3__tabulate__rich,2,True,fail,post_migration_regressions,pair_capped_mini_20cycle/runs/no_api_docs_editpair_gpt54mini_fixed_test_policy_20repairs_rerun_001/workspaces/dwave-examples@3d-bin-packing__abb0ebd3__tabulate__rich/artifacts/cycles/cycle_002/test_results/post_migration_assessment.json,146e99aa8a39ce6de2a4ff32dd0de0a09fa6acae8c329a681f635732982efc0c
docs_disabled,dwave-examples@3d-bin-packing__abb0ebd3__tabulate__rich,3,True,fail,post_migration_regressions,pair_capped_mini_20cycle/runs/no_api_docs_editpair_gpt54mini_fixed_test_policy_20repairs_rerun_001/workspaces/dwave-examples@3d-bin-packing__abb0ebd3__tabulate__rich/artifacts/cycles/cycle_003/test_results/post_migration_assessment.json,146e99aa8a39ce6de2a4ff32dd0de0a09fa6acae8c329a681f635732982efc0c
docs_disabled,dwave-examples@3d-bin-packing__abb0ebd3__tabulate__rich,4,True,fail,post_migration_regressions,pair_capped_mini_20cycle/runs/no_api_docs_editpair_gpt54mini_fixed_test_policy_20repairs_rerun_001/workspaces/dwave-examples@3d-bin-packing__abb0ebd3__tabulate__rich/artifacts/cycles/cycle_004/test_results/post_migration_assessment.json,146e99aa8a39ce6de2a4ff32dd0de0a09fa6acae8c329a681f635732982efc0c
docs_disabled,dwave-examples@3d-bin-packing__abb0ebd3__tabulate__rich,5,True,fail,post_migration_regressions,pair_capped_mini_20cycle/runs/no_api_docs_editpair_gpt54mini_fixed_test_policy_20repairs_rerun_001/workspaces/dwave-examples@3d-bin-packing__abb0ebd3__tabulate__rich/artifacts/cycles/cycle_005/test_results/post_migration_assessment.json,146e99aa8a39ce6de2a4ff32dd0de0a09fa6acae8c329a681f635732982efc0c
docs_disabled,dwave-examples@3d-bin-packing__abb0ebd3__tabulate__rich,6,True,fail,post_migration_regressions,pair_capped_mini_20cycle/runs/no_api_docs_editpair_gpt54mini_fixed_test_policy_20repairs_rerun_001/workspaces/dwave-examples@3d-bin-packing__abb0ebd3__tabulate__rich/artifacts/cycles/cycle_006/test_results/post_migration_assessment.json,146e99aa8a39ce6de2a4ff32dd0de0a09fa6acae8c329a681f635732982efc0c
docs_disabled,dwave-examples@3d-bin-packing__abb0ebd3__tabulate__rich,7,True,fail,post_migration_regressions,pair_capped_mini_20cycle/runs/no_api_docs_editpair_gpt54mini_fixed_test_policy_20repairs_rerun_001/workspaces/dwave-examples@3d-bin-packing__abb0ebd3__tabulate__rich/artifacts/cycles/cycle_007/test_results/post_migration_assessment.json,146e99aa8a39ce6de2a4ff32dd0de0a09fa6acae8c329a681f635732982efc0c
docs_disabled,dwave-examples@3d-bin-packing__abb0ebd3__tabulate__rich,8,True,fail,post_migration_regressions,pair_capped_mini_20cycle/runs/no_api_docs_editpair_gpt54mini_fixed_test_policy_20repairs_rerun_001/workspaces/dwave-examples@3d-bin-packing__abb0ebd3__tabulate__rich/artifacts/cycles/cycle_008/test_results/post_migration_assessment.json,146e99aa8a39ce6de2a4ff32dd0de0a09fa6acae8c329a681f635732982efc0c
docs_disabled,dwave-examples@3d-bin-packing__abb0ebd3__tabulate__rich,9,True,fail,post_migration_regressions,pair_capped_mini_20cycle/runs/no_api_docs_editpair_gpt54mini_fixed_test_policy_20repairs_rerun_001/workspaces/dwave-examples@3d-bin-packing__abb0ebd3__tabulate__rich/artifacts/cycles/cycle_009/test_results/post_migration_assessment.json,146e99aa8a39ce6de2a4ff32dd0de0a09fa6acae8c329a681f635732982efc0c
docs_disabled,dwave-examples@3d-bin-packing__abb0ebd3__tabulate__rich,10,True,fail,post_migration_regressions,pair_capped_mini_20cycle/runs/no_api_docs_editpair_gpt54mini_fixed_test_policy_20repairs_rerun_001/workspaces/dwave-examples@3d-bin-packing__abb0ebd3__tabulate__rich/artifacts/cycles/cycle_010/test_results/post_migration_assessment.json,146e99aa8a39ce6de2a4ff32dd0de0a09fa6acae8c329a681f635732982efc0c
docs_disabled,dwave-examples@3d-bin-packing__abb0ebd3__tabulate__rich,11,True,fail,post_migration_regressions,pair_capped_mini_20cycle/runs/no_api_docs_editpair_gpt54mini_fixed_test_policy_20repairs_rerun_001/workspaces/dwave-examples@3d-bin-packing__abb0ebd3__tabulate__rich/artifacts/cycles/cycle_011/test_results/post_migration_assessment.json,146e99aa8a39ce6de2a4ff32dd0de0a09fa6acae8c329a681f635732982efc0c
docs_disabled,dwave-examples@3d-bin-packing__abb0ebd3__tabulate__rich,12,True,fail,post_migration_regressions,pair_capped_mini_20cycle/runs/no_api_docs_editpair_gpt54mini_fixed_test_policy_20repairs_rerun_001/workspaces/dwave-examples@3d-bin-packing__abb0ebd3__tabulate__rich/artifacts/cycles/cycle_012/test_results/post_migration_assessment.json,146e99aa8a39ce6de2a4ff32dd0de0a09fa6acae8c329a681f635732982efc0c
docs_disabled,dwave-examples@3d-bin-packing__abb0ebd3__tabulate__rich,13,True,fail,post_migration_regressions,pair_capped_mini_20cycle/runs/no_api_docs_editpair_gpt54mini_fixed_test_policy_20repairs_rerun_001/workspaces/dwave-examples@3d-bin-packing__abb0ebd3__tabulate__rich/artifacts/cycles/cycle_013/test_results/post_migration_assessment.json,146e99aa8a39ce6de2a4ff32dd0de0a09fa6acae8c329a681f635732982efc0c
docs_disabled,dwave-examples@3d-bin-packing__abb0ebd3__tabulate__rich,14,True,fail,post_migration_regressions,pair_capped_mini_20cycle/runs/no_api_docs_editpair_gpt54mini_fixed_test_policy_20repairs_rerun_001/workspaces/dwave-examples@3d-bin-packing__abb0ebd3__tabulate__rich/artifacts/cycles/cycle_014/test_results/post_migration_assessment.json,146e99aa8a39ce6de2a4ff32dd0de0a09fa6acae8c329a681f635732982efc0c
docs_disabled,dwave-examples@3d-bin-packing__abb0ebd3__tabulate__rich,15,True,fail,post_migration_regressions,pair_capped_mini_20cycle/runs/no_api_docs_editpair_gpt54mini_fixed_test_policy_20repairs_rerun_001/workspaces/dwave-examples@3d-bin-packing__abb0ebd3__tabulate__rich/artifacts/cycles/cycle_015/test_results/post_migration_assessment.json,146e99aa8a39ce6de2a4ff32dd0de0a09fa6acae8c329a681f635732982efc0c
docs_disabled,dwave-examples@3d-bin-packing__abb0ebd3__tabulate__rich,16,True,fail,post_migration_regressions,pair_capped_mini_20cycle/runs/no_api_docs_editpair_gpt54mini_fixed_test_policy_20repairs_rerun_001/workspaces/dwave-examples@3d-bin-packing__abb0ebd3__tabulate__rich/artifacts/cycles/cycle_016/test_results/post_migration_assessment.json,146e99aa8a39ce6de2a4ff32dd0de0a09fa6acae8c329a681f635732982efc0c
docs_disabled,dwave-examples@3d-bin-packing__abb0ebd3__tabulate__rich,17,True,fail,post_migration_regressions,pair_capped_mini_20cycle/runs/no_api_docs_editpair_gpt54mini_fixed_test_policy_20repairs_rerun_001/workspaces/dwave-examples@3d-bin-packing__abb0ebd3__tabulate__rich/artifacts/cycles/cycle_017/test_results/post_migration_assessment.json,146e99aa8a39ce6de2a4ff32dd0de0a09fa6acae8c329a681f635732982efc0c
docs_disabled,dwave-examples@3d-bin-packing__abb0ebd3__tabulate__rich,18,True,fail,post_migration_regressions,pair_capped_mini_20cycle/runs/no_api_docs_editpair_gpt54mini_fixed_test_policy_20repairs_rerun_001/workspaces/dwave-examples@3d-bin-packing__abb0ebd3__tabulate__rich/artifacts/cycles/cycle_018/test_results/post_migration_assessment.json,146e99aa8a39ce6de2a4ff32dd0de0a09fa6acae8c329a681f635732982efc0c
docs_disabled,dwave-examples@3d-bin-packing__abb0ebd3__tabulate__rich,19,True,fail,post_migration_regressions,pair_capped_mini_20cycle/runs/no_api_docs_editpair_gpt54mini_fixed_test_policy_20repairs_rerun_001/workspaces/dwave-examples@3d-bin-packing__abb0ebd3__tabulate__rich/artifacts/cycles/cycle_019/test_results/post_migration_assessment.json,146e99aa8a39ce6de2a4ff32dd0de0a09fa6acae8c329a681f635732982efc0c
docs_disabled,dwave-examples@3d-bin-packing__abb0ebd3__tabulate__rich,20,True,fail,post_migration_regressions,pair_capped_mini_20cycle/runs/no_api_docs_editpair_gpt54mini_fixed_test_policy_20repairs_rerun_001/workspaces/dwave-examples@3d-bin-packing__abb0ebd3__tabulate__rich/artifacts/cycles/cycle_020/test_results/post_migration_assessment.json,146e99aa8a39ce6de2a4ff32dd0de0a09fa6acae8c329a681f635732982efc0c
docs_disabled,dwave-examples@3d-bin-packing__abb0ebd3__tabulate__rich,21,True,fail,post_migration_regressions,pair_capped_mini_20cycle/runs/no_api_docs_editpair_gpt54mini_fixed_test_policy_20repairs_rerun_001/workspaces/dwave-examples@3d-bin-packing__abb0ebd3__tabulate__rich/artifacts/cycles/cycle_021/test_results/post_migration_assessment.json,146e99aa8a39ce6de2a4ff32dd0de0a09fa6acae8c329a681f635732982efc0c
docs_disabled,electronic-mango@simple-justwatch-python-api__5524c491__httpx__aiohttp,1,True,fail,post_migration_regressions,pair_capped_mini_20cycle/runs/no_api_docs_editpair_gpt54mini_fixed_test_policy_20repairs_rerun_001/workspaces/electronic-mango@simple-justwatch-python-api__5524c491__httpx__aiohttp/artifacts/cycles/cycle_001/test_results/post_migration_assessment.json,491f8088fe273ee0b9d29bd449ed35fefa64b5d23bf6490bfe97b3fe193b99ac
docs_disabled,electronic-mango@simple-justwatch-python-api__5524c491__httpx__aiohttp,2,True,fail,post_migration_regressions,pair_capped_mini_20cycle/runs/no_api_docs_editpair_gpt54mini_fixed_test_policy_20repairs_rerun_001/workspaces/electronic-mango@simple-justwatch-python-api__5524c491__httpx__aiohttp/artifacts/cycles/cycle_002/test_results/post_migration_assessment.json,3732301494b48ac829b8e816431516f9f2feea4af1f107e9db9af8ec1e123e9a
docs_disabled,electronic-mango@simple-justwatch-python-api__5524c491__httpx__aiohttp,3,True,fail,post_migration_regressions,pair_capped_mini_20cycle/runs/no_api_docs_editpair_gpt54mini_fixed_test_policy_20repairs_rerun_001/workspaces/electronic-mango@simple-justwatch-python-api__5524c491__httpx__aiohttp/artifacts/cycles/cycle_003/test_results/post_migration_assessment.json,036341bfa38fa2661a4a8fc6ea8507a2d8a0843f26e1d3d084924b577d9bb949
docs_disabled,electronic-mango@simple-justwatch-python-api__5524c491__httpx__aiohttp,4,True,pass,ok,pair_capped_mini_20cycle/runs/no_api_docs_editpair_gpt54mini_fixed_test_policy_20repairs_rerun_001/workspaces/electronic-mango@simple-justwatch-python-api__5524c491__httpx__aiohttp/artifacts/cycles/cycle_004/test_results/post_migration_assessment.json,79ae533061f38b4c0fbb3c7ae9391927f3cd7a9d8c0f5bba61b5387f9f702f87
docs_disabled,electronic-mango@simple-justwatch-python-api__5524c491__httpx__requests,1,True,fail,post_migration_regressions,pair_capped_mini_20cycle/runs/no_api_docs_editpair_gpt54mini_fixed_test_policy_20repairs_rerun_001/workspaces/electronic-mango@simple-justwatch-python-api__5524c491__httpx__requests/artifacts/cycles/cycle_001/test_results/post_migration_assessment.json,6c6f811a13b517b4865051b6769d028301256c19a34139f40bc0308ee3a620c6
docs_disabled,electronic-mango@simple-justwatch-python-api__5524c491__httpx__requests,2,True,pass,ok,pair_capped_mini_20cycle/runs/no_api_docs_editpair_gpt54mini_fixed_test_policy_20repairs_rerun_001/workspaces/electronic-mango@simple-justwatch-python-api__5524c491__httpx__requests/artifacts/cycles/cycle_002/test_results/post_migration_assessment.json,63338c822a941c226e50ea2da6c412fcae7309e0e8ad0feeb1a90757226b61e2
docs_disabled,evanp@ap__90969daf__tabulate__prettytable,1,True,pass,ok,pair_capped_mini_20cycle/runs/no_api_docs_editpair_gpt54mini_fixed_test_policy_20repairs_rerun_001/workspaces/evanp@ap__90969daf__tabulate__prettytable/artifacts/cycles/cycle_001/test_results/post_migration_assessment.json,e4dd9f6fe5093dc3254a6dc4a141698959f1c47acbb8b8c91e0500e0cb4444bc
docs_disabled,eyeseast@python-frontmatter__025a94c2__toml__tomlkit,1,True,pass,ok,pair_capped_mini_20cycle/runs/no_api_docs_editpair_gpt54mini_fixed_test_policy_20repairs_rerun_001/workspaces/eyeseast@python-frontmatter__025a94c2__toml__tomlkit/artifacts/cycles/cycle_001/test_results/post_migration_assessment.json,ebda8ae43f4205dbe144ce546b1cf314d0b057bb6b92ca521efe92b162b0f3f3
docs_disabled,fidelity@selective__7e07abc8__seaborn__altair,1,False,,,,
docs_disabled,fidelity@selective__7e07abc8__seaborn__plotly,1,False,,,,
docs_disabled,ful1e5@clickgen__ce70d07a__toml__tomli,1,True,pass,ok,pair_capped_mini_20cycle/runs/no_api_docs_editpair_gpt54mini_fixed_test_policy_20repairs_rerun_001/workspaces/ful1e5@clickgen__ce70d07a__toml__tomli/artifacts/cycles/cycle_001/test_results/post_migration_assessment.json,e0f38191ab9e48bd12c57b5d91b165325dc347902e1957acf9b78e15162bf421
docs_disabled,getpatchwork@git-pw__02c38bef__tabulate__prettytable,1,True,fail,post_migration_regressions,pair_capped_mini_20cycle/runs/no_api_docs_editpair_gpt54mini_fixed_test_policy_20repairs_rerun_001/workspaces/getpatchwork@git-pw__02c38bef__tabulate__prettytable/artifacts/cycles/cycle_001/test_results/post_migration_assessment.json,d6ddee6f5320658231366c7e363859bd4d5ff6926db1405a5ea6690a9f8d66da
docs_disabled,getpatchwork@git-pw__02c38bef__tabulate__prettytable,2,True,fail,post_migration_regressions,pair_capped_mini_20cycle/runs/no_api_docs_editpair_gpt54mini_fixed_test_policy_20repairs_rerun_001/workspaces/getpatchwork@git-pw__02c38bef__tabulate__prettytable/artifacts/cycles/cycle_002/test_results/post_migration_assessment.json,5fa02c2e85030e3aebca7a33c87dc64b4d4b15d981ed60c40cba6f4fddd04037
docs_disabled,getpatchwork@git-pw__02c38bef__tabulate__prettytable,3,True,fail,post_migration_regressions,pair_capped_mini_20cycle/runs/no_api_docs_editpair_gpt54mini_fixed_test_policy_20repairs_rerun_001/workspaces/getpatchwork@git-pw__02c38bef__tabulate__prettytable/artifacts/cycles/cycle_003/test_results/post_migration_assessment.json,dd329c4aeae96604212bfa73cc28b289cec8616b75feb273db32adf91478b6a0
docs_disabled,getpatchwork@git-pw__02c38bef__tabulate__prettytable,4,True,fail,post_migration_regressions,pair_capped_mini_20cycle/runs/no_api_docs_editpair_gpt54mini_fixed_test_policy_20repairs_rerun_001/workspaces/getpatchwork@git-pw__02c38bef__tabulate__prettytable/artifacts/cycles/cycle_004/test_results/post_migration_assessment.json,d6ddee6f5320658231366c7e363859bd4d5ff6926db1405a5ea6690a9f8d66da
docs_disabled,getpatchwork@git-pw__02c38bef__tabulate__prettytable,5,True,fail,post_migration_regressions,pair_capped_mini_20cycle/runs/no_api_docs_editpair_gpt54mini_fixed_test_policy_20repairs_rerun_001/workspaces/getpatchwork@git-pw__02c38bef__tabulate__prettytable/artifacts/cycles/cycle_005/test_results/post_migration_assessment.json,fc52d5bd68a5f962eddc34ee5c557fea015b2b8e5a2d0914349eb4d90fd0311f
docs_disabled,getpatchwork@git-pw__02c38bef__tabulate__prettytable,6,True,fail,post_migration_regressions,pair_capped_mini_20cycle/runs/no_api_docs_editpair_gpt54mini_fixed_test_policy_20repairs_rerun_001/workspaces/getpatchwork@git-pw__02c38bef__tabulate__prettytable/artifacts/cycles/cycle_006/test_results/post_migration_assessment.json,d6ddee6f5320658231366c7e363859bd4d5ff6926db1405a5ea6690a9f8d66da
docs_disabled,getpatchwork@git-pw__02c38bef__tabulate__prettytable,7,True,fail,post_migration_regressions,pair_capped_mini_20cycle/runs/no_api_docs_editpair_gpt54mini_fixed_test_policy_20repairs_rerun_001/workspaces/getpatchwork@git-pw__02c38bef__tabulate__prettytable/artifacts/cycles/cycle_007/test_results/post_migration_assessment.json,fc52d5bd68a5f962eddc34ee5c557fea015b2b8e5a2d0914349eb4d90fd0311f
docs_disabled,getpatchwork@git-pw__02c38bef__tabulate__prettytable,8,True,fail,post_migration_regressions,pair_capped_mini_20cycle/runs/no_api_docs_editpair_gpt54mini_fixed_test_policy_20repairs_rerun_001/workspaces/getpatchwork@git-pw__02c38bef__tabulate__prettytable/artifacts/cycles/cycle_008/test_results/post_migration_assessment.json,d6ddee6f5320658231366c7e363859bd4d5ff6926db1405a5ea6690a9f8d66da
docs_disabled,getpatchwork@git-pw__02c38bef__tabulate__prettytable,9,True,fail,post_migration_regressions,pair_capped_mini_20cycle/runs/no_api_docs_editpair_gpt54mini_fixed_test_policy_20repairs_rerun_001/workspaces/getpatchwork@git-pw__02c38bef__tabulate__prettytable/artifacts/cycles/cycle_009/test_results/post_migration_assessment.json,fc52d5bd68a5f962eddc34ee5c557fea015b2b8e5a2d0914349eb4d90fd0311f
docs_disabled,getpatchwork@git-pw__02c38bef__tabulate__prettytable,10,True,fail,post_migration_regressions,pair_capped_mini_20cycle/runs/no_api_docs_editpair_gpt54mini_fixed_test_policy_20repairs_rerun_001/workspaces/getpatchwork@git-pw__02c38bef__tabulate__prettytable/artifacts/cycles/cycle_010/test_results/post_migration_assessment.json,d6ddee6f5320658231366c7e363859bd4d5ff6926db1405a5ea6690a9f8d66da
docs_disabled,getpatchwork@git-pw__02c38bef__tabulate__prettytable,11,True,fail,post_migration_regressions,pair_capped_mini_20cycle/runs/no_api_docs_editpair_gpt54mini_fixed_test_policy_20repairs_rerun_001/workspaces/getpatchwork@git-pw__02c38bef__tabulate__prettytable/artifacts/cycles/cycle_011/test_results/post_migration_assessment.json,d6ddee6f5320658231366c7e363859bd4d5ff6926db1405a5ea6690a9f8d66da
docs_disabled,getpatchwork@git-pw__02c38bef__tabulate__prettytable,12,True,pass,ok,pair_capped_mini_20cycle/runs/no_api_docs_editpair_gpt54mini_fixed_test_policy_20repairs_rerun_001/workspaces/getpatchwork@git-pw__02c38bef__tabulate__prettytable/artifacts/cycles/cycle_012/test_results/post_migration_assessment.json,0c89aeea847c641841efc9819ef7ed67ba4e9f692728bb7f804cca000fa6d7d9
docs_disabled,getpatchwork@git-pw__02c38bef__tabulate__rich,1,True,fail,post_migration_regressions,pair_capped_mini_20cycle/runs/no_api_docs_editpair_gpt54mini_fixed_test_policy_20repairs_rerun_001/workspaces/getpatchwork@git-pw__02c38bef__tabulate__rich/artifacts/cycles/cycle_001/test_results/post_migration_assessment.json,f3fb29d5768e48934b7c9aa1737193688c1334ae0fe39448fb516249b1098da5
docs_disabled,getpatchwork@git-pw__02c38bef__tabulate__rich,2,True,fail,post_migration_regressions,pair_capped_mini_20cycle/runs/no_api_docs_editpair_gpt54mini_fixed_test_policy_20repairs_rerun_001/workspaces/getpatchwork@git-pw__02c38bef__tabulate__rich/artifacts/cycles/cycle_002/test_results/post_migration_assessment.json,a795a539ab785ff974808749cee24887960830fdd71c7ed9f7db1d14eb1a886b
docs_disabled,getpatchwork@git-pw__02c38bef__tabulate__rich,3,True,fail,post_migration_regressions,pair_capped_mini_20cycle/runs/no_api_docs_editpair_gpt54mini_fixed_test_policy_20repairs_rerun_001/workspaces/getpatchwork@git-pw__02c38bef__tabulate__rich/artifacts/cycles/cycle_003/test_results/post_migration_assessment.json,ab753aa2994087c73b5f053d4f3bae6247efa6fdf60ee3666d8fa797380998ab
docs_disabled,getpatchwork@git-pw__02c38bef__tabulate__rich,4,True,fail,post_migration_regressions,pair_capped_mini_20cycle/runs/no_api_docs_editpair_gpt54mini_fixed_test_policy_20repairs_rerun_001/workspaces/getpatchwork@git-pw__02c38bef__tabulate__rich/artifacts/cycles/cycle_004/test_results/post_migration_assessment.json,a795a539ab785ff974808749cee24887960830fdd71c7ed9f7db1d14eb1a886b
docs_disabled,getpatchwork@git-pw__02c38bef__tabulate__rich,5,True,fail,post_migration_regressions,pair_capped_mini_20cycle/runs/no_api_docs_editpair_gpt54mini_fixed_test_policy_20repairs_rerun_001/workspaces/getpatchwork@git-pw__02c38bef__tabulate__rich/artifacts/cycles/cycle_005/test_results/post_migration_assessment.json,6644b0e6f6be423ed3df4dbadd131c2e8189cb911956d18dbfdb444b6fcfb535
docs_disabled,getpatchwork@git-pw__02c38bef__tabulate__rich,6,True,pass,ok,pair_capped_mini_20cycle/runs/no_api_docs_editpair_gpt54mini_fixed_test_policy_20repairs_rerun_001/workspaces/getpatchwork@git-pw__02c38bef__tabulate__rich/artifacts/cycles/cycle_006/test_results/post_migration_assessment.json,4953e67ec443e423a1d4ad6509623690f73c953e1aca342bcabe92e039ae9220
docs_disabled,git-shogg@finsec__e64e34a9__beautifulsoup4__pyquery,1,True,fail,post_migration_regressions,pair_capped_mini_20cycle/runs/no_api_docs_editpair_gpt54mini_fixed_test_policy_20repairs_rerun_001/workspaces/git-shogg@finsec__e64e34a9__beautifulsoup4__pyquery/artifacts/cycles/cycle_001/test_results/post_migration_assessment.json,140fd1641af16d29b7d61a47f65381ab93767d5701fcc71ee3292e78017390a0
docs_disabled,git-shogg@finsec__e64e34a9__beautifulsoup4__pyquery,2,True,fail,post_migration_regressions,pair_capped_mini_20cycle/runs/no_api_docs_editpair_gpt54mini_fixed_test_policy_20repairs_rerun_001/workspaces/git-shogg@finsec__e64e34a9__beautifulsoup4__pyquery/artifacts/cycles/cycle_002/test_results/post_migration_assessment.json,140fd1641af16d29b7d61a47f65381ab93767d5701fcc71ee3292e78017390a0
docs_disabled,git-shogg@finsec__e64e34a9__beautifulsoup4__pyquery,3,True,fail,post_migration_regressions,pair_capped_mini_20cycle/runs/no_api_docs_editpair_gpt54mini_fixed_test_policy_20repairs_rerun_001/workspaces/git-shogg@finsec__e64e34a9__beautifulsoup4__pyquery/artifacts/cycles/cycle_003/test_results/post_migration_assessment.json,140fd1641af16d29b7d61a47f65381ab93767d5701fcc71ee3292e78017390a0
docs_disabled,git-shogg@finsec__e64e34a9__beautifulsoup4__pyquery,4,True,pass,ok,pair_capped_mini_20cycle/runs/no_api_docs_editpair_gpt54mini_fixed_test_policy_20repairs_rerun_001/workspaces/git-shogg@finsec__e64e34a9__beautifulsoup4__pyquery/artifacts/cycles/cycle_004/test_results/post_migration_assessment.json,9e388354d482b21b4907ecf20de32200a95e25122e3816e1e7d2b09044092264
docs_disabled,git-shogg@finsec__e64e34a9__requests__httpx,1,True,pass,ok,pair_capped_mini_20cycle/runs/no_api_docs_editpair_gpt54mini_fixed_test_policy_20repairs_rerun_001/workspaces/git-shogg@finsec__e64e34a9__requests__httpx/artifacts/cycles/cycle_001/test_results/post_migration_assessment.json,e1e2f869b63a895c5ea0884d08b25c850f6e7b2ddb582ccd44f255895e1b7e95
docs_disabled,github@automatic-contrib-prs__3c357a2e__python-dotenv__dynaconf,1,True,pass,ok,pair_capped_mini_20cycle/runs/no_api_docs_editpair_gpt54mini_fixed_test_policy_20repairs_rerun_001/workspaces/github@automatic-contrib-prs__3c357a2e__python-dotenv__dynaconf/artifacts/cycles/cycle_001/test_results/post_migration_assessment.json,d734a8a50e763aab79d5b5bbaf403c400d177cfe63fde583b17fe77043886060
docs_disabled,github@contributors__107543a7__python-dotenv__environs,1,True,pass,ok,pair_capped_mini_20cycle/runs/no_api_docs_editpair_gpt54mini_fixed_test_policy_20repairs_rerun_001/workspaces/github@contributors__107543a7__python-dotenv__environs/artifacts/cycles/cycle_001/test_results/post_migration_assessment.json,a2f0e30de8642eef232656ed38efc4fa83b310b4c7ab2f1105b8feb796a0ff6d
docs_disabled,github@issue-metrics__44877577__python-dotenv__dynaconf,1,True,pass,ok,pair_capped_mini_20cycle/runs/no_api_docs_editpair_gpt54mini_fixed_test_policy_20repairs_rerun_001/workspaces/github@issue-metrics__44877577__python-dotenv__dynaconf/artifacts/cycles/cycle_001/test_results/post_migration_assessment.json,6cd7322c22b55a0acb141512d11699d196cfcc7a710a47af1a3fd99923d6b51c
docs_disabled,github@issue-metrics__44877577__python-dotenv__environs,1,True,fail,post_migration_regressions,pair_capped_mini_20cycle/runs/no_api_docs_editpair_gpt54mini_fixed_test_policy_20repairs_rerun_001/workspaces/github@issue-metrics__44877577__python-dotenv__environs/artifacts/cycles/cycle_001/test_results/post_migration_assessment.json,a8fef72112b8be3f84b75a4c9ca42a7ba829cb07c7bda44f51c0142eae61b2a4
docs_disabled,github@issue-metrics__44877577__python-dotenv__environs,2,True,fail,post_migration_regressions,pair_capped_mini_20cycle/runs/no_api_docs_editpair_gpt54mini_fixed_test_policy_20repairs_rerun_001/workspaces/github@issue-metrics__44877577__python-dotenv__environs/artifacts/cycles/cycle_002/test_results/post_migration_assessment.json,a8fef72112b8be3f84b75a4c9ca42a7ba829cb07c7bda44f51c0142eae61b2a4
docs_disabled,github@issue-metrics__44877577__python-dotenv__environs,3,True,fail,post_migration_regressions,pair_capped_mini_20cycle/runs/no_api_docs_editpair_gpt54mini_fixed_test_policy_20repairs_rerun_001/workspaces/github@issue-metrics__44877577__python-dotenv__environs/artifacts/cycles/cycle_003/test_results/post_migration_assessment.json,1b929d9e9cadefdf2f85cf10086450854b34638077d9fe908e792af8ec570050
docs_disabled,github@issue-metrics__44877577__python-dotenv__environs,4,True,fail,post_migration_regressions,pair_capped_mini_20cycle/runs/no_api_docs_editpair_gpt54mini_fixed_test_policy_20repairs_rerun_001/workspaces/github@issue-metrics__44877577__python-dotenv__environs/artifacts/cycles/cycle_004/test_results/post_migration_assessment.json,a8fef72112b8be3f84b75a4c9ca42a7ba829cb07c7bda44f51c0142eae61b2a4
docs_disabled,github@issue-metrics__44877577__python-dotenv__environs,5,True,pass,ok,pair_capped_mini_20cycle/runs/no_api_docs_editpair_gpt54mini_fixed_test_policy_20repairs_rerun_001/workspaces/github@issue-metrics__44877577__python-dotenv__environs/artifacts/cycles/cycle_005/test_results/post_migration_assessment.json,c67f25f238497130778cc14238c030cb6ea5c4be5e568741906d00a8930b543c
docs_disabled,giuliorossetti@ash__1106b609__matplotlib__seaborn,1,True,fail,post_migration_regressions,pair_capped_mini_20cycle/runs/no_api_docs_editpair_gpt54mini_fixed_test_policy_20repairs_rerun_001/workspaces/giuliorossetti@ash__1106b609__matplotlib__seaborn/artifacts/cycles/cycle_001/test_results/post_migration_assessment.json,0d52eb3f5cdb1005ec3ee142d9e0fac270be4b31b02464ee7c0f294ac16c9d86
docs_disabled,giuliorossetti@ash__1106b609__matplotlib__seaborn,2,True,pass,ok,pair_capped_mini_20cycle/runs/no_api_docs_editpair_gpt54mini_fixed_test_policy_20repairs_rerun_001/workspaces/giuliorossetti@ash__1106b609__matplotlib__seaborn/artifacts/cycles/cycle_002/test_results/post_migration_assessment.json,3d318deb2a231be8433c23f2ad787f6094cb1b00022f40401bcabf357e58fae5
docs_disabled,giuliorossetti@ash__1106b609__seaborn__altair,1,True,fail,post_migration_regressions,pair_capped_mini_20cycle/runs/no_api_docs_editpair_gpt54mini_fixed_test_policy_20repairs_rerun_001/workspaces/giuliorossetti@ash__1106b609__seaborn__altair/artifacts/cycles/cycle_001/test_results/post_migration_assessment.json,fcdc255975d42b1e63212abe129b6db25d61a9127cfb4c3949b66c0d475cff1d
docs_disabled,giuliorossetti@ash__1106b609__seaborn__altair,2,True,pass,ok,pair_capped_mini_20cycle/runs/no_api_docs_editpair_gpt54mini_fixed_test_policy_20repairs_rerun_001/workspaces/giuliorossetti@ash__1106b609__seaborn__altair/artifacts/cycles/cycle_002/test_results/post_migration_assessment.json,bff7dd6de670ee695f7f8425f370def24a2adf8ba422777fd6db3d3acfa9681a
docs_disabled,giuliorossetti@ash__1106b609__seaborn__plotly,1,True,fail,post_migration_regressions,pair_capped_mini_20cycle/runs/no_api_docs_editpair_gpt54mini_fixed_test_policy_20repairs_rerun_001/workspaces/giuliorossetti@ash__1106b609__seaborn__plotly/artifacts/cycles/cycle_001/test_results/post_migration_assessment.json,c87badcd0f387eb7041a8a781e5efb96758169179a4cd125b8a6228ffdb42e57
docs_disabled,giuliorossetti@ash__1106b609__seaborn__plotly,2,True,pass,ok,pair_capped_mini_20cycle/runs/no_api_docs_editpair_gpt54mini_fixed_test_policy_20repairs_rerun_001/workspaces/giuliorossetti@ash__1106b609__seaborn__plotly/artifacts/cycles/cycle_002/test_results/post_migration_assessment.json,85e743978d0f53eb7f15eb07bf39e2c736a95a36b25dd3dbf9d2ebb2f0f29551
docs_disabled,giuliorossetti@cdlib__c7e09398__seaborn__plotly,1,True,pass,ok,pair_capped_mini_20cycle/runs/no_api_docs_editpair_gpt54mini_fixed_test_policy_20repairs_rerun_001/workspaces/giuliorossetti@cdlib__c7e09398__seaborn__plotly/artifacts/cycles/cycle_001/test_results/post_migration_assessment.json,7098a50b299a86ed08298dfd2bdc85a6bd0b78ac4b2f086366af3a4beaffa2b6
docs_disabled,glassonion1@anonypy__2a172285__matplotlib__plotly,1,True,pass,ok,pair_capped_mini_20cycle/runs/no_api_docs_editpair_gpt54mini_fixed_test_policy_20repairs_rerun_001/workspaces/glassonion1@anonypy__2a172285__matplotlib__plotly/artifacts/cycles/cycle_001/test_results/post_migration_assessment.json,271d3bee2552d52fb4499820d8a9cfbbb788d8525d7fb14e713f41f460638956
docs_disabled,glassonion1@anonypy__2a172285__matplotlib__seaborn,1,True,pass,ok,pair_capped_mini_20cycle/runs/no_api_docs_editpair_gpt54mini_fixed_test_policy_20repairs_rerun_001/workspaces/glassonion1@anonypy__2a172285__matplotlib__seaborn/artifacts/cycles/cycle_001/test_results/post_migration_assessment.json,b5da807b14933d82c0b4ee6348fb5bf4d629fa97eada6dfa98f9c0c6f0205f33
docs_disabled,growthbook@growthbook-python__699fba51__urllib3__requests,1,True,fail,post_migration_regressions,pair_capped_mini_20cycle/runs/no_api_docs_editpair_gpt54mini_fixed_test_policy_20repairs_rerun_001/workspaces/growthbook@growthbook-python__699fba51__urllib3__requests/artifacts/cycles/cycle_001/test_results/post_migration_assessment.json,ec73552e9e9a292dc607fee9c3ce0a1bc630b7b5bb51d7ac1acbf6730771218c
docs_disabled,growthbook@growthbook-python__699fba51__urllib3__requests,2,True,fail,post_migration_regressions,pair_capped_mini_20cycle/runs/no_api_docs_editpair_gpt54mini_fixed_test_policy_20repairs_rerun_001/workspaces/growthbook@growthbook-python__699fba51__urllib3__requests/artifacts/cycles/cycle_002/test_results/post_migration_assessment.json,ec73552e9e9a292dc607fee9c3ce0a1bc630b7b5bb51d7ac1acbf6730771218c
docs_disabled,growthbook@growthbook-python__699fba51__urllib3__requests,3,True,fail,post_migration_regressions,pair_capped_mini_20cycle/runs/no_api_docs_editpair_gpt54mini_fixed_test_policy_20repairs_rerun_001/workspaces/growthbook@growthbook-python__699fba51__urllib3__requests/artifacts/cycles/cycle_003/test_results/post_migration_assessment.json,ec73552e9e9a292dc607fee9c3ce0a1bc630b7b5bb51d7ac1acbf6730771218c
docs_disabled,growthbook@growthbook-python__699fba51__urllib3__requests,4,True,fail,post_migration_regressions,pair_capped_mini_20cycle/runs/no_api_docs_editpair_gpt54mini_fixed_test_policy_20repairs_rerun_001/workspaces/growthbook@growthbook-python__699fba51__urllib3__requests/artifacts/cycles/cycle_004/test_results/post_migration_assessment.json,ec73552e9e9a292dc607fee9c3ce0a1bc630b7b5bb51d7ac1acbf6730771218c
docs_disabled,growthbook@growthbook-python__699fba51__urllib3__requests,5,True,fail,post_migration_regressions,pair_capped_mini_20cycle/runs/no_api_docs_editpair_gpt54mini_fixed_test_policy_20repairs_rerun_001/workspaces/growthbook@growthbook-python__699fba51__urllib3__requests/artifacts/cycles/cycle_005/test_results/post_migration_assessment.json,ec73552e9e9a292dc607fee9c3ce0a1bc630b7b5bb51d7ac1acbf6730771218c
docs_disabled,growthbook@growthbook-python__699fba51__urllib3__requests,6,True,fail,post_migration_regressions,pair_capped_mini_20cycle/runs/no_api_docs_editpair_gpt54mini_fixed_test_policy_20repairs_rerun_001/workspaces/growthbook@growthbook-python__699fba51__urllib3__requests/artifacts/cycles/cycle_006/test_results/post_migration_assessment.json,ec73552e9e9a292dc607fee9c3ce0a1bc630b7b5bb51d7ac1acbf6730771218c
docs_disabled,growthbook@growthbook-python__699fba51__urllib3__requests,7,True,fail,post_migration_regressions,pair_capped_mini_20cycle/runs/no_api_docs_editpair_gpt54mini_fixed_test_policy_20repairs_rerun_001/workspaces/growthbook@growthbook-python__699fba51__urllib3__requests/artifacts/cycles/cycle_007/test_results/post_migration_assessment.json,ec73552e9e9a292dc607fee9c3ce0a1bc630b7b5bb51d7ac1acbf6730771218c
docs_disabled,growthbook@growthbook-python__699fba51__urllib3__requests,8,True,pass,ok,pair_capped_mini_20cycle/runs/no_api_docs_editpair_gpt54mini_fixed_test_policy_20repairs_rerun_001/workspaces/growthbook@growthbook-python__699fba51__urllib3__requests/artifacts/cycles/cycle_008/test_results/post_migration_assessment.json,62abdcdbcbaa6c2867ccb12b0573b8e4e1db6490b8ac01ce6c3221fb86065145
docs_disabled,gugarosa@opytimizer__e050d12f__matplotlib__altair,1,True,fail,after_validation_anomaly,pair_capped_mini_20cycle/runs/no_api_docs_editpair_gpt54mini_fixed_test_policy_20repairs_rerun_001/workspaces/gugarosa@opytimizer__e050d12f__matplotlib__altair/artifacts/cycles/cycle_001/test_results/post_migration_assessment.json,1064eec3f45aeec188d89447344b0662a322239627b098ed1b99b4fce56d09c1
docs_disabled,gugarosa@opytimizer__e050d12f__matplotlib__altair,2,True,fail,post_migration_regressions,pair_capped_mini_20cycle/runs/no_api_docs_editpair_gpt54mini_fixed_test_policy_20repairs_rerun_001/workspaces/gugarosa@opytimizer__e050d12f__matplotlib__altair/artifacts/cycles/cycle_002/test_results/post_migration_assessment.json,e5e4b2ffe31cff557e80e2cecba9714ed3220882d850599e1525e0981b3813fd
docs_disabled,gugarosa@opytimizer__e050d12f__matplotlib__altair,3,True,fail,post_migration_regressions,pair_capped_mini_20cycle/runs/no_api_docs_editpair_gpt54mini_fixed_test_policy_20repairs_rerun_001/workspaces/gugarosa@opytimizer__e050d12f__matplotlib__altair/artifacts/cycles/cycle_003/test_results/post_migration_assessment.json,2131664b3d54c694ca9998aa3217d0e5ed318e701e920afa3d23167bc0db4b92
docs_disabled,gugarosa@opytimizer__e050d12f__matplotlib__altair,4,True,fail,post_migration_regressions,pair_capped_mini_20cycle/runs/no_api_docs_editpair_gpt54mini_fixed_test_policy_20repairs_rerun_001/workspaces/gugarosa@opytimizer__e050d12f__matplotlib__altair/artifacts/cycles/cycle_004/test_results/post_migration_assessment.json,2131664b3d54c694ca9998aa3217d0e5ed318e701e920afa3d23167bc0db4b92
docs_disabled,gugarosa@opytimizer__e050d12f__matplotlib__altair,5,True,fail,post_migration_regressions,pair_capped_mini_20cycle/runs/no_api_docs_editpair_gpt54mini_fixed_test_policy_20repairs_rerun_001/workspaces/gugarosa@opytimizer__e050d12f__matplotlib__altair/artifacts/cycles/cycle_005/test_results/post_migration_assessment.json,2131664b3d54c694ca9998aa3217d0e5ed318e701e920afa3d23167bc0db4b92
docs_disabled,gugarosa@opytimizer__e050d12f__matplotlib__altair,6,True,fail,post_migration_regressions,pair_capped_mini_20cycle/runs/no_api_docs_editpair_gpt54mini_fixed_test_policy_20repairs_rerun_001/workspaces/gugarosa@opytimizer__e050d12f__matplotlib__altair/artifacts/cycles/cycle_006/test_results/post_migration_assessment.json,2131664b3d54c694ca9998aa3217d0e5ed318e701e920afa3d23167bc0db4b92
docs_disabled,gugarosa@opytimizer__e050d12f__matplotlib__altair,7,True,fail,post_migration_regressions,pair_capped_mini_20cycle/runs/no_api_docs_editpair_gpt54mini_fixed_test_policy_20repairs_rerun_001/workspaces/gugarosa@opytimizer__e050d12f__matplotlib__altair/artifacts/cycles/cycle_007/test_results/post_migration_assessment.json,2131664b3d54c694ca9998aa3217d0e5ed318e701e920afa3d23167bc0db4b92
docs_disabled,gugarosa@opytimizer__e050d12f__matplotlib__altair,8,True,fail,post_migration_regressions,pair_capped_mini_20cycle/runs/no_api_docs_editpair_gpt54mini_fixed_test_policy_20repairs_rerun_001/workspaces/gugarosa@opytimizer__e050d12f__matplotlib__altair/artifacts/cycles/cycle_008/test_results/post_migration_assessment.json,2131664b3d54c694ca9998aa3217d0e5ed318e701e920afa3d23167bc0db4b92
docs_disabled,gugarosa@opytimizer__e050d12f__matplotlib__altair,9,True,fail,post_migration_regressions,pair_capped_mini_20cycle/runs/no_api_docs_editpair_gpt54mini_fixed_test_policy_20repairs_rerun_001/workspaces/gugarosa@opytimizer__e050d12f__matplotlib__altair/artifacts/cycles/cycle_009/test_results/post_migration_assessment.json,2131664b3d54c694ca9998aa3217d0e5ed318e701e920afa3d23167bc0db4b92
docs_disabled,gugarosa@opytimizer__e050d12f__matplotlib__altair,10,True,fail,post_migration_regressions,pair_capped_mini_20cycle/runs/no_api_docs_editpair_gpt54mini_fixed_test_policy_20repairs_rerun_001/workspaces/gugarosa@opytimizer__e050d12f__matplotlib__altair/artifacts/cycles/cycle_010/test_results/post_migration_assessment.json,2131664b3d54c694ca9998aa3217d0e5ed318e701e920afa3d23167bc0db4b92
docs_disabled,gugarosa@opytimizer__e050d12f__matplotlib__altair,11,True,fail,post_migration_regressions,pair_capped_mini_20cycle/runs/no_api_docs_editpair_gpt54mini_fixed_test_policy_20repairs_rerun_001/workspaces/gugarosa@opytimizer__e050d12f__matplotlib__altair/artifacts/cycles/cycle_011/test_results/post_migration_assessment.json,2131664b3d54c694ca9998aa3217d0e5ed318e701e920afa3d23167bc0db4b92
docs_disabled,gugarosa@opytimizer__e050d12f__matplotlib__altair,12,True,fail,post_migration_regressions,pair_capped_mini_20cycle/runs/no_api_docs_editpair_gpt54mini_fixed_test_policy_20repairs_rerun_001/workspaces/gugarosa@opytimizer__e050d12f__matplotlib__altair/artifacts/cycles/cycle_012/test_results/post_migration_assessment.json,2131664b3d54c694ca9998aa3217d0e5ed318e701e920afa3d23167bc0db4b92
docs_disabled,gugarosa@opytimizer__e050d12f__matplotlib__altair,13,True,fail,post_migration_regressions,pair_capped_mini_20cycle/runs/no_api_docs_editpair_gpt54mini_fixed_test_policy_20repairs_rerun_001/workspaces/gugarosa@opytimizer__e050d12f__matplotlib__altair/artifacts/cycles/cycle_013/test_results/post_migration_assessment.json,2131664b3d54c694ca9998aa3217d0e5ed318e701e920afa3d23167bc0db4b92
docs_disabled,gugarosa@opytimizer__e050d12f__matplotlib__altair,14,True,pass,ok,pair_capped_mini_20cycle/runs/no_api_docs_editpair_gpt54mini_fixed_test_policy_20repairs_rerun_001/workspaces/gugarosa@opytimizer__e050d12f__matplotlib__altair/artifacts/cycles/cycle_014/test_results/post_migration_assessment.json,d3a4b757b02c8170bb68a580b081ee20528f8cd5de9a1034aa7bfe7ab3f103e7
docs_disabled,gugarosa@opytimizer__e050d12f__tqdm__alive-progress,1,True,fail,post_migration_regressions,pair_capped_mini_20cycle/runs/no_api_docs_editpair_gpt54mini_fixed_test_policy_20repairs_rerun_001/workspaces/gugarosa@opytimizer__e050d12f__tqdm__alive-progress/artifacts/cycles/cycle_001/test_results/post_migration_assessment.json,8d9e0b2bfa3cc027f121c1061e2a40f466eec0b214fc772973604a1fa32e21e0
docs_disabled,gugarosa@opytimizer__e050d12f__tqdm__alive-progress,2,True,pass,ok,pair_capped_mini_20cycle/runs/no_api_docs_editpair_gpt54mini_fixed_test_policy_20repairs_rerun_001/workspaces/gugarosa@opytimizer__e050d12f__tqdm__alive-progress/artifacts/cycles/cycle_002/test_results/post_migration_assessment.json,3a5e49a9f5807ab535d7d32630b4dcbbadd6de2a5fe53704e9264354578b0ca6
docs_disabled,heavenshell@py-doq__75acafb9__toml__tomli,1,True,pass,ok,pair_capped_mini_20cycle/runs/no_api_docs_editpair_gpt54mini_fixed_test_policy_20repairs_rerun_001/workspaces/heavenshell@py-doq__75acafb9__toml__tomli/artifacts/cycles/cycle_001/test_results/post_migration_assessment.json,03d16291f5e2417c6aefcd110f2024bb988f700614e6d54482f7cc6567317b0b
docs_disabled,hwonyo@naver_talk_sdk__bf64ca59__requests__requests_futures,1,True,pass,ok,pair_capped_mini_20cycle/runs/no_api_docs_editpair_gpt54mini_fixed_test_policy_20repairs_rerun_001/workspaces/hwonyo@naver_talk_sdk__bf64ca59__requests__requests_futures/artifacts/cycles/cycle_001/test_results/post_migration_assessment.json,77f7ac495999faf7d206665123541f8ff948e32d287d469c80824cb8c74c90ec
docs_disabled,icon-project@icon-sdk-python__50c75a50__requests__httpx,1,True,fail,post_migration_regressions,pair_capped_mini_20cycle/runs/no_api_docs_editpair_gpt54mini_fixed_test_policy_20repairs_rerun_001/workspaces/icon-project@icon-sdk-python__50c75a50__requests__httpx/artifacts/cycles/cycle_001/test_results/post_migration_assessment.json,0b3d41136576d02d79caf5aae3dbe5df193a8c494a4ffe3d4123fbfd5584f18f
docs_disabled,icon-project@icon-sdk-python__50c75a50__requests__httpx,2,True,fail,post_migration_regressions,pair_capped_mini_20cycle/runs/no_api_docs_editpair_gpt54mini_fixed_test_policy_20repairs_rerun_001/workspaces/icon-project@icon-sdk-python__50c75a50__requests__httpx/artifacts/cycles/cycle_002/test_results/post_migration_assessment.json,0b3d41136576d02d79caf5aae3dbe5df193a8c494a4ffe3d4123fbfd5584f18f
docs_disabled,icon-project@icon-sdk-python__50c75a50__requests__httpx,3,True,fail,post_migration_regressions,pair_capped_mini_20cycle/runs/no_api_docs_editpair_gpt54mini_fixed_test_policy_20repairs_rerun_001/workspaces/icon-project@icon-sdk-python__50c75a50__requests__httpx/artifacts/cycles/cycle_003/test_results/post_migration_assessment.json,0b3d41136576d02d79caf5aae3dbe5df193a8c494a4ffe3d4123fbfd5584f18f
docs_disabled,icon-project@icon-sdk-python__50c75a50__requests__httpx,4,True,fail,post_migration_regressions,pair_capped_mini_20cycle/runs/no_api_docs_editpair_gpt54mini_fixed_test_policy_20repairs_rerun_001/workspaces/icon-project@icon-sdk-python__50c75a50__requests__httpx/artifacts/cycles/cycle_004/test_results/post_migration_assessment.json,0b3d41136576d02d79caf5aae3dbe5df193a8c494a4ffe3d4123fbfd5584f18f
docs_disabled,icon-project@icon-sdk-python__50c75a50__requests__httpx,5,True,pass,ok,pair_capped_mini_20cycle/runs/no_api_docs_editpair_gpt54mini_fixed_test_policy_20repairs_rerun_001/workspaces/icon-project@icon-sdk-python__50c75a50__requests__httpx/artifacts/cycles/cycle_005/test_results/post_migration_assessment.json,5e3f466be8bc3345bfeb08e9b40ffe55440128968fce44a92307a7ba2db5a7d3
docs_disabled,icon-project@icon-sdk-python__50c75a50__requests__treq,1,True,fail,post_migration_regressions,pair_capped_mini_20cycle/runs/no_api_docs_editpair_gpt54mini_fixed_test_policy_20repairs_rerun_001/workspaces/icon-project@icon-sdk-python__50c75a50__requests__treq/artifacts/cycles/cycle_001/test_results/post_migration_assessment.json,41566afb018795a26ddf9fd0c500459fe0197f546f193e1196f229fd2cf81e45
docs_disabled,icon-project@icon-sdk-python__50c75a50__requests__treq,2,True,fail,post_migration_regressions,pair_capped_mini_20cycle/runs/no_api_docs_editpair_gpt54mini_fixed_test_policy_20repairs_rerun_001/workspaces/icon-project@icon-sdk-python__50c75a50__requests__treq/artifacts/cycles/cycle_002/test_results/post_migration_assessment.json,41566afb018795a26ddf9fd0c500459fe0197f546f193e1196f229fd2cf81e45
docs_disabled,icon-project@icon-sdk-python__50c75a50__requests__treq,3,True,fail,post_migration_regressions,pair_capped_mini_20cycle/runs/no_api_docs_editpair_gpt54mini_fixed_test_policy_20repairs_rerun_001/workspaces/icon-project@icon-sdk-python__50c75a50__requests__treq/artifacts/cycles/cycle_003/test_results/post_migration_assessment.json,41566afb018795a26ddf9fd0c500459fe0197f546f193e1196f229fd2cf81e45
docs_disabled,icon-project@icon-sdk-python__50c75a50__requests__treq,4,True,fail,post_migration_regressions,pair_capped_mini_20cycle/runs/no_api_docs_editpair_gpt54mini_fixed_test_policy_20repairs_rerun_001/workspaces/icon-project@icon-sdk-python__50c75a50__requests__treq/artifacts/cycles/cycle_004/test_results/post_migration_assessment.json,41566afb018795a26ddf9fd0c500459fe0197f546f193e1196f229fd2cf81e45
docs_disabled,icon-project@icon-sdk-python__50c75a50__requests__treq,5,True,fail,post_migration_regressions,pair_capped_mini_20cycle/runs/no_api_docs_editpair_gpt54mini_fixed_test_policy_20repairs_rerun_001/workspaces/icon-project@icon-sdk-python__50c75a50__requests__treq/artifacts/cycles/cycle_005/test_results/post_migration_assessment.json,41566afb018795a26ddf9fd0c500459fe0197f546f193e1196f229fd2cf81e45
docs_disabled,icon-project@icon-sdk-python__50c75a50__requests__treq,6,True,fail,post_migration_regressions,pair_capped_mini_20cycle/runs/no_api_docs_editpair_gpt54mini_fixed_test_policy_20repairs_rerun_001/workspaces/icon-project@icon-sdk-python__50c75a50__requests__treq/artifacts/cycles/cycle_006/test_results/post_migration_assessment.json,41566afb018795a26ddf9fd0c500459fe0197f546f193e1196f229fd2cf81e45
docs_disabled,icon-project@icon-sdk-python__50c75a50__requests__treq,7,False,,,,
docs_disabled,infomaniak@certbot-dns-infomaniak__33519931__requests__requests_futures,1,True,pass,ok,pair_capped_mini_20cycle/runs/no_api_docs_editpair_gpt54mini_fixed_test_policy_20repairs_rerun_001/workspaces/infomaniak@certbot-dns-infomaniak__33519931__requests__requests_futures/artifacts/cycles/cycle_001/test_results/post_migration_assessment.json,98abf25ab1bc7de96256e483cdf5b498342abcb33ee82d6aa95fa30102a9901d
docs_disabled,internetarchive@openlibrary-client__7e45d512__jsonschema__cerberus,1,True,fail,post_migration_regressions,pair_capped_mini_20cycle/runs/no_api_docs_editpair_gpt54mini_fixed_test_policy_20repairs_rerun_001/workspaces/internetarchive@openlibrary-client__7e45d512__jsonschema__cerberus/artifacts/cycles/cycle_001/test_results/post_migration_assessment.json,c363f01c7797e1b9f3258ce428e0d0ff822b8f8712786efb7de9a83dc9591531
docs_disabled,internetarchive@openlibrary-client__7e45d512__jsonschema__cerberus,2,True,fail,post_migration_regressions,pair_capped_mini_20cycle/runs/no_api_docs_editpair_gpt54mini_fixed_test_policy_20repairs_rerun_001/workspaces/internetarchive@openlibrary-client__7e45d512__jsonschema__cerberus/artifacts/cycles/cycle_002/test_results/post_migration_assessment.json,c363f01c7797e1b9f3258ce428e0d0ff822b8f8712786efb7de9a83dc9591531
docs_disabled,internetarchive@openlibrary-client__7e45d512__jsonschema__cerberus,3,True,fail,migration_generation_failed,pair_capped_mini_20cycle/runs/no_api_docs_editpair_gpt54mini_fixed_test_policy_20repairs_rerun_001/workspaces/internetarchive@openlibrary-client__7e45d512__jsonschema__cerberus/artifacts/cycles/cycle_003/test_results/post_migration_assessment.json,688af58d0292227a4d3c3c43d7e62a916696f5752235bfdae984b8f59f15ffce
docs_disabled,internetarchive@openlibrary-client__7e45d512__requests__aiohttp,1,True,fail,post_migration_regressions,pair_capped_mini_20cycle/runs/no_api_docs_editpair_gpt54mini_fixed_test_policy_20repairs_rerun_001/workspaces/internetarchive@openlibrary-client__7e45d512__requests__aiohttp/artifacts/cycles/cycle_001/test_results/post_migration_assessment.json,a16f1815f44d6ee30612819c6a4a71c4d9a2e9ec460a2f712d7c0a220f6de077
docs_disabled,internetarchive@openlibrary-client__7e45d512__requests__aiohttp,2,True,fail,post_migration_regressions,pair_capped_mini_20cycle/runs/no_api_docs_editpair_gpt54mini_fixed_test_policy_20repairs_rerun_001/workspaces/internetarchive@openlibrary-client__7e45d512__requests__aiohttp/artifacts/cycles/cycle_002/test_results/post_migration_assessment.json,75eacdb2e596f1cfac0b0309f7e689d92855e7ad32252a3c063b8c6a5f65fa2d
docs_disabled,internetarchive@openlibrary-client__7e45d512__requests__aiohttp,3,True,fail,post_migration_regressions,pair_capped_mini_20cycle/runs/no_api_docs_editpair_gpt54mini_fixed_test_policy_20repairs_rerun_001/workspaces/internetarchive@openlibrary-client__7e45d512__requests__aiohttp/artifacts/cycles/cycle_003/test_results/post_migration_assessment.json,75eacdb2e596f1cfac0b0309f7e689d92855e7ad32252a3c063b8c6a5f65fa2d
docs_disabled,internetarchive@openlibrary-client__7e45d512__requests__aiohttp,4,True,fail,post_migration_regressions,pair_capped_mini_20cycle/runs/no_api_docs_editpair_gpt54mini_fixed_test_policy_20repairs_rerun_001/workspaces/internetarchive@openlibrary-client__7e45d512__requests__aiohttp/artifacts/cycles/cycle_004/test_results/post_migration_assessment.json,75eacdb2e596f1cfac0b0309f7e689d92855e7ad32252a3c063b8c6a5f65fa2d
docs_disabled,internetarchive@openlibrary-client__7e45d512__requests__aiohttp,5,True,pass,ok,pair_capped_mini_20cycle/runs/no_api_docs_editpair_gpt54mini_fixed_test_policy_20repairs_rerun_001/workspaces/internetarchive@openlibrary-client__7e45d512__requests__aiohttp/artifacts/cycles/cycle_005/test_results/post_migration_assessment.json,5bdbe9335cd91878f96631410495d264dd64217dc3dc058cecdba9b31b6e04b5
docs_disabled,invinet@python-en16931__5e3a4a6c__requests__pycurl,1,True,pass,ok,pair_capped_mini_20cycle/runs/no_api_docs_editpair_gpt54mini_fixed_test_policy_20repairs_rerun_001/workspaces/invinet@python-en16931__5e3a4a6c__requests__pycurl/artifacts/cycles/cycle_001/test_results/post_migration_assessment.json,b1825a3715f064f07423037feb8a7f3a86cb45af7c7ce0bb9c11289a77d5a8df
docs_disabled,ioggstream@draft-polli-restapi-ld-keywords__f2cb1952__jsonschema__cerberus,1,True,pass,ok,pair_capped_mini_20cycle/runs/no_api_docs_editpair_gpt54mini_fixed_test_policy_20repairs_rerun_001/workspaces/ioggstream@draft-polli-restapi-ld-keywords__f2cb1952__jsonschema__cerberus/artifacts/cycles/cycle_001/test_results/post_migration_assessment.json,1ef294f20b97514af40f2dccb0196015882312003bc9a721e1d2b36a23b695b3
docs_disabled,julian@venvs__71ef4365__attrs__cattrs,1,True,fail,after_validation_anomaly,pair_capped_mini_20cycle/runs/no_api_docs_editpair_gpt54mini_fixed_test_policy_20repairs_rerun_001/workspaces/julian@venvs__71ef4365__attrs__cattrs/artifacts/cycles/cycle_001/test_results/post_migration_assessment.json,0f52fdecd68cc18b50c5a3cbb3b180820e2433c41727b4b9117fa9384b07305d
docs_disabled,julian@venvs__71ef4365__attrs__cattrs,2,True,pass,ok,pair_capped_mini_20cycle/runs/no_api_docs_editpair_gpt54mini_fixed_test_policy_20repairs_rerun_001/workspaces/julian@venvs__71ef4365__attrs__cattrs/artifacts/cycles/cycle_002/test_results/post_migration_assessment.json,09bb93fd1a441a621457346ef2cdfe86e18426cc67e102589a9ec801704cd458
docs_disabled,julian@venvs__71ef4365__tqdm__progressbar2,1,True,pass,ok,pair_capped_mini_20cycle/runs/no_api_docs_editpair_gpt54mini_fixed_test_policy_20repairs_rerun_001/workspaces/julian@venvs__71ef4365__tqdm__progressbar2/artifacts/cycles/cycle_001/test_results/post_migration_assessment.json,a31e3b20cbc7b39e7f1bef05f3e928494a8a8b1f3ef4d6a08a7e6af134b0e211
docs_disabled,junah201@atcoder-readme-stats__c41ed032__beautifulsoup4__pyquery,1,True,fail,post_migration_regressions,pair_capped_mini_20cycle/runs/no_api_docs_editpair_gpt54mini_fixed_test_policy_20repairs_rerun_001/workspaces/junah201@atcoder-readme-stats__c41ed032__beautifulsoup4__pyquery/artifacts/cycles/cycle_001/test_results/post_migration_assessment.json,d516cd904ee8348403b62ff75837f64d14d54f303218c9c67b97a27a2c84fac1
docs_disabled,junah201@atcoder-readme-stats__c41ed032__beautifulsoup4__pyquery,2,True,pass,ok,pair_capped_mini_20cycle/runs/no_api_docs_editpair_gpt54mini_fixed_test_policy_20repairs_rerun_001/workspaces/junah201@atcoder-readme-stats__c41ed032__beautifulsoup4__pyquery/artifacts/cycles/cycle_002/test_results/post_migration_assessment.json,e9790cbe45640f25fa6fe5092d394e6855d5aa9a981d1f22758f7e9939e61b35
docs_disabled,junah201@atcoder-readme-stats__c41ed032__requests__requests_futures,1,True,pass,ok,pair_capped_mini_20cycle/runs/no_api_docs_editpair_gpt54mini_fixed_test_policy_20repairs_rerun_001/workspaces/junah201@atcoder-readme-stats__c41ed032__requests__requests_futures/artifacts/cycles/cycle_001/test_results/post_migration_assessment.json,ebc93c3785b8f5074aa068fe5a654390e823926322c828a815c65d1c3af34b49
docs_disabled,kmjennison@dfp-prebid-setup__280eba17__colorama__termcolor,1,True,pass,ok,pair_capped_mini_20cycle/runs/no_api_docs_editpair_gpt54mini_fixed_test_policy_20repairs_rerun_001/workspaces/kmjennison@dfp-prebid-setup__280eba17__colorama__termcolor/artifacts/cycles/cycle_001/test_results/post_migration_assessment.json,d270ddf9d0ec031539b88bae13c363d2b1e99bbdf5763d303fc70a1fd560ca29
docs_disabled,knovichikhin@pyemv__d7df75c3__cryptography__pycryptodome,1,True,fail,post_migration_regressions,pair_capped_mini_20cycle/runs/no_api_docs_editpair_gpt54mini_fixed_test_policy_20repairs_rerun_001/workspaces/knovichikhin@pyemv__d7df75c3__cryptography__pycryptodome/artifacts/cycles/cycle_001/test_results/post_migration_assessment.json,d495940ac47c9b4865c60261ddc0953c70d1c0900a82181fd9cd6dad118b9777
docs_disabled,knovichikhin@pyemv__d7df75c3__cryptography__pycryptodome,2,True,fail,post_migration_regressions,pair_capped_mini_20cycle/runs/no_api_docs_editpair_gpt54mini_fixed_test_policy_20repairs_rerun_001/workspaces/knovichikhin@pyemv__d7df75c3__cryptography__pycryptodome/artifacts/cycles/cycle_002/test_results/post_migration_assessment.json,397f4df728abe19dd20a0de097499f8501bea3bfb94299a83e41f6796fd5d436
docs_disabled,knovichikhin@pyemv__d7df75c3__cryptography__pycryptodome,3,True,fail,post_migration_regressions,pair_capped_mini_20cycle/runs/no_api_docs_editpair_gpt54mini_fixed_test_policy_20repairs_rerun_001/workspaces/knovichikhin@pyemv__d7df75c3__cryptography__pycryptodome/artifacts/cycles/cycle_003/test_results/post_migration_assessment.json,397f4df728abe19dd20a0de097499f8501bea3bfb94299a83e41f6796fd5d436
docs_disabled,knovichikhin@pyemv__d7df75c3__cryptography__pycryptodome,4,True,fail,post_migration_regressions,pair_capped_mini_20cycle/runs/no_api_docs_editpair_gpt54mini_fixed_test_policy_20repairs_rerun_001/workspaces/knovichikhin@pyemv__d7df75c3__cryptography__pycryptodome/artifacts/cycles/cycle_004/test_results/post_migration_assessment.json,397f4df728abe19dd20a0de097499f8501bea3bfb94299a83e41f6796fd5d436
docs_disabled,knovichikhin@pyemv__d7df75c3__cryptography__pycryptodome,5,True,fail,post_migration_regressions,pair_capped_mini_20cycle/runs/no_api_docs_editpair_gpt54mini_fixed_test_policy_20repairs_rerun_001/workspaces/knovichikhin@pyemv__d7df75c3__cryptography__pycryptodome/artifacts/cycles/cycle_005/test_results/post_migration_assessment.json,397f4df728abe19dd20a0de097499f8501bea3bfb94299a83e41f6796fd5d436
docs_disabled,knovichikhin@pyemv__d7df75c3__cryptography__pycryptodome,6,True,fail,post_migration_regressions,pair_capped_mini_20cycle/runs/no_api_docs_editpair_gpt54mini_fixed_test_policy_20repairs_rerun_001/workspaces/knovichikhin@pyemv__d7df75c3__cryptography__pycryptodome/artifacts/cycles/cycle_006/test_results/post_migration_assessment.json,397f4df728abe19dd20a0de097499f8501bea3bfb94299a83e41f6796fd5d436
docs_disabled,knovichikhin@pyemv__d7df75c3__cryptography__pycryptodome,7,True,fail,post_migration_regressions,pair_capped_mini_20cycle/runs/no_api_docs_editpair_gpt54mini_fixed_test_policy_20repairs_rerun_001/workspaces/knovichikhin@pyemv__d7df75c3__cryptography__pycryptodome/artifacts/cycles/cycle_007/test_results/post_migration_assessment.json,397f4df728abe19dd20a0de097499f8501bea3bfb94299a83e41f6796fd5d436
docs_disabled,knovichikhin@pyemv__d7df75c3__cryptography__pycryptodome,8,True,fail,post_migration_regressions,pair_capped_mini_20cycle/runs/no_api_docs_editpair_gpt54mini_fixed_test_policy_20repairs_rerun_001/workspaces/knovichikhin@pyemv__d7df75c3__cryptography__pycryptodome/artifacts/cycles/cycle_008/test_results/post_migration_assessment.json,9303d370cc4d8e95831589ffd0b5ff0795c39ba9a33742ffaa366da7ecec0d17
docs_disabled,knovichikhin@pyemv__d7df75c3__cryptography__pycryptodome,9,True,fail,post_migration_regressions,pair_capped_mini_20cycle/runs/no_api_docs_editpair_gpt54mini_fixed_test_policy_20repairs_rerun_001/workspaces/knovichikhin@pyemv__d7df75c3__cryptography__pycryptodome/artifacts/cycles/cycle_009/test_results/post_migration_assessment.json,30e1d0658e5c13ed5cb9bd4c692ef9fcf7a9a8f8c46644647a8050f130d2b54f
docs_disabled,knovichikhin@pyemv__d7df75c3__cryptography__pycryptodome,10,True,fail,post_migration_regressions,pair_capped_mini_20cycle/runs/no_api_docs_editpair_gpt54mini_fixed_test_policy_20repairs_rerun_001/workspaces/knovichikhin@pyemv__d7df75c3__cryptography__pycryptodome/artifacts/cycles/cycle_010/test_results/post_migration_assessment.json,30e1d0658e5c13ed5cb9bd4c692ef9fcf7a9a8f8c46644647a8050f130d2b54f
docs_disabled,knovichikhin@pyemv__d7df75c3__cryptography__pycryptodome,11,True,fail,post_migration_regressions,pair_capped_mini_20cycle/runs/no_api_docs_editpair_gpt54mini_fixed_test_policy_20repairs_rerun_001/workspaces/knovichikhin@pyemv__d7df75c3__cryptography__pycryptodome/artifacts/cycles/cycle_011/test_results/post_migration_assessment.json,30e1d0658e5c13ed5cb9bd4c692ef9fcf7a9a8f8c46644647a8050f130d2b54f
docs_disabled,knovichikhin@pyemv__d7df75c3__cryptography__pycryptodome,12,True,pass,ok,pair_capped_mini_20cycle/runs/no_api_docs_editpair_gpt54mini_fixed_test_policy_20repairs_rerun_001/workspaces/knovichikhin@pyemv__d7df75c3__cryptography__pycryptodome/artifacts/cycles/cycle_012/test_results/post_migration_assessment.json,4b9795911b4feb2c8e4b7d1da7c5bd5cf6a405c352ea6750a07ff6b59663fd29
docs_disabled,lipoja@urlextract__3dec042b__filelock__portalocker,1,True,pass,ok,pair_capped_mini_20cycle/runs/no_api_docs_editpair_gpt54mini_fixed_test_policy_20repairs_rerun_001/workspaces/lipoja@urlextract__3dec042b__filelock__portalocker/artifacts/cycles/cycle_001/test_results/post_migration_assessment.json,bf4c629d3e231a75e23129c54423fbb318cb41dc620c74f67d5529320ea36796
docs_disabled,lukasschwab@arxiv.py__a1180d0e__requests__urllib3,1,True,fail,post_migration_regressions,pair_capped_mini_20cycle/runs/no_api_docs_editpair_gpt54mini_fixed_test_policy_20repairs_rerun_001/workspaces/lukasschwab@arxiv.py__a1180d0e__requests__urllib3/artifacts/cycles/cycle_001/test_results/post_migration_assessment.json,e4bd265a13bce1f9cdd187fa95d05bb6f43d7fddbd11d5af16b1ec8def4948c3
docs_disabled,lukasschwab@arxiv.py__a1180d0e__requests__urllib3,2,True,fail,post_migration_regressions,pair_capped_mini_20cycle/runs/no_api_docs_editpair_gpt54mini_fixed_test_policy_20repairs_rerun_001/workspaces/lukasschwab@arxiv.py__a1180d0e__requests__urllib3/artifacts/cycles/cycle_002/test_results/post_migration_assessment.json,e4bd265a13bce1f9cdd187fa95d05bb6f43d7fddbd11d5af16b1ec8def4948c3
docs_disabled,lukasschwab@arxiv.py__a1180d0e__requests__urllib3,3,True,fail,post_migration_regressions,pair_capped_mini_20cycle/runs/no_api_docs_editpair_gpt54mini_fixed_test_policy_20repairs_rerun_001/workspaces/lukasschwab@arxiv.py__a1180d0e__requests__urllib3/artifacts/cycles/cycle_003/test_results/post_migration_assessment.json,e4bd265a13bce1f9cdd187fa95d05bb6f43d7fddbd11d5af16b1ec8def4948c3
docs_disabled,lukasschwab@arxiv.py__a1180d0e__requests__urllib3,4,True,fail,post_migration_regressions,pair_capped_mini_20cycle/runs/no_api_docs_editpair_gpt54mini_fixed_test_policy_20repairs_rerun_001/workspaces/lukasschwab@arxiv.py__a1180d0e__requests__urllib3/artifacts/cycles/cycle_004/test_results/post_migration_assessment.json,e4bd265a13bce1f9cdd187fa95d05bb6f43d7fddbd11d5af16b1ec8def4948c3
docs_disabled,lukasschwab@arxiv.py__a1180d0e__requests__urllib3,5,True,fail,post_migration_regressions,pair_capped_mini_20cycle/runs/no_api_docs_editpair_gpt54mini_fixed_test_policy_20repairs_rerun_001/workspaces/lukasschwab@arxiv.py__a1180d0e__requests__urllib3/artifacts/cycles/cycle_005/test_results/post_migration_assessment.json,e4bd265a13bce1f9cdd187fa95d05bb6f43d7fddbd11d5af16b1ec8def4948c3
docs_disabled,lukasschwab@arxiv.py__a1180d0e__requests__urllib3,6,True,fail,post_migration_regressions,pair_capped_mini_20cycle/runs/no_api_docs_editpair_gpt54mini_fixed_test_policy_20repairs_rerun_001/workspaces/lukasschwab@arxiv.py__a1180d0e__requests__urllib3/artifacts/cycles/cycle_006/test_results/post_migration_assessment.json,e4bd265a13bce1f9cdd187fa95d05bb6f43d7fddbd11d5af16b1ec8def4948c3
docs_disabled,lukasschwab@arxiv.py__a1180d0e__requests__urllib3,7,True,fail,post_migration_regressions,pair_capped_mini_20cycle/runs/no_api_docs_editpair_gpt54mini_fixed_test_policy_20repairs_rerun_001/workspaces/lukasschwab@arxiv.py__a1180d0e__requests__urllib3/artifacts/cycles/cycle_007/test_results/post_migration_assessment.json,e4bd265a13bce1f9cdd187fa95d05bb6f43d7fddbd11d5af16b1ec8def4948c3
docs_disabled,lukasschwab@arxiv.py__a1180d0e__requests__urllib3,8,True,pass,ok,pair_capped_mini_20cycle/runs/no_api_docs_editpair_gpt54mini_fixed_test_policy_20repairs_rerun_001/workspaces/lukasschwab@arxiv.py__a1180d0e__requests__urllib3/artifacts/cycles/cycle_008/test_results/post_migration_assessment.json,f7f0b1aba3ed11a5ab729d88a946379108fb2c870635750de17bf12c3439d926
docs_disabled,martin-majlis@wikipedia-api__a58db566__requests__pycurl,1,True,fail,post_migration_regressions,pair_capped_mini_20cycle/runs/no_api_docs_editpair_gpt54mini_fixed_test_policy_20repairs_rerun_001/workspaces/martin-majlis@wikipedia-api__a58db566__requests__pycurl/artifacts/cycles/cycle_001/test_results/post_migration_assessment.json,da873eb76e1176c2a8d2649f4b023028e74a345d9375a9ff4f3080d3c5f9123e
docs_disabled,martin-majlis@wikipedia-api__a58db566__requests__pycurl,2,True,pass,ok,pair_capped_mini_20cycle/runs/no_api_docs_editpair_gpt54mini_fixed_test_policy_20repairs_rerun_001/workspaces/martin-majlis@wikipedia-api__a58db566__requests__pycurl/artifacts/cycles/cycle_002/test_results/post_migration_assessment.json,15b57b2b74363d3459a7954a89f1ee70c1d23b4dc4152304aced5e348e907370
docs_disabled,medialab@casanova__38b9a281__urllib3__aiohttp,1,True,fail,after_validation_anomaly,pair_capped_mini_20cycle/runs/no_api_docs_editpair_gpt54mini_fixed_test_policy_20repairs_rerun_001/workspaces/medialab@casanova__38b9a281__urllib3__aiohttp/artifacts/cycles/cycle_001/test_results/post_migration_assessment.json,caf46a5af5ec2a90e1d61aad14a11dbb78f51264d36b996d1ff44692fa62f600
docs_disabled,medialab@casanova__38b9a281__urllib3__aiohttp,2,True,fail,after_validation_anomaly,pair_capped_mini_20cycle/runs/no_api_docs_editpair_gpt54mini_fixed_test_policy_20repairs_rerun_001/workspaces/medialab@casanova__38b9a281__urllib3__aiohttp/artifacts/cycles/cycle_002/test_results/post_migration_assessment.json,caf46a5af5ec2a90e1d61aad14a11dbb78f51264d36b996d1ff44692fa62f600
docs_disabled,medialab@casanova__38b9a281__urllib3__aiohttp,3,True,pass,ok,pair_capped_mini_20cycle/runs/no_api_docs_editpair_gpt54mini_fixed_test_policy_20repairs_rerun_001/workspaces/medialab@casanova__38b9a281__urllib3__aiohttp/artifacts/cycles/cycle_003/test_results/post_migration_assessment.json,4959677c29cc71507f669a5183d96d7231af3067339fedbde244107e11d01e94
docs_disabled,microsoft@knack__b1164b57__pygments__rich,1,True,pass,ok,pair_capped_mini_20cycle/runs/no_api_docs_editpair_gpt54mini_fixed_test_policy_20repairs_rerun_001/workspaces/microsoft@knack__b1164b57__pygments__rich/artifacts/cycles/cycle_001/test_results/post_migration_assessment.json,b014ce8b77c7948716b28fc7fab19bb296d28d68461a8735d578a8076d44bb1f
docs_disabled,miguelgrinberg@microblog-api__e250d711__click__plac,1,True,pass,ok,pair_capped_mini_20cycle/runs/no_api_docs_editpair_gpt54mini_fixed_test_policy_20repairs_rerun_001/workspaces/miguelgrinberg@microblog-api__e250d711__click__plac/artifacts/cycles/cycle_001/test_results/post_migration_assessment.json,4486648a32b15c40b6fcf44889f4ce39e1edc851ae4029790a15cf19f1d7b79f
docs_disabled,miguelgrinberg@microblog-api__e250d711__click__typer,1,True,pass,ok,pair_capped_mini_20cycle/runs/no_api_docs_editpair_gpt54mini_fixed_test_policy_20repairs_rerun_001/workspaces/miguelgrinberg@microblog-api__e250d711__click__typer/artifacts/cycles/cycle_001/test_results/post_migration_assessment.json,90f48aff106358820deb751c2bf639e6237fb181b55e1ae711ea27911788477a
docs_disabled,miguelgrinberg@microblog-api__e250d711__flask__bottle,1,True,pass,ok,pair_capped_mini_20cycle/runs/no_api_docs_editpair_gpt54mini_fixed_test_policy_20repairs_rerun_001/workspaces/miguelgrinberg@microblog-api__e250d711__flask__bottle/artifacts/cycles/cycle_001/test_results/post_migration_assessment.json,3a6af9678d8a8d833ea2c82201b2b7bfcebe7566541d0b660ebd157ed623a9fb
docs_disabled,miguelgrinberg@microblog-api__e250d711__flask__cherrypy,1,True,pass,ok,pair_capped_mini_20cycle/runs/no_api_docs_editpair_gpt54mini_fixed_test_policy_20repairs_rerun_001/workspaces/miguelgrinberg@microblog-api__e250d711__flask__cherrypy/artifacts/cycles/cycle_001/test_results/post_migration_assessment.json,8cba2fe55249bdf3643d282aa9937cb35a4bac074ebdbe7fb59900b84430c57b
docs_disabled,miguelgrinberg@microblog-api__e250d711__flask__fastapi,1,True,fail,after_validation_anomaly,pair_capped_mini_20cycle/runs/no_api_docs_editpair_gpt54mini_fixed_test_policy_20repairs_rerun_001/workspaces/miguelgrinberg@microblog-api__e250d711__flask__fastapi/artifacts/cycles/cycle_001/test_results/post_migration_assessment.json,d92fa63b76df044db475f65c1fd8198cdf1996b0d2587f03f454eb616efc364c
docs_disabled,miguelgrinberg@microblog-api__e250d711__flask__fastapi,2,True,pass,ok,pair_capped_mini_20cycle/runs/no_api_docs_editpair_gpt54mini_fixed_test_policy_20repairs_rerun_001/workspaces/miguelgrinberg@microblog-api__e250d711__flask__fastapi/artifacts/cycles/cycle_002/test_results/post_migration_assessment.json,6cfe41738d0b140597d0ed05060883940e24b139841cfddfc7ff33db0b5850f9
docs_disabled,miguelgrinberg@microblog-api__e250d711__flask__sanic,1,True,fail,after_validation_anomaly,pair_capped_mini_20cycle/runs/no_api_docs_editpair_gpt54mini_fixed_test_policy_20repairs_rerun_001/workspaces/miguelgrinberg@microblog-api__e250d711__flask__sanic/artifacts/cycles/cycle_001/test_results/post_migration_assessment.json,3f09891b6f0e8826574f43a8fe916c08700ab52c18ec842fc455e6d56137da27
docs_disabled,miguelgrinberg@microblog-api__e250d711__flask__sanic,2,True,pass,ok,pair_capped_mini_20cycle/runs/no_api_docs_editpair_gpt54mini_fixed_test_policy_20repairs_rerun_001/workspaces/miguelgrinberg@microblog-api__e250d711__flask__sanic/artifacts/cycles/cycle_002/test_results/post_migration_assessment.json,aa4d453fdd514d7b3b6a3177d3387f2bce9e59c1a9f2e9031795a5a152a4f8ed
docs_disabled,miguelgrinberg@microblog-api__e250d711__flask__tornado,1,True,fail,after_validation_anomaly,pair_capped_mini_20cycle/runs/no_api_docs_editpair_gpt54mini_fixed_test_policy_20repairs_rerun_001/workspaces/miguelgrinberg@microblog-api__e250d711__flask__tornado/artifacts/cycles/cycle_001/test_results/post_migration_assessment.json,9b63b99dec00f308405affced6fff2871712dd417c1a19ccf859c56c4298cc12
docs_disabled,miguelgrinberg@microblog-api__e250d711__flask__tornado,2,True,pass,ok,pair_capped_mini_20cycle/runs/no_api_docs_editpair_gpt54mini_fixed_test_policy_20repairs_rerun_001/workspaces/miguelgrinberg@microblog-api__e250d711__flask__tornado/artifacts/cycles/cycle_002/test_results/post_migration_assessment.json,65ec9c9dffcb1aca7e774e1797767baf7417a9b60c1f9c44720c3d69021903b3
docs_disabled,miguelgrinberg@microblog-api__e250d711__python-dotenv__environs,1,True,fail,after_validation_anomaly,pair_capped_mini_20cycle/runs/no_api_docs_editpair_gpt54mini_fixed_test_policy_20repairs_rerun_001/workspaces/miguelgrinberg@microblog-api__e250d711__python-dotenv__environs/artifacts/cycles/cycle_001/test_results/post_migration_assessment.json,ce70eedacf582c9c5086bc55741aae12dd0b2f5fd2021f3e8c24666bd62a2f6e
docs_disabled,miguelgrinberg@microblog-api__e250d711__python-dotenv__environs,2,True,fail,after_validation_anomaly,pair_capped_mini_20cycle/runs/no_api_docs_editpair_gpt54mini_fixed_test_policy_20repairs_rerun_001/workspaces/miguelgrinberg@microblog-api__e250d711__python-dotenv__environs/artifacts/cycles/cycle_002/test_results/post_migration_assessment.json,ce70eedacf582c9c5086bc55741aae12dd0b2f5fd2021f3e8c24666bd62a2f6e
docs_disabled,miguelgrinberg@microblog-api__e250d711__python-dotenv__environs,3,True,fail,after_validation_anomaly,pair_capped_mini_20cycle/runs/no_api_docs_editpair_gpt54mini_fixed_test_policy_20repairs_rerun_001/workspaces/miguelgrinberg@microblog-api__e250d711__python-dotenv__environs/artifacts/cycles/cycle_003/test_results/post_migration_assessment.json,ce70eedacf582c9c5086bc55741aae12dd0b2f5fd2021f3e8c24666bd62a2f6e
docs_disabled,miguelgrinberg@microblog-api__e250d711__python-dotenv__environs,4,True,fail,after_validation_anomaly,pair_capped_mini_20cycle/runs/no_api_docs_editpair_gpt54mini_fixed_test_policy_20repairs_rerun_001/workspaces/miguelgrinberg@microblog-api__e250d711__python-dotenv__environs/artifacts/cycles/cycle_004/test_results/post_migration_assessment.json,ce70eedacf582c9c5086bc55741aae12dd0b2f5fd2021f3e8c24666bd62a2f6e
docs_disabled,miguelgrinberg@microblog-api__e250d711__python-dotenv__environs,5,True,fail,after_validation_anomaly,pair_capped_mini_20cycle/runs/no_api_docs_editpair_gpt54mini_fixed_test_policy_20repairs_rerun_001/workspaces/miguelgrinberg@microblog-api__e250d711__python-dotenv__environs/artifacts/cycles/cycle_005/test_results/post_migration_assessment.json,ce70eedacf582c9c5086bc55741aae12dd0b2f5fd2021f3e8c24666bd62a2f6e
docs_disabled,miguelgrinberg@microblog-api__e250d711__python-dotenv__environs,6,True,fail,after_validation_anomaly,pair_capped_mini_20cycle/runs/no_api_docs_editpair_gpt54mini_fixed_test_policy_20repairs_rerun_001/workspaces/miguelgrinberg@microblog-api__e250d711__python-dotenv__environs/artifacts/cycles/cycle_006/test_results/post_migration_assessment.json,ce70eedacf582c9c5086bc55741aae12dd0b2f5fd2021f3e8c24666bd62a2f6e
docs_disabled,miguelgrinberg@microblog-api__e250d711__python-dotenv__environs,7,True,fail,after_validation_anomaly,pair_capped_mini_20cycle/runs/no_api_docs_editpair_gpt54mini_fixed_test_policy_20repairs_rerun_001/workspaces/miguelgrinberg@microblog-api__e250d711__python-dotenv__environs/artifacts/cycles/cycle_007/test_results/post_migration_assessment.json,ce70eedacf582c9c5086bc55741aae12dd0b2f5fd2021f3e8c24666bd62a2f6e
docs_disabled,miguelgrinberg@microblog-api__e250d711__python-dotenv__environs,8,True,fail,after_validation_anomaly,pair_capped_mini_20cycle/runs/no_api_docs_editpair_gpt54mini_fixed_test_policy_20repairs_rerun_001/workspaces/miguelgrinberg@microblog-api__e250d711__python-dotenv__environs/artifacts/cycles/cycle_008/test_results/post_migration_assessment.json,ce70eedacf582c9c5086bc55741aae12dd0b2f5fd2021f3e8c24666bd62a2f6e
docs_disabled,miguelgrinberg@microblog-api__e250d711__python-dotenv__environs,9,True,fail,after_validation_anomaly,pair_capped_mini_20cycle/runs/no_api_docs_editpair_gpt54mini_fixed_test_policy_20repairs_rerun_001/workspaces/miguelgrinberg@microblog-api__e250d711__python-dotenv__environs/artifacts/cycles/cycle_009/test_results/post_migration_assessment.json,ce70eedacf582c9c5086bc55741aae12dd0b2f5fd2021f3e8c24666bd62a2f6e
docs_disabled,miguelgrinberg@microblog-api__e250d711__python-dotenv__environs,10,True,fail,after_validation_anomaly,pair_capped_mini_20cycle/runs/no_api_docs_editpair_gpt54mini_fixed_test_policy_20repairs_rerun_001/workspaces/miguelgrinberg@microblog-api__e250d711__python-dotenv__environs/artifacts/cycles/cycle_010/test_results/post_migration_assessment.json,ce70eedacf582c9c5086bc55741aae12dd0b2f5fd2021f3e8c24666bd62a2f6e
docs_disabled,miguelgrinberg@microblog-api__e250d711__python-dotenv__environs,11,True,fail,after_validation_anomaly,pair_capped_mini_20cycle/runs/no_api_docs_editpair_gpt54mini_fixed_test_policy_20repairs_rerun_001/workspaces/miguelgrinberg@microblog-api__e250d711__python-dotenv__environs/artifacts/cycles/cycle_011/test_results/post_migration_assessment.json,ce70eedacf582c9c5086bc55741aae12dd0b2f5fd2021f3e8c24666bd62a2f6e
docs_disabled,miguelgrinberg@microblog-api__e250d711__python-dotenv__environs,12,True,fail,after_validation_anomaly,pair_capped_mini_20cycle/runs/no_api_docs_editpair_gpt54mini_fixed_test_policy_20repairs_rerun_001/workspaces/miguelgrinberg@microblog-api__e250d711__python-dotenv__environs/artifacts/cycles/cycle_012/test_results/post_migration_assessment.json,ce70eedacf582c9c5086bc55741aae12dd0b2f5fd2021f3e8c24666bd62a2f6e
docs_disabled,miguelgrinberg@microblog-api__e250d711__python-dotenv__environs,13,True,fail,after_validation_anomaly,pair_capped_mini_20cycle/runs/no_api_docs_editpair_gpt54mini_fixed_test_policy_20repairs_rerun_001/workspaces/miguelgrinberg@microblog-api__e250d711__python-dotenv__environs/artifacts/cycles/cycle_013/test_results/post_migration_assessment.json,ce70eedacf582c9c5086bc55741aae12dd0b2f5fd2021f3e8c24666bd62a2f6e
docs_disabled,miguelgrinberg@microblog-api__e250d711__python-dotenv__environs,14,True,fail,after_validation_anomaly,pair_capped_mini_20cycle/runs/no_api_docs_editpair_gpt54mini_fixed_test_policy_20repairs_rerun_001/workspaces/miguelgrinberg@microblog-api__e250d711__python-dotenv__environs/artifacts/cycles/cycle_014/test_results/post_migration_assessment.json,ce70eedacf582c9c5086bc55741aae12dd0b2f5fd2021f3e8c24666bd62a2f6e
docs_disabled,miguelgrinberg@microblog-api__e250d711__python-dotenv__environs,15,True,fail,after_validation_anomaly,pair_capped_mini_20cycle/runs/no_api_docs_editpair_gpt54mini_fixed_test_policy_20repairs_rerun_001/workspaces/miguelgrinberg@microblog-api__e250d711__python-dotenv__environs/artifacts/cycles/cycle_015/test_results/post_migration_assessment.json,ce70eedacf582c9c5086bc55741aae12dd0b2f5fd2021f3e8c24666bd62a2f6e
docs_disabled,miguelgrinberg@microblog-api__e250d711__python-dotenv__environs,16,True,fail,after_validation_anomaly,pair_capped_mini_20cycle/runs/no_api_docs_editpair_gpt54mini_fixed_test_policy_20repairs_rerun_001/workspaces/miguelgrinberg@microblog-api__e250d711__python-dotenv__environs/artifacts/cycles/cycle_016/test_results/post_migration_assessment.json,ce70eedacf582c9c5086bc55741aae12dd0b2f5fd2021f3e8c24666bd62a2f6e
docs_disabled,miguelgrinberg@microblog-api__e250d711__python-dotenv__environs,17,True,fail,after_validation_anomaly,pair_capped_mini_20cycle/runs/no_api_docs_editpair_gpt54mini_fixed_test_policy_20repairs_rerun_001/workspaces/miguelgrinberg@microblog-api__e250d711__python-dotenv__environs/artifacts/cycles/cycle_017/test_results/post_migration_assessment.json,ce70eedacf582c9c5086bc55741aae12dd0b2f5fd2021f3e8c24666bd62a2f6e
docs_disabled,miguelgrinberg@microblog-api__e250d711__python-dotenv__environs,18,True,fail,after_validation_anomaly,pair_capped_mini_20cycle/runs/no_api_docs_editpair_gpt54mini_fixed_test_policy_20repairs_rerun_001/workspaces/miguelgrinberg@microblog-api__e250d711__python-dotenv__environs/artifacts/cycles/cycle_018/test_results/post_migration_assessment.json,ce70eedacf582c9c5086bc55741aae12dd0b2f5fd2021f3e8c24666bd62a2f6e
docs_disabled,miguelgrinberg@microblog-api__e250d711__python-dotenv__environs,19,True,fail,after_validation_anomaly,pair_capped_mini_20cycle/runs/no_api_docs_editpair_gpt54mini_fixed_test_policy_20repairs_rerun_001/workspaces/miguelgrinberg@microblog-api__e250d711__python-dotenv__environs/artifacts/cycles/cycle_019/test_results/post_migration_assessment.json,ce70eedacf582c9c5086bc55741aae12dd0b2f5fd2021f3e8c24666bd62a2f6e
docs_disabled,miguelgrinberg@microblog-api__e250d711__python-dotenv__environs,20,True,fail,after_validation_anomaly,pair_capped_mini_20cycle/runs/no_api_docs_editpair_gpt54mini_fixed_test_policy_20repairs_rerun_001/workspaces/miguelgrinberg@microblog-api__e250d711__python-dotenv__environs/artifacts/cycles/cycle_020/test_results/post_migration_assessment.json,ce70eedacf582c9c5086bc55741aae12dd0b2f5fd2021f3e8c24666bd62a2f6e
docs_disabled,miguelgrinberg@microblog-api__e250d711__python-dotenv__environs,21,True,fail,after_validation_anomaly,pair_capped_mini_20cycle/runs/no_api_docs_editpair_gpt54mini_fixed_test_policy_20repairs_rerun_001/workspaces/miguelgrinberg@microblog-api__e250d711__python-dotenv__environs/artifacts/cycles/cycle_021/test_results/post_migration_assessment.json,ce70eedacf582c9c5086bc55741aae12dd0b2f5fd2021f3e8c24666bd62a2f6e
docs_disabled,miguelgrinberg@microblog-api__e250d711__requests__treq,1,True,fail,post_migration_regressions,pair_capped_mini_20cycle/runs/no_api_docs_editpair_gpt54mini_fixed_test_policy_20repairs_rerun_001/workspaces/miguelgrinberg@microblog-api__e250d711__requests__treq/artifacts/cycles/cycle_001/test_results/post_migration_assessment.json,32383ee1dad9a301538b9f7d36d3ecd1cf39e9ab74c432f4ce19bea581cd2c0c
docs_disabled,miguelgrinberg@microblog-api__e250d711__requests__treq,2,True,fail,post_migration_regressions,pair_capped_mini_20cycle/runs/no_api_docs_editpair_gpt54mini_fixed_test_policy_20repairs_rerun_001/workspaces/miguelgrinberg@microblog-api__e250d711__requests__treq/artifacts/cycles/cycle_002/test_results/post_migration_assessment.json,32383ee1dad9a301538b9f7d36d3ecd1cf39e9ab74c432f4ce19bea581cd2c0c
docs_disabled,miguelgrinberg@microblog-api__e250d711__requests__treq,3,True,fail,post_migration_regressions,pair_capped_mini_20cycle/runs/no_api_docs_editpair_gpt54mini_fixed_test_policy_20repairs_rerun_001/workspaces/miguelgrinberg@microblog-api__e250d711__requests__treq/artifacts/cycles/cycle_003/test_results/post_migration_assessment.json,32383ee1dad9a301538b9f7d36d3ecd1cf39e9ab74c432f4ce19bea581cd2c0c
docs_disabled,miguelgrinberg@microblog-api__e250d711__requests__treq,4,True,fail,post_migration_regressions,pair_capped_mini_20cycle/runs/no_api_docs_editpair_gpt54mini_fixed_test_policy_20repairs_rerun_001/workspaces/miguelgrinberg@microblog-api__e250d711__requests__treq/artifacts/cycles/cycle_004/test_results/post_migration_assessment.json,32383ee1dad9a301538b9f7d36d3ecd1cf39e9ab74c432f4ce19bea581cd2c0c
docs_disabled,miguelgrinberg@microblog-api__e250d711__requests__treq,5,True,fail,post_migration_regressions,pair_capped_mini_20cycle/runs/no_api_docs_editpair_gpt54mini_fixed_test_policy_20repairs_rerun_001/workspaces/miguelgrinberg@microblog-api__e250d711__requests__treq/artifacts/cycles/cycle_005/test_results/post_migration_assessment.json,32383ee1dad9a301538b9f7d36d3ecd1cf39e9ab74c432f4ce19bea581cd2c0c
docs_disabled,miguelgrinberg@microblog-api__e250d711__requests__treq,6,True,fail,post_migration_regressions,pair_capped_mini_20cycle/runs/no_api_docs_editpair_gpt54mini_fixed_test_policy_20repairs_rerun_001/workspaces/miguelgrinberg@microblog-api__e250d711__requests__treq/artifacts/cycles/cycle_006/test_results/post_migration_assessment.json,32383ee1dad9a301538b9f7d36d3ecd1cf39e9ab74c432f4ce19bea581cd2c0c
docs_disabled,miguelgrinberg@microblog-api__e250d711__requests__treq,7,True,fail,post_migration_regressions,pair_capped_mini_20cycle/runs/no_api_docs_editpair_gpt54mini_fixed_test_policy_20repairs_rerun_001/workspaces/miguelgrinberg@microblog-api__e250d711__requests__treq/artifacts/cycles/cycle_007/test_results/post_migration_assessment.json,32383ee1dad9a301538b9f7d36d3ecd1cf39e9ab74c432f4ce19bea581cd2c0c
docs_disabled,miguelgrinberg@microblog-api__e250d711__requests__treq,8,True,fail,post_migration_regressions,pair_capped_mini_20cycle/runs/no_api_docs_editpair_gpt54mini_fixed_test_policy_20repairs_rerun_001/workspaces/miguelgrinberg@microblog-api__e250d711__requests__treq/artifacts/cycles/cycle_008/test_results/post_migration_assessment.json,32383ee1dad9a301538b9f7d36d3ecd1cf39e9ab74c432f4ce19bea581cd2c0c
docs_disabled,miguelgrinberg@microblog-api__e250d711__requests__treq,9,True,fail,post_migration_regressions,pair_capped_mini_20cycle/runs/no_api_docs_editpair_gpt54mini_fixed_test_policy_20repairs_rerun_001/workspaces/miguelgrinberg@microblog-api__e250d711__requests__treq/artifacts/cycles/cycle_009/test_results/post_migration_assessment.json,32383ee1dad9a301538b9f7d36d3ecd1cf39e9ab74c432f4ce19bea581cd2c0c
docs_disabled,miguelgrinberg@microblog-api__e250d711__requests__treq,10,True,fail,post_migration_regressions,pair_capped_mini_20cycle/runs/no_api_docs_editpair_gpt54mini_fixed_test_policy_20repairs_rerun_001/workspaces/miguelgrinberg@microblog-api__e250d711__requests__treq/artifacts/cycles/cycle_010/test_results/post_migration_assessment.json,32383ee1dad9a301538b9f7d36d3ecd1cf39e9ab74c432f4ce19bea581cd2c0c
docs_disabled,miguelgrinberg@microblog-api__e250d711__requests__treq,11,True,fail,post_migration_regressions,pair_capped_mini_20cycle/runs/no_api_docs_editpair_gpt54mini_fixed_test_policy_20repairs_rerun_001/workspaces/miguelgrinberg@microblog-api__e250d711__requests__treq/artifacts/cycles/cycle_011/test_results/post_migration_assessment.json,32383ee1dad9a301538b9f7d36d3ecd1cf39e9ab74c432f4ce19bea581cd2c0c
docs_disabled,miguelgrinberg@microblog-api__e250d711__requests__treq,12,True,fail,post_migration_regressions,pair_capped_mini_20cycle/runs/no_api_docs_editpair_gpt54mini_fixed_test_policy_20repairs_rerun_001/workspaces/miguelgrinberg@microblog-api__e250d711__requests__treq/artifacts/cycles/cycle_012/test_results/post_migration_assessment.json,32383ee1dad9a301538b9f7d36d3ecd1cf39e9ab74c432f4ce19bea581cd2c0c
docs_disabled,miguelgrinberg@microblog-api__e250d711__requests__treq,13,True,fail,post_migration_regressions,pair_capped_mini_20cycle/runs/no_api_docs_editpair_gpt54mini_fixed_test_policy_20repairs_rerun_001/workspaces/miguelgrinberg@microblog-api__e250d711__requests__treq/artifacts/cycles/cycle_013/test_results/post_migration_assessment.json,32383ee1dad9a301538b9f7d36d3ecd1cf39e9ab74c432f4ce19bea581cd2c0c
docs_disabled,miguelgrinberg@microblog-api__e250d711__requests__treq,14,True,fail,post_migration_regressions,pair_capped_mini_20cycle/runs/no_api_docs_editpair_gpt54mini_fixed_test_policy_20repairs_rerun_001/workspaces/miguelgrinberg@microblog-api__e250d711__requests__treq/artifacts/cycles/cycle_014/test_results/post_migration_assessment.json,32383ee1dad9a301538b9f7d36d3ecd1cf39e9ab74c432f4ce19bea581cd2c0c
docs_disabled,miguelgrinberg@microblog-api__e250d711__requests__treq,15,True,fail,post_migration_regressions,pair_capped_mini_20cycle/runs/no_api_docs_editpair_gpt54mini_fixed_test_policy_20repairs_rerun_001/workspaces/miguelgrinberg@microblog-api__e250d711__requests__treq/artifacts/cycles/cycle_015/test_results/post_migration_assessment.json,32383ee1dad9a301538b9f7d36d3ecd1cf39e9ab74c432f4ce19bea581cd2c0c
docs_disabled,miguelgrinberg@microblog-api__e250d711__requests__treq,16,True,fail,post_migration_regressions,pair_capped_mini_20cycle/runs/no_api_docs_editpair_gpt54mini_fixed_test_policy_20repairs_rerun_001/workspaces/miguelgrinberg@microblog-api__e250d711__requests__treq/artifacts/cycles/cycle_016/test_results/post_migration_assessment.json,32383ee1dad9a301538b9f7d36d3ecd1cf39e9ab74c432f4ce19bea581cd2c0c
docs_disabled,miguelgrinberg@microblog-api__e250d711__requests__treq,17,True,fail,post_migration_regressions,pair_capped_mini_20cycle/runs/no_api_docs_editpair_gpt54mini_fixed_test_policy_20repairs_rerun_001/workspaces/miguelgrinberg@microblog-api__e250d711__requests__treq/artifacts/cycles/cycle_017/test_results/post_migration_assessment.json,32383ee1dad9a301538b9f7d36d3ecd1cf39e9ab74c432f4ce19bea581cd2c0c
docs_disabled,miguelgrinberg@microblog-api__e250d711__requests__treq,18,True,fail,post_migration_regressions,pair_capped_mini_20cycle/runs/no_api_docs_editpair_gpt54mini_fixed_test_policy_20repairs_rerun_001/workspaces/miguelgrinberg@microblog-api__e250d711__requests__treq/artifacts/cycles/cycle_018/test_results/post_migration_assessment.json,32383ee1dad9a301538b9f7d36d3ecd1cf39e9ab74c432f4ce19bea581cd2c0c
docs_disabled,miguelgrinberg@microblog-api__e250d711__requests__treq,19,True,fail,post_migration_regressions,pair_capped_mini_20cycle/runs/no_api_docs_editpair_gpt54mini_fixed_test_policy_20repairs_rerun_001/workspaces/miguelgrinberg@microblog-api__e250d711__requests__treq/artifacts/cycles/cycle_019/test_results/post_migration_assessment.json,32383ee1dad9a301538b9f7d36d3ecd1cf39e9ab74c432f4ce19bea581cd2c0c
docs_disabled,miguelgrinberg@microblog-api__e250d711__requests__treq,20,True,fail,post_migration_regressions,pair_capped_mini_20cycle/runs/no_api_docs_editpair_gpt54mini_fixed_test_policy_20repairs_rerun_001/workspaces/miguelgrinberg@microblog-api__e250d711__requests__treq/artifacts/cycles/cycle_020/test_results/post_migration_assessment.json,32383ee1dad9a301538b9f7d36d3ecd1cf39e9ab74c432f4ce19bea581cd2c0c
docs_disabled,miguelgrinberg@microblog-api__e250d711__requests__treq,21,True,fail,post_migration_regressions,pair_capped_mini_20cycle/runs/no_api_docs_editpair_gpt54mini_fixed_test_policy_20repairs_rerun_001/workspaces/miguelgrinberg@microblog-api__e250d711__requests__treq/artifacts/cycles/cycle_021/test_results/post_migration_assessment.json,32383ee1dad9a301538b9f7d36d3ecd1cf39e9ab74c432f4ce19bea581cd2c0c
docs_disabled,mindsdb@mindsdb_sql__5a7cf55c__sqlalchemy__sqlobject,1,True,fail,post_migration_regressions,pair_capped_mini_20cycle/runs/no_api_docs_editpair_gpt54mini_fixed_test_policy_20repairs_rerun_001/workspaces/mindsdb@mindsdb_sql__5a7cf55c__sqlalchemy__sqlobject/artifacts/cycles/cycle_001/test_results/post_migration_assessment.json,38c9f206a9e06902c3072cfb6581b1fa0d03693d10471f15b8df4391501a9e2d
docs_disabled,mindsdb@mindsdb_sql__5a7cf55c__sqlalchemy__sqlobject,2,True,pass,ok,pair_capped_mini_20cycle/runs/no_api_docs_editpair_gpt54mini_fixed_test_policy_20repairs_rerun_001/workspaces/mindsdb@mindsdb_sql__5a7cf55c__sqlalchemy__sqlobject/artifacts/cycles/cycle_002/test_results/post_migration_assessment.json,98c568212aa344bf663f477f98a9665cfcbf12fa805abd1025e821a3a2a6fd4e
docs_disabled,mindsdb@mindsdb_sql__5a7cf55c__sqlalchemy__tortoise-orm,1,True,fail,post_migration_regressions,pair_capped_mini_20cycle/runs/no_api_docs_editpair_gpt54mini_fixed_test_policy_20repairs_rerun_001/workspaces/mindsdb@mindsdb_sql__5a7cf55c__sqlalchemy__tortoise-orm/artifacts/cycles/cycle_001/test_results/post_migration_assessment.json,84091b0d27d48f761e941d135f540b4d3147833571259d315245a1d5ec117026
docs_disabled,mindsdb@mindsdb_sql__5a7cf55c__sqlalchemy__tortoise-orm,2,True,pass,ok,pair_capped_mini_20cycle/runs/no_api_docs_editpair_gpt54mini_fixed_test_policy_20repairs_rerun_001/workspaces/mindsdb@mindsdb_sql__5a7cf55c__sqlalchemy__tortoise-orm/artifacts/cycles/cycle_002/test_results/post_migration_assessment.json,b5ad7319f3e2a4ccf9f809ce212ee20f6e72c44c5b1b31264306b32b77562682
docs_disabled,natcap@taskgraph__3f256c6a__importlib-metadata__setuptools,1,True,pass,ok,pair_capped_mini_20cycle/runs/no_api_docs_editpair_gpt54mini_fixed_test_policy_20repairs_rerun_001/workspaces/natcap@taskgraph__3f256c6a__importlib-metadata__setuptools/artifacts/cycles/cycle_001/test_results/post_migration_assessment.json,174db26a5d111f5aefcac42ed4fce8f3d7bcc7dece80340b556f956263f39461
docs_disabled,omadson@fuzzy-c-means__c1195969__tqdm__alive-progress,1,True,pass,ok,pair_capped_mini_20cycle/runs/no_api_docs_editpair_gpt54mini_fixed_test_policy_20repairs_rerun_001/workspaces/omadson@fuzzy-c-means__c1195969__tqdm__alive-progress/artifacts/cycles/cycle_001/test_results/post_migration_assessment.json,d1b9cf6af2eba4461144d86a601ab71d65238a83e572ee166fddf7025e14e67d
docs_disabled,opendilab@di-toolkit__8d728a42__seaborn__altair,1,True,pass,ok,pair_capped_mini_20cycle/runs/no_api_docs_editpair_gpt54mini_fixed_test_policy_20repairs_rerun_001/workspaces/opendilab@di-toolkit__8d728a42__seaborn__altair/artifacts/cycles/cycle_001/test_results/post_migration_assessment.json,c6fbdc433a8fbd6f06f8755a8ab519f741a6567385fa4eb0112c8d63e2a05649
docs_disabled,opendilab@di-toolkit__8d728a42__tqdm__alive-progress,1,True,fail,post_migration_regressions,pair_capped_mini_20cycle/runs/no_api_docs_editpair_gpt54mini_fixed_test_policy_20repairs_rerun_001/workspaces/opendilab@di-toolkit__8d728a42__tqdm__alive-progress/artifacts/cycles/cycle_001/test_results/post_migration_assessment.json,a9e977e02bac213d3a38c5470369d50289bdb8f89bc5c27721ff13b5daea4301
docs_disabled,opendilab@di-toolkit__8d728a42__tqdm__alive-progress,2,True,pass,ok,pair_capped_mini_20cycle/runs/no_api_docs_editpair_gpt54mini_fixed_test_policy_20repairs_rerun_001/workspaces/opendilab@di-toolkit__8d728a42__tqdm__alive-progress/artifacts/cycles/cycle_002/test_results/post_migration_assessment.json,a65501a4118ec2ffa131e6877e219d39f2172890261251e4a100b5639c91869a
docs_disabled,opendilab@di-toolkit__8d728a42__tqdm__progressbar2,1,True,fail,post_migration_regressions,pair_capped_mini_20cycle/runs/no_api_docs_editpair_gpt54mini_fixed_test_policy_20repairs_rerun_001/workspaces/opendilab@di-toolkit__8d728a42__tqdm__progressbar2/artifacts/cycles/cycle_001/test_results/post_migration_assessment.json,5f23fda457126531ef81abbf984648cb8fd50d42b63e4d662028aafa06f2633e
docs_disabled,opendilab@di-toolkit__8d728a42__tqdm__progressbar2,2,True,pass,ok,pair_capped_mini_20cycle/runs/no_api_docs_editpair_gpt54mini_fixed_test_policy_20repairs_rerun_001/workspaces/opendilab@di-toolkit__8d728a42__tqdm__progressbar2/artifacts/cycles/cycle_002/test_results/post_migration_assessment.json,ef8959101107c3a5ef6989c753b314a3b97310a196be4219961b1d16f16c8273
docs_disabled,ornl@tx2__ce713605__matplotlib__altair,1,True,pass,ok,pair_capped_mini_20cycle/runs/no_api_docs_editpair_gpt54mini_fixed_test_policy_20repairs_rerun_001/workspaces/ornl@tx2__ce713605__matplotlib__altair/artifacts/cycles/cycle_001/test_results/post_migration_assessment.json,08d0a62ef1e614401b516dd24ffcaf3f8d562487c496713102a04c6d59dd02de
docs_disabled,ozgurkara@fastapi-pydiator__7d70a90a__fastapi__sanic,1,False,,,,
docs_disabled,pelagicore@qface__4a77e9aa__jinja2__mako,1,True,fail,post_migration_regressions,pair_capped_mini_20cycle/runs/no_api_docs_editpair_gpt54mini_fixed_test_policy_20repairs_rerun_001/workspaces/pelagicore@qface__4a77e9aa__jinja2__mako/artifacts/cycles/cycle_001/test_results/post_migration_assessment.json,b0ea60d9944d2465e3b0d60f4a80f2d4ed87e167488b5fb473f75f86fbc6c5fa
docs_disabled,pelagicore@qface__4a77e9aa__jinja2__mako,2,True,fail,post_migration_regressions,pair_capped_mini_20cycle/runs/no_api_docs_editpair_gpt54mini_fixed_test_policy_20repairs_rerun_001/workspaces/pelagicore@qface__4a77e9aa__jinja2__mako/artifacts/cycles/cycle_002/test_results/post_migration_assessment.json,b0ea60d9944d2465e3b0d60f4a80f2d4ed87e167488b5fb473f75f86fbc6c5fa
docs_disabled,pelagicore@qface__4a77e9aa__jinja2__mako,3,True,fail,post_migration_regressions,pair_capped_mini_20cycle/runs/no_api_docs_editpair_gpt54mini_fixed_test_policy_20repairs_rerun_001/workspaces/pelagicore@qface__4a77e9aa__jinja2__mako/artifacts/cycles/cycle_003/test_results/post_migration_assessment.json,b0ea60d9944d2465e3b0d60f4a80f2d4ed87e167488b5fb473f75f86fbc6c5fa
docs_disabled,pelagicore@qface__4a77e9aa__jinja2__mako,4,True,fail,post_migration_regressions,pair_capped_mini_20cycle/runs/no_api_docs_editpair_gpt54mini_fixed_test_policy_20repairs_rerun_001/workspaces/pelagicore@qface__4a77e9aa__jinja2__mako/artifacts/cycles/cycle_004/test_results/post_migration_assessment.json,b0ea60d9944d2465e3b0d60f4a80f2d4ed87e167488b5fb473f75f86fbc6c5fa
docs_disabled,pelagicore@qface__4a77e9aa__jinja2__mako,5,True,fail,post_migration_regressions,pair_capped_mini_20cycle/runs/no_api_docs_editpair_gpt54mini_fixed_test_policy_20repairs_rerun_001/workspaces/pelagicore@qface__4a77e9aa__jinja2__mako/artifacts/cycles/cycle_005/test_results/post_migration_assessment.json,b0ea60d9944d2465e3b0d60f4a80f2d4ed87e167488b5fb473f75f86fbc6c5fa
docs_disabled,pelagicore@qface__4a77e9aa__jinja2__mako,6,True,fail,post_migration_regressions,pair_capped_mini_20cycle/runs/no_api_docs_editpair_gpt54mini_fixed_test_policy_20repairs_rerun_001/workspaces/pelagicore@qface__4a77e9aa__jinja2__mako/artifacts/cycles/cycle_006/test_results/post_migration_assessment.json,b0ea60d9944d2465e3b0d60f4a80f2d4ed87e167488b5fb473f75f86fbc6c5fa
docs_disabled,pelagicore@qface__4a77e9aa__jinja2__mako,7,True,fail,post_migration_regressions,pair_capped_mini_20cycle/runs/no_api_docs_editpair_gpt54mini_fixed_test_policy_20repairs_rerun_001/workspaces/pelagicore@qface__4a77e9aa__jinja2__mako/artifacts/cycles/cycle_007/test_results/post_migration_assessment.json,b0ea60d9944d2465e3b0d60f4a80f2d4ed87e167488b5fb473f75f86fbc6c5fa
docs_disabled,pelagicore@qface__4a77e9aa__jinja2__mako,8,True,fail,post_migration_regressions,pair_capped_mini_20cycle/runs/no_api_docs_editpair_gpt54mini_fixed_test_policy_20repairs_rerun_001/workspaces/pelagicore@qface__4a77e9aa__jinja2__mako/artifacts/cycles/cycle_008/test_results/post_migration_assessment.json,b0ea60d9944d2465e3b0d60f4a80f2d4ed87e167488b5fb473f75f86fbc6c5fa
docs_disabled,pelagicore@qface__4a77e9aa__jinja2__mako,9,True,fail,post_migration_regressions,pair_capped_mini_20cycle/runs/no_api_docs_editpair_gpt54mini_fixed_test_policy_20repairs_rerun_001/workspaces/pelagicore@qface__4a77e9aa__jinja2__mako/artifacts/cycles/cycle_009/test_results/post_migration_assessment.json,b0ea60d9944d2465e3b0d60f4a80f2d4ed87e167488b5fb473f75f86fbc6c5fa
docs_disabled,pelagicore@qface__4a77e9aa__jinja2__mako,10,True,fail,post_migration_regressions,pair_capped_mini_20cycle/runs/no_api_docs_editpair_gpt54mini_fixed_test_policy_20repairs_rerun_001/workspaces/pelagicore@qface__4a77e9aa__jinja2__mako/artifacts/cycles/cycle_010/test_results/post_migration_assessment.json,b0ea60d9944d2465e3b0d60f4a80f2d4ed87e167488b5fb473f75f86fbc6c5fa
docs_disabled,pelagicore@qface__4a77e9aa__jinja2__mako,11,True,fail,post_migration_regressions,pair_capped_mini_20cycle/runs/no_api_docs_editpair_gpt54mini_fixed_test_policy_20repairs_rerun_001/workspaces/pelagicore@qface__4a77e9aa__jinja2__mako/artifacts/cycles/cycle_011/test_results/post_migration_assessment.json,b0ea60d9944d2465e3b0d60f4a80f2d4ed87e167488b5fb473f75f86fbc6c5fa
docs_disabled,pelagicore@qface__4a77e9aa__jinja2__mako,12,True,fail,post_migration_regressions,pair_capped_mini_20cycle/runs/no_api_docs_editpair_gpt54mini_fixed_test_policy_20repairs_rerun_001/workspaces/pelagicore@qface__4a77e9aa__jinja2__mako/artifacts/cycles/cycle_012/test_results/post_migration_assessment.json,8f3743bc51a79007063234d438875e71d277537b12dac0ab3ab2906cc2bede49
docs_disabled,pelagicore@qface__4a77e9aa__jinja2__mako,13,True,fail,post_migration_regressions,pair_capped_mini_20cycle/runs/no_api_docs_editpair_gpt54mini_fixed_test_policy_20repairs_rerun_001/workspaces/pelagicore@qface__4a77e9aa__jinja2__mako/artifacts/cycles/cycle_013/test_results/post_migration_assessment.json,b0ea60d9944d2465e3b0d60f4a80f2d4ed87e167488b5fb473f75f86fbc6c5fa
docs_disabled,pelagicore@qface__4a77e9aa__jinja2__mako,14,True,fail,post_migration_regressions,pair_capped_mini_20cycle/runs/no_api_docs_editpair_gpt54mini_fixed_test_policy_20repairs_rerun_001/workspaces/pelagicore@qface__4a77e9aa__jinja2__mako/artifacts/cycles/cycle_014/test_results/post_migration_assessment.json,b0ea60d9944d2465e3b0d60f4a80f2d4ed87e167488b5fb473f75f86fbc6c5fa
docs_disabled,pelagicore@qface__4a77e9aa__jinja2__mako,15,True,fail,post_migration_regressions,pair_capped_mini_20cycle/runs/no_api_docs_editpair_gpt54mini_fixed_test_policy_20repairs_rerun_001/workspaces/pelagicore@qface__4a77e9aa__jinja2__mako/artifacts/cycles/cycle_015/test_results/post_migration_assessment.json,b0ea60d9944d2465e3b0d60f4a80f2d4ed87e167488b5fb473f75f86fbc6c5fa
docs_disabled,pelagicore@qface__4a77e9aa__jinja2__mako,16,True,fail,post_migration_regressions,pair_capped_mini_20cycle/runs/no_api_docs_editpair_gpt54mini_fixed_test_policy_20repairs_rerun_001/workspaces/pelagicore@qface__4a77e9aa__jinja2__mako/artifacts/cycles/cycle_016/test_results/post_migration_assessment.json,b0ea60d9944d2465e3b0d60f4a80f2d4ed87e167488b5fb473f75f86fbc6c5fa
docs_disabled,pelagicore@qface__4a77e9aa__jinja2__mako,17,True,fail,post_migration_regressions,pair_capped_mini_20cycle/runs/no_api_docs_editpair_gpt54mini_fixed_test_policy_20repairs_rerun_001/workspaces/pelagicore@qface__4a77e9aa__jinja2__mako/artifacts/cycles/cycle_017/test_results/post_migration_assessment.json,b0ea60d9944d2465e3b0d60f4a80f2d4ed87e167488b5fb473f75f86fbc6c5fa
docs_disabled,pelagicore@qface__4a77e9aa__jinja2__mako,18,True,fail,post_migration_regressions,pair_capped_mini_20cycle/runs/no_api_docs_editpair_gpt54mini_fixed_test_policy_20repairs_rerun_001/workspaces/pelagicore@qface__4a77e9aa__jinja2__mako/artifacts/cycles/cycle_018/test_results/post_migration_assessment.json,b0ea60d9944d2465e3b0d60f4a80f2d4ed87e167488b5fb473f75f86fbc6c5fa
docs_disabled,pelagicore@qface__4a77e9aa__jinja2__mako,19,True,fail,post_migration_regressions,pair_capped_mini_20cycle/runs/no_api_docs_editpair_gpt54mini_fixed_test_policy_20repairs_rerun_001/workspaces/pelagicore@qface__4a77e9aa__jinja2__mako/artifacts/cycles/cycle_019/test_results/post_migration_assessment.json,b0ea60d9944d2465e3b0d60f4a80f2d4ed87e167488b5fb473f75f86fbc6c5fa
docs_disabled,pelagicore@qface__4a77e9aa__jinja2__mako,20,True,fail,post_migration_regressions,pair_capped_mini_20cycle/runs/no_api_docs_editpair_gpt54mini_fixed_test_policy_20repairs_rerun_001/workspaces/pelagicore@qface__4a77e9aa__jinja2__mako/artifacts/cycles/cycle_020/test_results/post_migration_assessment.json,b0ea60d9944d2465e3b0d60f4a80f2d4ed87e167488b5fb473f75f86fbc6c5fa
docs_disabled,pelagicore@qface__4a77e9aa__jinja2__mako,21,True,fail,post_migration_regressions,pair_capped_mini_20cycle/runs/no_api_docs_editpair_gpt54mini_fixed_test_policy_20repairs_rerun_001/workspaces/pelagicore@qface__4a77e9aa__jinja2__mako/artifacts/cycles/cycle_021/test_results/post_migration_assessment.json,b0ea60d9944d2465e3b0d60f4a80f2d4ed87e167488b5fb473f75f86fbc6c5fa
docs_disabled,pittcsc@pittapi__275fb928__beautifulsoup4__pyquery,1,True,fail,post_migration_regressions,pair_capped_mini_20cycle/runs/no_api_docs_editpair_gpt54mini_fixed_test_policy_20repairs_rerun_001/workspaces/pittcsc@pittapi__275fb928__beautifulsoup4__pyquery/artifacts/cycles/cycle_001/test_results/post_migration_assessment.json,555b0cd425470534c1db5f1b06e638b5fb6ba476c0d920a8e6b6dbc2de7ed756
docs_disabled,pittcsc@pittapi__275fb928__beautifulsoup4__pyquery,2,True,fail,post_migration_regressions,pair_capped_mini_20cycle/runs/no_api_docs_editpair_gpt54mini_fixed_test_policy_20repairs_rerun_001/workspaces/pittcsc@pittapi__275fb928__beautifulsoup4__pyquery/artifacts/cycles/cycle_002/test_results/post_migration_assessment.json,e8e2e60270b7330e7721837b09c3692c467953395108eef883de45f74ad7b104
docs_disabled,pittcsc@pittapi__275fb928__beautifulsoup4__pyquery,3,True,fail,post_migration_regressions,pair_capped_mini_20cycle/runs/no_api_docs_editpair_gpt54mini_fixed_test_policy_20repairs_rerun_001/workspaces/pittcsc@pittapi__275fb928__beautifulsoup4__pyquery/artifacts/cycles/cycle_003/test_results/post_migration_assessment.json,555b0cd425470534c1db5f1b06e638b5fb6ba476c0d920a8e6b6dbc2de7ed756
docs_disabled,pittcsc@pittapi__275fb928__beautifulsoup4__pyquery,4,True,fail,post_migration_regressions,pair_capped_mini_20cycle/runs/no_api_docs_editpair_gpt54mini_fixed_test_policy_20repairs_rerun_001/workspaces/pittcsc@pittapi__275fb928__beautifulsoup4__pyquery/artifacts/cycles/cycle_004/test_results/post_migration_assessment.json,e8e2e60270b7330e7721837b09c3692c467953395108eef883de45f74ad7b104
docs_disabled,pittcsc@pittapi__275fb928__beautifulsoup4__pyquery,5,True,fail,post_migration_regressions,pair_capped_mini_20cycle/runs/no_api_docs_editpair_gpt54mini_fixed_test_policy_20repairs_rerun_001/workspaces/pittcsc@pittapi__275fb928__beautifulsoup4__pyquery/artifacts/cycles/cycle_005/test_results/post_migration_assessment.json,555b0cd425470534c1db5f1b06e638b5fb6ba476c0d920a8e6b6dbc2de7ed756
docs_disabled,pittcsc@pittapi__275fb928__beautifulsoup4__pyquery,6,True,fail,post_migration_regressions,pair_capped_mini_20cycle/runs/no_api_docs_editpair_gpt54mini_fixed_test_policy_20repairs_rerun_001/workspaces/pittcsc@pittapi__275fb928__beautifulsoup4__pyquery/artifacts/cycles/cycle_006/test_results/post_migration_assessment.json,e8e2e60270b7330e7721837b09c3692c467953395108eef883de45f74ad7b104
docs_disabled,pittcsc@pittapi__275fb928__beautifulsoup4__pyquery,7,True,fail,post_migration_regressions,pair_capped_mini_20cycle/runs/no_api_docs_editpair_gpt54mini_fixed_test_policy_20repairs_rerun_001/workspaces/pittcsc@pittapi__275fb928__beautifulsoup4__pyquery/artifacts/cycles/cycle_007/test_results/post_migration_assessment.json,e8e2e60270b7330e7721837b09c3692c467953395108eef883de45f74ad7b104
docs_disabled,pittcsc@pittapi__275fb928__beautifulsoup4__pyquery,8,True,fail,post_migration_regressions,pair_capped_mini_20cycle/runs/no_api_docs_editpair_gpt54mini_fixed_test_policy_20repairs_rerun_001/workspaces/pittcsc@pittapi__275fb928__beautifulsoup4__pyquery/artifacts/cycles/cycle_008/test_results/post_migration_assessment.json,555b0cd425470534c1db5f1b06e638b5fb6ba476c0d920a8e6b6dbc2de7ed756
docs_disabled,pittcsc@pittapi__275fb928__beautifulsoup4__pyquery,9,True,fail,post_migration_regressions,pair_capped_mini_20cycle/runs/no_api_docs_editpair_gpt54mini_fixed_test_policy_20repairs_rerun_001/workspaces/pittcsc@pittapi__275fb928__beautifulsoup4__pyquery/artifacts/cycles/cycle_009/test_results/post_migration_assessment.json,e8e2e60270b7330e7721837b09c3692c467953395108eef883de45f74ad7b104
docs_disabled,pittcsc@pittapi__275fb928__beautifulsoup4__pyquery,10,True,fail,post_migration_regressions,pair_capped_mini_20cycle/runs/no_api_docs_editpair_gpt54mini_fixed_test_policy_20repairs_rerun_001/workspaces/pittcsc@pittapi__275fb928__beautifulsoup4__pyquery/artifacts/cycles/cycle_010/test_results/post_migration_assessment.json,555b0cd425470534c1db5f1b06e638b5fb6ba476c0d920a8e6b6dbc2de7ed756
docs_disabled,pittcsc@pittapi__275fb928__beautifulsoup4__pyquery,11,True,fail,post_migration_regressions,pair_capped_mini_20cycle/runs/no_api_docs_editpair_gpt54mini_fixed_test_policy_20repairs_rerun_001/workspaces/pittcsc@pittapi__275fb928__beautifulsoup4__pyquery/artifacts/cycles/cycle_011/test_results/post_migration_assessment.json,e8e2e60270b7330e7721837b09c3692c467953395108eef883de45f74ad7b104
docs_disabled,pittcsc@pittapi__275fb928__beautifulsoup4__pyquery,12,True,fail,post_migration_regressions,pair_capped_mini_20cycle/runs/no_api_docs_editpair_gpt54mini_fixed_test_policy_20repairs_rerun_001/workspaces/pittcsc@pittapi__275fb928__beautifulsoup4__pyquery/artifacts/cycles/cycle_012/test_results/post_migration_assessment.json,555b0cd425470534c1db5f1b06e638b5fb6ba476c0d920a8e6b6dbc2de7ed756
docs_disabled,pittcsc@pittapi__275fb928__beautifulsoup4__pyquery,13,True,fail,post_migration_regressions,pair_capped_mini_20cycle/runs/no_api_docs_editpair_gpt54mini_fixed_test_policy_20repairs_rerun_001/workspaces/pittcsc@pittapi__275fb928__beautifulsoup4__pyquery/artifacts/cycles/cycle_013/test_results/post_migration_assessment.json,e8e2e60270b7330e7721837b09c3692c467953395108eef883de45f74ad7b104
docs_disabled,pittcsc@pittapi__275fb928__beautifulsoup4__pyquery,14,True,fail,post_migration_regressions,pair_capped_mini_20cycle/runs/no_api_docs_editpair_gpt54mini_fixed_test_policy_20repairs_rerun_001/workspaces/pittcsc@pittapi__275fb928__beautifulsoup4__pyquery/artifacts/cycles/cycle_014/test_results/post_migration_assessment.json,555b0cd425470534c1db5f1b06e638b5fb6ba476c0d920a8e6b6dbc2de7ed756
docs_disabled,pittcsc@pittapi__275fb928__beautifulsoup4__pyquery,15,True,fail,post_migration_regressions,pair_capped_mini_20cycle/runs/no_api_docs_editpair_gpt54mini_fixed_test_policy_20repairs_rerun_001/workspaces/pittcsc@pittapi__275fb928__beautifulsoup4__pyquery/artifacts/cycles/cycle_015/test_results/post_migration_assessment.json,e8e2e60270b7330e7721837b09c3692c467953395108eef883de45f74ad7b104
docs_disabled,pittcsc@pittapi__275fb928__beautifulsoup4__pyquery,16,True,fail,post_migration_regressions,pair_capped_mini_20cycle/runs/no_api_docs_editpair_gpt54mini_fixed_test_policy_20repairs_rerun_001/workspaces/pittcsc@pittapi__275fb928__beautifulsoup4__pyquery/artifacts/cycles/cycle_016/test_results/post_migration_assessment.json,555b0cd425470534c1db5f1b06e638b5fb6ba476c0d920a8e6b6dbc2de7ed756
docs_disabled,pittcsc@pittapi__275fb928__beautifulsoup4__pyquery,17,True,fail,post_migration_regressions,pair_capped_mini_20cycle/runs/no_api_docs_editpair_gpt54mini_fixed_test_policy_20repairs_rerun_001/workspaces/pittcsc@pittapi__275fb928__beautifulsoup4__pyquery/artifacts/cycles/cycle_017/test_results/post_migration_assessment.json,e8e2e60270b7330e7721837b09c3692c467953395108eef883de45f74ad7b104
docs_disabled,pittcsc@pittapi__275fb928__beautifulsoup4__pyquery,18,True,fail,post_migration_regressions,pair_capped_mini_20cycle/runs/no_api_docs_editpair_gpt54mini_fixed_test_policy_20repairs_rerun_001/workspaces/pittcsc@pittapi__275fb928__beautifulsoup4__pyquery/artifacts/cycles/cycle_018/test_results/post_migration_assessment.json,555b0cd425470534c1db5f1b06e638b5fb6ba476c0d920a8e6b6dbc2de7ed756
docs_disabled,pittcsc@pittapi__275fb928__beautifulsoup4__pyquery,19,True,fail,post_migration_regressions,pair_capped_mini_20cycle/runs/no_api_docs_editpair_gpt54mini_fixed_test_policy_20repairs_rerun_001/workspaces/pittcsc@pittapi__275fb928__beautifulsoup4__pyquery/artifacts/cycles/cycle_019/test_results/post_migration_assessment.json,555b0cd425470534c1db5f1b06e638b5fb6ba476c0d920a8e6b6dbc2de7ed756
docs_disabled,pittcsc@pittapi__275fb928__beautifulsoup4__pyquery,20,True,fail,post_migration_regressions,pair_capped_mini_20cycle/runs/no_api_docs_editpair_gpt54mini_fixed_test_policy_20repairs_rerun_001/workspaces/pittcsc@pittapi__275fb928__beautifulsoup4__pyquery/artifacts/cycles/cycle_020/test_results/post_migration_assessment.json,e8e2e60270b7330e7721837b09c3692c467953395108eef883de45f74ad7b104
docs_disabled,pittcsc@pittapi__275fb928__beautifulsoup4__pyquery,21,True,fail,post_migration_regressions,pair_capped_mini_20cycle/runs/no_api_docs_editpair_gpt54mini_fixed_test_policy_20repairs_rerun_001/workspaces/pittcsc@pittapi__275fb928__beautifulsoup4__pyquery/artifacts/cycles/cycle_021/test_results/post_migration_assessment.json,555b0cd425470534c1db5f1b06e638b5fb6ba476c0d920a8e6b6dbc2de7ed756
docs_disabled,pittcsc@pittapi__275fb928__urllib3__httpx,1,True,fail,post_migration_regressions,pair_capped_mini_20cycle/runs/no_api_docs_editpair_gpt54mini_fixed_test_policy_20repairs_rerun_001/workspaces/pittcsc@pittapi__275fb928__urllib3__httpx/artifacts/cycles/cycle_001/test_results/post_migration_assessment.json,dd79df8dceb0744dcd2f72ffb95658a030f45b06756a976a351d8d85be22e06d
docs_disabled,pittcsc@pittapi__275fb928__urllib3__httpx,2,True,pass,ok,pair_capped_mini_20cycle/runs/no_api_docs_editpair_gpt54mini_fixed_test_policy_20repairs_rerun_001/workspaces/pittcsc@pittapi__275fb928__urllib3__httpx/artifacts/cycles/cycle_002/test_results/post_migration_assessment.json,ca6845bed4ad118621c09bb52f6c2f86f203d6948ff8b4569c7f2dc95fd63192
docs_disabled,pittcsc@pittapi__275fb928__urllib3__requests,1,True,pass,ok,pair_capped_mini_20cycle/runs/no_api_docs_editpair_gpt54mini_fixed_test_policy_20repairs_rerun_001/workspaces/pittcsc@pittapi__275fb928__urllib3__requests/artifacts/cycles/cycle_001/test_results/post_migration_assessment.json,1ef72ce0ad502344e7d998f2caba6b1bfedfd2140b82e0a4a5a9f17ccd62c35d
docs_disabled,raphaelauv@fastapi-aiohttp-example__99c2d449__aiohttp__httpx,1,True,fail,after_validation_anomaly,pair_capped_mini_20cycle/runs/no_api_docs_editpair_gpt54mini_fixed_test_policy_20repairs_rerun_001/workspaces/raphaelauv@fastapi-aiohttp-example__99c2d449__aiohttp__httpx/artifacts/cycles/cycle_001/test_results/post_migration_assessment.json,481dd2dab4039bff2db6d617e83aeee76143096c75bea97a3770a44a13f19c1e
docs_disabled,raphaelauv@fastapi-aiohttp-example__99c2d449__aiohttp__httpx,2,True,fail,post_migration_regressions,pair_capped_mini_20cycle/runs/no_api_docs_editpair_gpt54mini_fixed_test_policy_20repairs_rerun_001/workspaces/raphaelauv@fastapi-aiohttp-example__99c2d449__aiohttp__httpx/artifacts/cycles/cycle_002/test_results/post_migration_assessment.json,df3ca4d46bb1a9788906c9578b8d56de237ce42a81ffde550ef0178770699cc7
docs_disabled,raphaelauv@fastapi-aiohttp-example__99c2d449__aiohttp__httpx,3,True,fail,after_validation_anomaly,pair_capped_mini_20cycle/runs/no_api_docs_editpair_gpt54mini_fixed_test_policy_20repairs_rerun_001/workspaces/raphaelauv@fastapi-aiohttp-example__99c2d449__aiohttp__httpx/artifacts/cycles/cycle_003/test_results/post_migration_assessment.json,481dd2dab4039bff2db6d617e83aeee76143096c75bea97a3770a44a13f19c1e
docs_disabled,raphaelauv@fastapi-aiohttp-example__99c2d449__aiohttp__httpx,4,True,fail,post_migration_regressions,pair_capped_mini_20cycle/runs/no_api_docs_editpair_gpt54mini_fixed_test_policy_20repairs_rerun_001/workspaces/raphaelauv@fastapi-aiohttp-example__99c2d449__aiohttp__httpx/artifacts/cycles/cycle_004/test_results/post_migration_assessment.json,df3ca4d46bb1a9788906c9578b8d56de237ce42a81ffde550ef0178770699cc7
docs_disabled,raphaelauv@fastapi-aiohttp-example__99c2d449__aiohttp__httpx,5,True,fail,after_validation_anomaly,pair_capped_mini_20cycle/runs/no_api_docs_editpair_gpt54mini_fixed_test_policy_20repairs_rerun_001/workspaces/raphaelauv@fastapi-aiohttp-example__99c2d449__aiohttp__httpx/artifacts/cycles/cycle_005/test_results/post_migration_assessment.json,481dd2dab4039bff2db6d617e83aeee76143096c75bea97a3770a44a13f19c1e
docs_disabled,raphaelauv@fastapi-aiohttp-example__99c2d449__aiohttp__httpx,6,True,fail,post_migration_regressions,pair_capped_mini_20cycle/runs/no_api_docs_editpair_gpt54mini_fixed_test_policy_20repairs_rerun_001/workspaces/raphaelauv@fastapi-aiohttp-example__99c2d449__aiohttp__httpx/artifacts/cycles/cycle_006/test_results/post_migration_assessment.json,df3ca4d46bb1a9788906c9578b8d56de237ce42a81ffde550ef0178770699cc7
docs_disabled,raphaelauv@fastapi-aiohttp-example__99c2d449__aiohttp__httpx,7,True,fail,post_migration_regressions,pair_capped_mini_20cycle/runs/no_api_docs_editpair_gpt54mini_fixed_test_policy_20repairs_rerun_001/workspaces/raphaelauv@fastapi-aiohttp-example__99c2d449__aiohttp__httpx/artifacts/cycles/cycle_007/test_results/post_migration_assessment.json,df3ca4d46bb1a9788906c9578b8d56de237ce42a81ffde550ef0178770699cc7
docs_disabled,raphaelauv@fastapi-aiohttp-example__99c2d449__aiohttp__httpx,8,True,fail,after_validation_anomaly,pair_capped_mini_20cycle/runs/no_api_docs_editpair_gpt54mini_fixed_test_policy_20repairs_rerun_001/workspaces/raphaelauv@fastapi-aiohttp-example__99c2d449__aiohttp__httpx/artifacts/cycles/cycle_008/test_results/post_migration_assessment.json,481dd2dab4039bff2db6d617e83aeee76143096c75bea97a3770a44a13f19c1e
docs_disabled,raphaelauv@fastapi-aiohttp-example__99c2d449__aiohttp__httpx,9,True,fail,post_migration_regressions,pair_capped_mini_20cycle/runs/no_api_docs_editpair_gpt54mini_fixed_test_policy_20repairs_rerun_001/workspaces/raphaelauv@fastapi-aiohttp-example__99c2d449__aiohttp__httpx/artifacts/cycles/cycle_009/test_results/post_migration_assessment.json,df3ca4d46bb1a9788906c9578b8d56de237ce42a81ffde550ef0178770699cc7
docs_disabled,raphaelauv@fastapi-aiohttp-example__99c2d449__aiohttp__httpx,10,True,fail,post_migration_regressions,pair_capped_mini_20cycle/runs/no_api_docs_editpair_gpt54mini_fixed_test_policy_20repairs_rerun_001/workspaces/raphaelauv@fastapi-aiohttp-example__99c2d449__aiohttp__httpx/artifacts/cycles/cycle_010/test_results/post_migration_assessment.json,df3ca4d46bb1a9788906c9578b8d56de237ce42a81ffde550ef0178770699cc7
docs_disabled,raphaelauv@fastapi-aiohttp-example__99c2d449__aiohttp__httpx,11,True,fail,after_validation_anomaly,pair_capped_mini_20cycle/runs/no_api_docs_editpair_gpt54mini_fixed_test_policy_20repairs_rerun_001/workspaces/raphaelauv@fastapi-aiohttp-example__99c2d449__aiohttp__httpx/artifacts/cycles/cycle_011/test_results/post_migration_assessment.json,481dd2dab4039bff2db6d617e83aeee76143096c75bea97a3770a44a13f19c1e
docs_disabled,raphaelauv@fastapi-aiohttp-example__99c2d449__aiohttp__httpx,12,True,fail,post_migration_regressions,pair_capped_mini_20cycle/runs/no_api_docs_editpair_gpt54mini_fixed_test_policy_20repairs_rerun_001/workspaces/raphaelauv@fastapi-aiohttp-example__99c2d449__aiohttp__httpx/artifacts/cycles/cycle_012/test_results/post_migration_assessment.json,df3ca4d46bb1a9788906c9578b8d56de237ce42a81ffde550ef0178770699cc7
docs_disabled,raphaelauv@fastapi-aiohttp-example__99c2d449__aiohttp__httpx,13,True,fail,post_migration_regressions,pair_capped_mini_20cycle/runs/no_api_docs_editpair_gpt54mini_fixed_test_policy_20repairs_rerun_001/workspaces/raphaelauv@fastapi-aiohttp-example__99c2d449__aiohttp__httpx/artifacts/cycles/cycle_013/test_results/post_migration_assessment.json,df3ca4d46bb1a9788906c9578b8d56de237ce42a81ffde550ef0178770699cc7
docs_disabled,raphaelauv@fastapi-aiohttp-example__99c2d449__aiohttp__httpx,14,True,fail,post_migration_regressions,pair_capped_mini_20cycle/runs/no_api_docs_editpair_gpt54mini_fixed_test_policy_20repairs_rerun_001/workspaces/raphaelauv@fastapi-aiohttp-example__99c2d449__aiohttp__httpx/artifacts/cycles/cycle_014/test_results/post_migration_assessment.json,df3ca4d46bb1a9788906c9578b8d56de237ce42a81ffde550ef0178770699cc7
docs_disabled,raphaelauv@fastapi-aiohttp-example__99c2d449__aiohttp__httpx,15,True,fail,after_validation_anomaly,pair_capped_mini_20cycle/runs/no_api_docs_editpair_gpt54mini_fixed_test_policy_20repairs_rerun_001/workspaces/raphaelauv@fastapi-aiohttp-example__99c2d449__aiohttp__httpx/artifacts/cycles/cycle_015/test_results/post_migration_assessment.json,481dd2dab4039bff2db6d617e83aeee76143096c75bea97a3770a44a13f19c1e
docs_disabled,raphaelauv@fastapi-aiohttp-example__99c2d449__aiohttp__httpx,16,True,fail,post_migration_regressions,pair_capped_mini_20cycle/runs/no_api_docs_editpair_gpt54mini_fixed_test_policy_20repairs_rerun_001/workspaces/raphaelauv@fastapi-aiohttp-example__99c2d449__aiohttp__httpx/artifacts/cycles/cycle_016/test_results/post_migration_assessment.json,df3ca4d46bb1a9788906c9578b8d56de237ce42a81ffde550ef0178770699cc7
docs_disabled,raphaelauv@fastapi-aiohttp-example__99c2d449__aiohttp__httpx,17,True,fail,post_migration_regressions,pair_capped_mini_20cycle/runs/no_api_docs_editpair_gpt54mini_fixed_test_policy_20repairs_rerun_001/workspaces/raphaelauv@fastapi-aiohttp-example__99c2d449__aiohttp__httpx/artifacts/cycles/cycle_017/test_results/post_migration_assessment.json,df3ca4d46bb1a9788906c9578b8d56de237ce42a81ffde550ef0178770699cc7
docs_disabled,raphaelauv@fastapi-aiohttp-example__99c2d449__aiohttp__httpx,18,True,fail,after_validation_anomaly,pair_capped_mini_20cycle/runs/no_api_docs_editpair_gpt54mini_fixed_test_policy_20repairs_rerun_001/workspaces/raphaelauv@fastapi-aiohttp-example__99c2d449__aiohttp__httpx/artifacts/cycles/cycle_018/test_results/post_migration_assessment.json,481dd2dab4039bff2db6d617e83aeee76143096c75bea97a3770a44a13f19c1e
docs_disabled,raphaelauv@fastapi-aiohttp-example__99c2d449__aiohttp__httpx,19,True,fail,post_migration_regressions,pair_capped_mini_20cycle/runs/no_api_docs_editpair_gpt54mini_fixed_test_policy_20repairs_rerun_001/workspaces/raphaelauv@fastapi-aiohttp-example__99c2d449__aiohttp__httpx/artifacts/cycles/cycle_019/test_results/post_migration_assessment.json,df3ca4d46bb1a9788906c9578b8d56de237ce42a81ffde550ef0178770699cc7
docs_disabled,raphaelauv@fastapi-aiohttp-example__99c2d449__aiohttp__httpx,20,True,fail,after_validation_anomaly,pair_capped_mini_20cycle/runs/no_api_docs_editpair_gpt54mini_fixed_test_policy_20repairs_rerun_001/workspaces/raphaelauv@fastapi-aiohttp-example__99c2d449__aiohttp__httpx/artifacts/cycles/cycle_020/test_results/post_migration_assessment.json,481dd2dab4039bff2db6d617e83aeee76143096c75bea97a3770a44a13f19c1e
docs_disabled,raphaelauv@fastapi-aiohttp-example__99c2d449__aiohttp__httpx,21,True,fail,post_migration_regressions,pair_capped_mini_20cycle/runs/no_api_docs_editpair_gpt54mini_fixed_test_policy_20repairs_rerun_001/workspaces/raphaelauv@fastapi-aiohttp-example__99c2d449__aiohttp__httpx/artifacts/cycles/cycle_021/test_results/post_migration_assessment.json,df3ca4d46bb1a9788906c9578b8d56de237ce42a81ffde550ef0178770699cc7
docs_disabled,raphaelauv@fastapi-aiohttp-example__99c2d449__fastapi__sanic,1,True,fail,post_migration_regressions,pair_capped_mini_20cycle/runs/no_api_docs_editpair_gpt54mini_fixed_test_policy_20repairs_rerun_001/workspaces/raphaelauv@fastapi-aiohttp-example__99c2d449__fastapi__sanic/artifacts/cycles/cycle_001/test_results/post_migration_assessment.json,1cb251509de6d2f749eb91e417f89c7aafc713c5dd924fd7c78942d0723c7462
docs_disabled,raphaelauv@fastapi-aiohttp-example__99c2d449__fastapi__sanic,2,True,fail,post_migration_regressions,pair_capped_mini_20cycle/runs/no_api_docs_editpair_gpt54mini_fixed_test_policy_20repairs_rerun_001/workspaces/raphaelauv@fastapi-aiohttp-example__99c2d449__fastapi__sanic/artifacts/cycles/cycle_002/test_results/post_migration_assessment.json,1cb251509de6d2f749eb91e417f89c7aafc713c5dd924fd7c78942d0723c7462
docs_disabled,raphaelauv@fastapi-aiohttp-example__99c2d449__fastapi__sanic,3,True,fail,post_migration_regressions,pair_capped_mini_20cycle/runs/no_api_docs_editpair_gpt54mini_fixed_test_policy_20repairs_rerun_001/workspaces/raphaelauv@fastapi-aiohttp-example__99c2d449__fastapi__sanic/artifacts/cycles/cycle_003/test_results/post_migration_assessment.json,1cb251509de6d2f749eb91e417f89c7aafc713c5dd924fd7c78942d0723c7462
docs_disabled,raphaelauv@fastapi-aiohttp-example__99c2d449__fastapi__sanic,4,True,fail,post_migration_regressions,pair_capped_mini_20cycle/runs/no_api_docs_editpair_gpt54mini_fixed_test_policy_20repairs_rerun_001/workspaces/raphaelauv@fastapi-aiohttp-example__99c2d449__fastapi__sanic/artifacts/cycles/cycle_004/test_results/post_migration_assessment.json,1cb251509de6d2f749eb91e417f89c7aafc713c5dd924fd7c78942d0723c7462
docs_disabled,raphaelauv@fastapi-aiohttp-example__99c2d449__fastapi__sanic,5,True,fail,post_migration_regressions,pair_capped_mini_20cycle/runs/no_api_docs_editpair_gpt54mini_fixed_test_policy_20repairs_rerun_001/workspaces/raphaelauv@fastapi-aiohttp-example__99c2d449__fastapi__sanic/artifacts/cycles/cycle_005/test_results/post_migration_assessment.json,1cb251509de6d2f749eb91e417f89c7aafc713c5dd924fd7c78942d0723c7462
docs_disabled,raphaelauv@fastapi-aiohttp-example__99c2d449__fastapi__sanic,6,True,fail,post_migration_regressions,pair_capped_mini_20cycle/runs/no_api_docs_editpair_gpt54mini_fixed_test_policy_20repairs_rerun_001/workspaces/raphaelauv@fastapi-aiohttp-example__99c2d449__fastapi__sanic/artifacts/cycles/cycle_006/test_results/post_migration_assessment.json,1cb251509de6d2f749eb91e417f89c7aafc713c5dd924fd7c78942d0723c7462
docs_disabled,raphaelauv@fastapi-aiohttp-example__99c2d449__fastapi__sanic,7,True,fail,post_migration_regressions,pair_capped_mini_20cycle/runs/no_api_docs_editpair_gpt54mini_fixed_test_policy_20repairs_rerun_001/workspaces/raphaelauv@fastapi-aiohttp-example__99c2d449__fastapi__sanic/artifacts/cycles/cycle_007/test_results/post_migration_assessment.json,1cb251509de6d2f749eb91e417f89c7aafc713c5dd924fd7c78942d0723c7462
docs_disabled,raphaelauv@fastapi-aiohttp-example__99c2d449__fastapi__sanic,8,True,fail,post_migration_regressions,pair_capped_mini_20cycle/runs/no_api_docs_editpair_gpt54mini_fixed_test_policy_20repairs_rerun_001/workspaces/raphaelauv@fastapi-aiohttp-example__99c2d449__fastapi__sanic/artifacts/cycles/cycle_008/test_results/post_migration_assessment.json,1cb251509de6d2f749eb91e417f89c7aafc713c5dd924fd7c78942d0723c7462
docs_disabled,raphaelauv@fastapi-aiohttp-example__99c2d449__fastapi__sanic,9,True,fail,post_migration_regressions,pair_capped_mini_20cycle/runs/no_api_docs_editpair_gpt54mini_fixed_test_policy_20repairs_rerun_001/workspaces/raphaelauv@fastapi-aiohttp-example__99c2d449__fastapi__sanic/artifacts/cycles/cycle_009/test_results/post_migration_assessment.json,1cb251509de6d2f749eb91e417f89c7aafc713c5dd924fd7c78942d0723c7462
docs_disabled,raphaelauv@fastapi-aiohttp-example__99c2d449__fastapi__sanic,10,True,fail,post_migration_regressions,pair_capped_mini_20cycle/runs/no_api_docs_editpair_gpt54mini_fixed_test_policy_20repairs_rerun_001/workspaces/raphaelauv@fastapi-aiohttp-example__99c2d449__fastapi__sanic/artifacts/cycles/cycle_010/test_results/post_migration_assessment.json,1cb251509de6d2f749eb91e417f89c7aafc713c5dd924fd7c78942d0723c7462
docs_disabled,raphaelauv@fastapi-aiohttp-example__99c2d449__fastapi__sanic,11,True,fail,post_migration_regressions,pair_capped_mini_20cycle/runs/no_api_docs_editpair_gpt54mini_fixed_test_policy_20repairs_rerun_001/workspaces/raphaelauv@fastapi-aiohttp-example__99c2d449__fastapi__sanic/artifacts/cycles/cycle_011/test_results/post_migration_assessment.json,1cb251509de6d2f749eb91e417f89c7aafc713c5dd924fd7c78942d0723c7462
docs_disabled,raphaelauv@fastapi-aiohttp-example__99c2d449__fastapi__sanic,12,True,fail,post_migration_regressions,pair_capped_mini_20cycle/runs/no_api_docs_editpair_gpt54mini_fixed_test_policy_20repairs_rerun_001/workspaces/raphaelauv@fastapi-aiohttp-example__99c2d449__fastapi__sanic/artifacts/cycles/cycle_012/test_results/post_migration_assessment.json,1cb251509de6d2f749eb91e417f89c7aafc713c5dd924fd7c78942d0723c7462
docs_disabled,raphaelauv@fastapi-aiohttp-example__99c2d449__fastapi__sanic,13,True,fail,post_migration_regressions,pair_capped_mini_20cycle/runs/no_api_docs_editpair_gpt54mini_fixed_test_policy_20repairs_rerun_001/workspaces/raphaelauv@fastapi-aiohttp-example__99c2d449__fastapi__sanic/artifacts/cycles/cycle_013/test_results/post_migration_assessment.json,1cb251509de6d2f749eb91e417f89c7aafc713c5dd924fd7c78942d0723c7462
docs_disabled,raphaelauv@fastapi-aiohttp-example__99c2d449__fastapi__sanic,14,True,fail,post_migration_regressions,pair_capped_mini_20cycle/runs/no_api_docs_editpair_gpt54mini_fixed_test_policy_20repairs_rerun_001/workspaces/raphaelauv@fastapi-aiohttp-example__99c2d449__fastapi__sanic/artifacts/cycles/cycle_014/test_results/post_migration_assessment.json,1cb251509de6d2f749eb91e417f89c7aafc713c5dd924fd7c78942d0723c7462
docs_disabled,raphaelauv@fastapi-aiohttp-example__99c2d449__fastapi__sanic,15,True,pass,ok,pair_capped_mini_20cycle/runs/no_api_docs_editpair_gpt54mini_fixed_test_policy_20repairs_rerun_001/workspaces/raphaelauv@fastapi-aiohttp-example__99c2d449__fastapi__sanic/artifacts/cycles/cycle_015/test_results/post_migration_assessment.json,0c153b434d6c5f0880d306468830daa1f9c2cc21d797a6f2789f04b6774f5867
docs_disabled,rochacbruno@dundie-rewards__e35d6be5__httpx__aiohttp,1,True,pass,ok,pair_capped_mini_20cycle/runs/no_api_docs_editpair_gpt54mini_fixed_test_policy_20repairs_rerun_001/workspaces/rochacbruno@dundie-rewards__e35d6be5__httpx__aiohttp/artifacts/cycles/cycle_001/test_results/post_migration_assessment.json,552436fc4aa011b6e6d4d648460b8b0b5357a078c0a08ffb2adb83e57363603b
docs_disabled,rochacbruno@dundie-rewards__e35d6be5__httpx__requests,1,True,pass,ok,pair_capped_mini_20cycle/runs/no_api_docs_editpair_gpt54mini_fixed_test_policy_20repairs_rerun_001/workspaces/rochacbruno@dundie-rewards__e35d6be5__httpx__requests/artifacts/cycles/cycle_001/test_results/post_migration_assessment.json,f953b1d6e86095da9ac4091a9d26640f182311a824854096e524e813fc93c5e8
docs_disabled,rochacbruno@dundie-rewards__e35d6be5__httpx__urllib3,1,True,pass,ok,pair_capped_mini_20cycle/runs/no_api_docs_editpair_gpt54mini_fixed_test_policy_20repairs_rerun_001/workspaces/rochacbruno@dundie-rewards__e35d6be5__httpx__urllib3/artifacts/cycles/cycle_001/test_results/post_migration_assessment.json,de8036e9b26b3ef153fe2ae9c972ea53791b30bcaf869b7c934004f9a98fea07
docs_disabled,seamile@jsonfmt__c6f6d17f__toml__tomli,1,True,fail,post_migration_regressions,pair_capped_mini_20cycle/runs/no_api_docs_editpair_gpt54mini_fixed_test_policy_20repairs_rerun_001/workspaces/seamile@jsonfmt__c6f6d17f__toml__tomli/artifacts/cycles/cycle_001/test_results/post_migration_assessment.json,e00a915897460ec9a7e03ec0ae566165b099f1425c86296b10cab4cddb92c3b0
docs_disabled,seamile@jsonfmt__c6f6d17f__toml__tomli,2,True,pass,ok,pair_capped_mini_20cycle/runs/no_api_docs_editpair_gpt54mini_fixed_test_policy_20repairs_rerun_001/workspaces/seamile@jsonfmt__c6f6d17f__toml__tomli/artifacts/cycles/cycle_002/test_results/post_migration_assessment.json,6f75ee0a7cb241b4fb7c176b152cd8a996f6139e36f3f1007049cd8267ad4483
docs_disabled,securisec@chepy__15beb6d7__colorama__rich,1,True,pass,ok,pair_capped_mini_20cycle/runs/no_api_docs_editpair_gpt54mini_fixed_test_policy_20repairs_rerun_001/workspaces/securisec@chepy__15beb6d7__colorama__rich/artifacts/cycles/cycle_001/test_results/post_migration_assessment.json,805cadde073f6d6c4e6b3b12e8af48c31c71ef40743f097b4af031f78720493e
docs_disabled,smartystreets@smartystreets-python-sdk__af56ea7f__requests__aiohttp,1,True,fail,post_migration_regressions,pair_capped_mini_20cycle/runs/no_api_docs_editpair_gpt54mini_fixed_test_policy_20repairs_rerun_001/workspaces/smartystreets@smartystreets-python-sdk__af56ea7f__requests__aiohttp/artifacts/cycles/cycle_001/test_results/post_migration_assessment.json,911eaa6625f1f16fda12489da50b6198b21195a08d28dc84793aa4cc8c5c3baa
docs_disabled,smartystreets@smartystreets-python-sdk__af56ea7f__requests__aiohttp,2,True,fail,after_validation_anomaly,pair_capped_mini_20cycle/runs/no_api_docs_editpair_gpt54mini_fixed_test_policy_20repairs_rerun_001/workspaces/smartystreets@smartystreets-python-sdk__af56ea7f__requests__aiohttp/artifacts/cycles/cycle_002/test_results/post_migration_assessment.json,17e9be16ecdd3ff39cbdd1cfa449e242d57eacb2066182800b915a09ddd464a3
docs_disabled,smartystreets@smartystreets-python-sdk__af56ea7f__requests__aiohttp,3,True,fail,post_migration_regressions,pair_capped_mini_20cycle/runs/no_api_docs_editpair_gpt54mini_fixed_test_policy_20repairs_rerun_001/workspaces/smartystreets@smartystreets-python-sdk__af56ea7f__requests__aiohttp/artifacts/cycles/cycle_003/test_results/post_migration_assessment.json,129fd6ecb82ef34c77d7e6c8f7f11c97ae9243eece8252d09ed57dbd50b03a4f
docs_disabled,smartystreets@smartystreets-python-sdk__af56ea7f__requests__aiohttp,4,True,fail,post_migration_regressions,pair_capped_mini_20cycle/runs/no_api_docs_editpair_gpt54mini_fixed_test_policy_20repairs_rerun_001/workspaces/smartystreets@smartystreets-python-sdk__af56ea7f__requests__aiohttp/artifacts/cycles/cycle_004/test_results/post_migration_assessment.json,129fd6ecb82ef34c77d7e6c8f7f11c97ae9243eece8252d09ed57dbd50b03a4f
docs_disabled,smartystreets@smartystreets-python-sdk__af56ea7f__requests__aiohttp,5,True,fail,post_migration_regressions,pair_capped_mini_20cycle/runs/no_api_docs_editpair_gpt54mini_fixed_test_policy_20repairs_rerun_001/workspaces/smartystreets@smartystreets-python-sdk__af56ea7f__requests__aiohttp/artifacts/cycles/cycle_005/test_results/post_migration_assessment.json,129fd6ecb82ef34c77d7e6c8f7f11c97ae9243eece8252d09ed57dbd50b03a4f
docs_disabled,smartystreets@smartystreets-python-sdk__af56ea7f__requests__aiohttp,6,True,fail,post_migration_regressions,pair_capped_mini_20cycle/runs/no_api_docs_editpair_gpt54mini_fixed_test_policy_20repairs_rerun_001/workspaces/smartystreets@smartystreets-python-sdk__af56ea7f__requests__aiohttp/artifacts/cycles/cycle_006/test_results/post_migration_assessment.json,224cad6bbe795c5cb77d99e178815621052a2c8c6fac075b53f2bcd4d7d8d216
docs_disabled,smartystreets@smartystreets-python-sdk__af56ea7f__requests__aiohttp,7,True,fail,post_migration_regressions,pair_capped_mini_20cycle/runs/no_api_docs_editpair_gpt54mini_fixed_test_policy_20repairs_rerun_001/workspaces/smartystreets@smartystreets-python-sdk__af56ea7f__requests__aiohttp/artifacts/cycles/cycle_007/test_results/post_migration_assessment.json,224cad6bbe795c5cb77d99e178815621052a2c8c6fac075b53f2bcd4d7d8d216
docs_disabled,smartystreets@smartystreets-python-sdk__af56ea7f__requests__aiohttp,8,True,fail,post_migration_regressions,pair_capped_mini_20cycle/runs/no_api_docs_editpair_gpt54mini_fixed_test_policy_20repairs_rerun_001/workspaces/smartystreets@smartystreets-python-sdk__af56ea7f__requests__aiohttp/artifacts/cycles/cycle_008/test_results/post_migration_assessment.json,224cad6bbe795c5cb77d99e178815621052a2c8c6fac075b53f2bcd4d7d8d216
docs_disabled,smartystreets@smartystreets-python-sdk__af56ea7f__requests__aiohttp,9,True,fail,post_migration_regressions,pair_capped_mini_20cycle/runs/no_api_docs_editpair_gpt54mini_fixed_test_policy_20repairs_rerun_001/workspaces/smartystreets@smartystreets-python-sdk__af56ea7f__requests__aiohttp/artifacts/cycles/cycle_009/test_results/post_migration_assessment.json,224cad6bbe795c5cb77d99e178815621052a2c8c6fac075b53f2bcd4d7d8d216
docs_disabled,smartystreets@smartystreets-python-sdk__af56ea7f__requests__aiohttp,10,True,fail,post_migration_regressions,pair_capped_mini_20cycle/runs/no_api_docs_editpair_gpt54mini_fixed_test_policy_20repairs_rerun_001/workspaces/smartystreets@smartystreets-python-sdk__af56ea7f__requests__aiohttp/artifacts/cycles/cycle_010/test_results/post_migration_assessment.json,224cad6bbe795c5cb77d99e178815621052a2c8c6fac075b53f2bcd4d7d8d216
docs_disabled,smartystreets@smartystreets-python-sdk__af56ea7f__requests__aiohttp,11,True,fail,post_migration_regressions,pair_capped_mini_20cycle/runs/no_api_docs_editpair_gpt54mini_fixed_test_policy_20repairs_rerun_001/workspaces/smartystreets@smartystreets-python-sdk__af56ea7f__requests__aiohttp/artifacts/cycles/cycle_011/test_results/post_migration_assessment.json,224cad6bbe795c5cb77d99e178815621052a2c8c6fac075b53f2bcd4d7d8d216
docs_disabled,smartystreets@smartystreets-python-sdk__af56ea7f__requests__aiohttp,12,True,fail,post_migration_regressions,pair_capped_mini_20cycle/runs/no_api_docs_editpair_gpt54mini_fixed_test_policy_20repairs_rerun_001/workspaces/smartystreets@smartystreets-python-sdk__af56ea7f__requests__aiohttp/artifacts/cycles/cycle_012/test_results/post_migration_assessment.json,224cad6bbe795c5cb77d99e178815621052a2c8c6fac075b53f2bcd4d7d8d216
docs_disabled,smartystreets@smartystreets-python-sdk__af56ea7f__requests__aiohttp,13,True,fail,post_migration_regressions,pair_capped_mini_20cycle/runs/no_api_docs_editpair_gpt54mini_fixed_test_policy_20repairs_rerun_001/workspaces/smartystreets@smartystreets-python-sdk__af56ea7f__requests__aiohttp/artifacts/cycles/cycle_013/test_results/post_migration_assessment.json,224cad6bbe795c5cb77d99e178815621052a2c8c6fac075b53f2bcd4d7d8d216
docs_disabled,smartystreets@smartystreets-python-sdk__af56ea7f__requests__aiohttp,14,True,fail,post_migration_regressions,pair_capped_mini_20cycle/runs/no_api_docs_editpair_gpt54mini_fixed_test_policy_20repairs_rerun_001/workspaces/smartystreets@smartystreets-python-sdk__af56ea7f__requests__aiohttp/artifacts/cycles/cycle_014/test_results/post_migration_assessment.json,224cad6bbe795c5cb77d99e178815621052a2c8c6fac075b53f2bcd4d7d8d216
docs_disabled,smartystreets@smartystreets-python-sdk__af56ea7f__requests__aiohttp,15,True,fail,post_migration_regressions,pair_capped_mini_20cycle/runs/no_api_docs_editpair_gpt54mini_fixed_test_policy_20repairs_rerun_001/workspaces/smartystreets@smartystreets-python-sdk__af56ea7f__requests__aiohttp/artifacts/cycles/cycle_015/test_results/post_migration_assessment.json,224cad6bbe795c5cb77d99e178815621052a2c8c6fac075b53f2bcd4d7d8d216
docs_disabled,smartystreets@smartystreets-python-sdk__af56ea7f__requests__aiohttp,16,True,fail,post_migration_regressions,pair_capped_mini_20cycle/runs/no_api_docs_editpair_gpt54mini_fixed_test_policy_20repairs_rerun_001/workspaces/smartystreets@smartystreets-python-sdk__af56ea7f__requests__aiohttp/artifacts/cycles/cycle_016/test_results/post_migration_assessment.json,224cad6bbe795c5cb77d99e178815621052a2c8c6fac075b53f2bcd4d7d8d216
docs_disabled,smartystreets@smartystreets-python-sdk__af56ea7f__requests__aiohttp,17,True,fail,post_migration_regressions,pair_capped_mini_20cycle/runs/no_api_docs_editpair_gpt54mini_fixed_test_policy_20repairs_rerun_001/workspaces/smartystreets@smartystreets-python-sdk__af56ea7f__requests__aiohttp/artifacts/cycles/cycle_017/test_results/post_migration_assessment.json,224cad6bbe795c5cb77d99e178815621052a2c8c6fac075b53f2bcd4d7d8d216
docs_disabled,smartystreets@smartystreets-python-sdk__af56ea7f__requests__aiohttp,18,True,fail,post_migration_regressions,pair_capped_mini_20cycle/runs/no_api_docs_editpair_gpt54mini_fixed_test_policy_20repairs_rerun_001/workspaces/smartystreets@smartystreets-python-sdk__af56ea7f__requests__aiohttp/artifacts/cycles/cycle_018/test_results/post_migration_assessment.json,224cad6bbe795c5cb77d99e178815621052a2c8c6fac075b53f2bcd4d7d8d216
docs_disabled,smartystreets@smartystreets-python-sdk__af56ea7f__requests__aiohttp,19,True,fail,post_migration_regressions,pair_capped_mini_20cycle/runs/no_api_docs_editpair_gpt54mini_fixed_test_policy_20repairs_rerun_001/workspaces/smartystreets@smartystreets-python-sdk__af56ea7f__requests__aiohttp/artifacts/cycles/cycle_019/test_results/post_migration_assessment.json,224cad6bbe795c5cb77d99e178815621052a2c8c6fac075b53f2bcd4d7d8d216
docs_disabled,smartystreets@smartystreets-python-sdk__af56ea7f__requests__aiohttp,20,True,fail,post_migration_regressions,pair_capped_mini_20cycle/runs/no_api_docs_editpair_gpt54mini_fixed_test_policy_20repairs_rerun_001/workspaces/smartystreets@smartystreets-python-sdk__af56ea7f__requests__aiohttp/artifacts/cycles/cycle_020/test_results/post_migration_assessment.json,224cad6bbe795c5cb77d99e178815621052a2c8c6fac075b53f2bcd4d7d8d216
docs_disabled,smartystreets@smartystreets-python-sdk__af56ea7f__requests__aiohttp,21,True,fail,post_migration_regressions,pair_capped_mini_20cycle/runs/no_api_docs_editpair_gpt54mini_fixed_test_policy_20repairs_rerun_001/workspaces/smartystreets@smartystreets-python-sdk__af56ea7f__requests__aiohttp/artifacts/cycles/cycle_021/test_results/post_migration_assessment.json,224cad6bbe795c5cb77d99e178815621052a2c8c6fac075b53f2bcd4d7d8d216
docs_disabled,spiketools@spiketools__3df1ec3a__matplotlib__altair,1,True,fail,post_migration_regressions,pair_capped_mini_20cycle/runs/no_api_docs_editpair_gpt54mini_fixed_test_policy_20repairs_rerun_001/workspaces/spiketools@spiketools__3df1ec3a__matplotlib__altair/artifacts/cycles/cycle_001/test_results/post_migration_assessment.json,c828481a3201d07c448b6c6c24c07ef80ae330dd3fbec559206449c4f9e43f1f
docs_disabled,spiketools@spiketools__3df1ec3a__matplotlib__altair,2,True,fail,post_migration_regressions,pair_capped_mini_20cycle/runs/no_api_docs_editpair_gpt54mini_fixed_test_policy_20repairs_rerun_001/workspaces/spiketools@spiketools__3df1ec3a__matplotlib__altair/artifacts/cycles/cycle_002/test_results/post_migration_assessment.json,7479676793fb53692b3cf26103a9900216ab830230c5e9a18743d006fdc0d648
docs_disabled,spiketools@spiketools__3df1ec3a__matplotlib__altair,3,True,pass,ok,pair_capped_mini_20cycle/runs/no_api_docs_editpair_gpt54mini_fixed_test_policy_20repairs_rerun_001/workspaces/spiketools@spiketools__3df1ec3a__matplotlib__altair/artifacts/cycles/cycle_003/test_results/post_migration_assessment.json,45979c148ff26262ae1fc349ad543b8d2f2f44bf3a9cbcd2e5593ebe6d40369d
docs_disabled,stefanschinkel@gantt__28be0938__matplotlib__seaborn,1,True,fail,post_migration_regressions,pair_capped_mini_20cycle/runs/no_api_docs_editpair_gpt54mini_fixed_test_policy_20repairs_rerun_001/workspaces/stefanschinkel@gantt__28be0938__matplotlib__seaborn/artifacts/cycles/cycle_001/test_results/post_migration_assessment.json,3a9737cf65168fe09b4185213982503cae821abdad8deb43610372c46e80270c
docs_disabled,stefanschinkel@gantt__28be0938__matplotlib__seaborn,2,True,pass,ok,pair_capped_mini_20cycle/runs/no_api_docs_editpair_gpt54mini_fixed_test_policy_20repairs_rerun_001/workspaces/stefanschinkel@gantt__28be0938__matplotlib__seaborn/artifacts/cycles/cycle_002/test_results/post_migration_assessment.json,cf4072b39d0bc14b45b11927fc87f587107e647acb1c2da6a90ad40b765001c9
docs_disabled,suadelabs@rattr__e9fa5ef3__attrs__cattrs,1,False,,,,
docs_disabled,treasure-data@td-client-python__099f9578__urllib3__aiohttp,1,True,fail,post_migration_regressions,pair_capped_mini_20cycle/runs/no_api_docs_editpair_gpt54mini_fixed_test_policy_20repairs_rerun_001/workspaces/treasure-data@td-client-python__099f9578__urllib3__aiohttp/artifacts/cycles/cycle_001/test_results/post_migration_assessment.json,c0361710509dfa92b5ace7eb5e0e8d6755d9f43f9250ec8beae7d7786c90e93b
docs_disabled,treasure-data@td-client-python__099f9578__urllib3__aiohttp,2,True,fail,post_migration_regressions,pair_capped_mini_20cycle/runs/no_api_docs_editpair_gpt54mini_fixed_test_policy_20repairs_rerun_001/workspaces/treasure-data@td-client-python__099f9578__urllib3__aiohttp/artifacts/cycles/cycle_002/test_results/post_migration_assessment.json,a2415ccdf360eb73a7d640a05d3d2b2cc29e4fe54495aa3574bc731ad0fe719f
docs_disabled,treasure-data@td-client-python__099f9578__urllib3__aiohttp,3,True,pass,ok,pair_capped_mini_20cycle/runs/no_api_docs_editpair_gpt54mini_fixed_test_policy_20repairs_rerun_001/workspaces/treasure-data@td-client-python__099f9578__urllib3__aiohttp/artifacts/cycles/cycle_003/test_results/post_migration_assessment.json,d5ef961decc5691105b3f954282c26b309c0cd54c8819134cc7bf5f4e0cafe8c
docs_disabled,uploadcare@migro__31199fb3__aiohttp__httpx,1,True,fail,after_validation_anomaly,pair_capped_mini_20cycle/runs/no_api_docs_editpair_gpt54mini_fixed_test_policy_20repairs_rerun_001/workspaces/uploadcare@migro__31199fb3__aiohttp__httpx/artifacts/cycles/cycle_001/test_results/post_migration_assessment.json,b03d3be7cea0b5ff9b3dae734cbcec8e7145af2abc58e9d0160493b9728798fa
docs_disabled,uploadcare@migro__31199fb3__aiohttp__httpx,2,True,fail,post_migration_regressions,pair_capped_mini_20cycle/runs/no_api_docs_editpair_gpt54mini_fixed_test_policy_20repairs_rerun_001/workspaces/uploadcare@migro__31199fb3__aiohttp__httpx/artifacts/cycles/cycle_002/test_results/post_migration_assessment.json,0963cc0a6f48bb95271c331271717dbd7197d884885e8aef40144c3670fb5937
docs_disabled,uploadcare@migro__31199fb3__aiohttp__httpx,3,True,pass,ok,pair_capped_mini_20cycle/runs/no_api_docs_editpair_gpt54mini_fixed_test_policy_20repairs_rerun_001/workspaces/uploadcare@migro__31199fb3__aiohttp__httpx/artifacts/cycles/cycle_003/test_results/post_migration_assessment.json,fe8bce23109ebb5bca35e19532c9f9d2c6278723ef317caf682114f01a697f4c
docs_disabled,usda-ars-ussl@fluxpart__248f0b59__attrs__cattrs,1,True,fail,after_validation_anomaly,pair_capped_mini_20cycle/runs/no_api_docs_editpair_gpt54mini_fixed_test_policy_20repairs_rerun_001/workspaces/usda-ars-ussl@fluxpart__248f0b59__attrs__cattrs/artifacts/cycles/cycle_001/test_results/post_migration_assessment.json,f0ff136380bf74d5a57f2373d2c2dfd242f37cde17a4b2daa939cf89e053bb3b
docs_disabled,usda-ars-ussl@fluxpart__248f0b59__attrs__cattrs,2,True,pass,ok,pair_capped_mini_20cycle/runs/no_api_docs_editpair_gpt54mini_fixed_test_policy_20repairs_rerun_001/workspaces/usda-ars-ussl@fluxpart__248f0b59__attrs__cattrs/artifacts/cycles/cycle_002/test_results/post_migration_assessment.json,8680c78bd79ab9d02f553ff19559218f72721cb251af99d66bada295b6ae7ec7
docs_disabled,yihong0618@klingcreator__e567c6a1__requests__aiohttp,1,True,fail,post_migration_regressions,pair_capped_mini_20cycle/runs/no_api_docs_editpair_gpt54mini_fixed_test_policy_20repairs_rerun_001/workspaces/yihong0618@klingcreator__e567c6a1__requests__aiohttp/artifacts/cycles/cycle_001/test_results/post_migration_assessment.json,fe5b6791ee0ffd9f43d9355c68d559941a75102c5bd61b153a2deb8d727abd15
docs_disabled,yihong0618@klingcreator__e567c6a1__requests__aiohttp,2,True,fail,after_validation_anomaly,pair_capped_mini_20cycle/runs/no_api_docs_editpair_gpt54mini_fixed_test_policy_20repairs_rerun_001/workspaces/yihong0618@klingcreator__e567c6a1__requests__aiohttp/artifacts/cycles/cycle_002/test_results/post_migration_assessment.json,f64acf981a32b95657874f8c94f58824b8fbc8ad9677b59437bcc94cf2189eb0
docs_disabled,yihong0618@klingcreator__e567c6a1__requests__aiohttp,3,True,fail,post_migration_regressions,pair_capped_mini_20cycle/runs/no_api_docs_editpair_gpt54mini_fixed_test_policy_20repairs_rerun_001/workspaces/yihong0618@klingcreator__e567c6a1__requests__aiohttp/artifacts/cycles/cycle_003/test_results/post_migration_assessment.json,b8e79a580798c224e320f80e6565bedb289c6bbe5ac88d0181cdb7d7f44e3d92
docs_disabled,yihong0618@klingcreator__e567c6a1__requests__aiohttp,4,True,fail,post_migration_regressions,pair_capped_mini_20cycle/runs/no_api_docs_editpair_gpt54mini_fixed_test_policy_20repairs_rerun_001/workspaces/yihong0618@klingcreator__e567c6a1__requests__aiohttp/artifacts/cycles/cycle_004/test_results/post_migration_assessment.json,fe5b6791ee0ffd9f43d9355c68d559941a75102c5bd61b153a2deb8d727abd15
docs_disabled,yihong0618@klingcreator__e567c6a1__requests__aiohttp,5,True,pass,ok,pair_capped_mini_20cycle/runs/no_api_docs_editpair_gpt54mini_fixed_test_policy_20repairs_rerun_001/workspaces/yihong0618@klingcreator__e567c6a1__requests__aiohttp/artifacts/cycles/cycle_005/test_results/post_migration_assessment.json,6319d26b81dd72af242aafe3d1fdd187d93eab5a9a42ab0c0972fe0c8c7cb025
docs_disabled,yihong0618@klingcreator__e567c6a1__requests__urllib3,1,True,fail,post_migration_regressions,pair_capped_mini_20cycle/runs/no_api_docs_editpair_gpt54mini_fixed_test_policy_20repairs_rerun_001/workspaces/yihong0618@klingcreator__e567c6a1__requests__urllib3/artifacts/cycles/cycle_001/test_results/post_migration_assessment.json,be78a4ac5225ef536d6d59f70c683bf95c963b73329d7885fe96b111ceeedcac
docs_disabled,yihong0618@klingcreator__e567c6a1__requests__urllib3,2,True,fail,post_migration_regressions,pair_capped_mini_20cycle/runs/no_api_docs_editpair_gpt54mini_fixed_test_policy_20repairs_rerun_001/workspaces/yihong0618@klingcreator__e567c6a1__requests__urllib3/artifacts/cycles/cycle_002/test_results/post_migration_assessment.json,be78a4ac5225ef536d6d59f70c683bf95c963b73329d7885fe96b111ceeedcac
docs_disabled,yihong0618@klingcreator__e567c6a1__requests__urllib3,3,True,fail,post_migration_regressions,pair_capped_mini_20cycle/runs/no_api_docs_editpair_gpt54mini_fixed_test_policy_20repairs_rerun_001/workspaces/yihong0618@klingcreator__e567c6a1__requests__urllib3/artifacts/cycles/cycle_003/test_results/post_migration_assessment.json,be78a4ac5225ef536d6d59f70c683bf95c963b73329d7885fe96b111ceeedcac
docs_disabled,yihong0618@klingcreator__e567c6a1__requests__urllib3,4,True,fail,post_migration_regressions,pair_capped_mini_20cycle/runs/no_api_docs_editpair_gpt54mini_fixed_test_policy_20repairs_rerun_001/workspaces/yihong0618@klingcreator__e567c6a1__requests__urllib3/artifacts/cycles/cycle_004/test_results/post_migration_assessment.json,be78a4ac5225ef536d6d59f70c683bf95c963b73329d7885fe96b111ceeedcac
docs_disabled,yihong0618@klingcreator__e567c6a1__requests__urllib3,5,True,fail,post_migration_regressions,pair_capped_mini_20cycle/runs/no_api_docs_editpair_gpt54mini_fixed_test_policy_20repairs_rerun_001/workspaces/yihong0618@klingcreator__e567c6a1__requests__urllib3/artifacts/cycles/cycle_005/test_results/post_migration_assessment.json,be78a4ac5225ef536d6d59f70c683bf95c963b73329d7885fe96b111ceeedcac
docs_disabled,yihong0618@klingcreator__e567c6a1__requests__urllib3,6,True,fail,post_migration_regressions,pair_capped_mini_20cycle/runs/no_api_docs_editpair_gpt54mini_fixed_test_policy_20repairs_rerun_001/workspaces/yihong0618@klingcreator__e567c6a1__requests__urllib3/artifacts/cycles/cycle_006/test_results/post_migration_assessment.json,be78a4ac5225ef536d6d59f70c683bf95c963b73329d7885fe96b111ceeedcac
docs_disabled,yihong0618@klingcreator__e567c6a1__requests__urllib3,7,True,fail,post_migration_regressions,pair_capped_mini_20cycle/runs/no_api_docs_editpair_gpt54mini_fixed_test_policy_20repairs_rerun_001/workspaces/yihong0618@klingcreator__e567c6a1__requests__urllib3/artifacts/cycles/cycle_007/test_results/post_migration_assessment.json,be78a4ac5225ef536d6d59f70c683bf95c963b73329d7885fe96b111ceeedcac
docs_disabled,yihong0618@klingcreator__e567c6a1__requests__urllib3,8,True,fail,post_migration_regressions,pair_capped_mini_20cycle/runs/no_api_docs_editpair_gpt54mini_fixed_test_policy_20repairs_rerun_001/workspaces/yihong0618@klingcreator__e567c6a1__requests__urllib3/artifacts/cycles/cycle_008/test_results/post_migration_assessment.json,be78a4ac5225ef536d6d59f70c683bf95c963b73329d7885fe96b111ceeedcac
docs_disabled,yihong0618@klingcreator__e567c6a1__requests__urllib3,9,True,fail,post_migration_regressions,pair_capped_mini_20cycle/runs/no_api_docs_editpair_gpt54mini_fixed_test_policy_20repairs_rerun_001/workspaces/yihong0618@klingcreator__e567c6a1__requests__urllib3/artifacts/cycles/cycle_009/test_results/post_migration_assessment.json,be78a4ac5225ef536d6d59f70c683bf95c963b73329d7885fe96b111ceeedcac
docs_disabled,yihong0618@klingcreator__e567c6a1__requests__urllib3,10,True,fail,post_migration_regressions,pair_capped_mini_20cycle/runs/no_api_docs_editpair_gpt54mini_fixed_test_policy_20repairs_rerun_001/workspaces/yihong0618@klingcreator__e567c6a1__requests__urllib3/artifacts/cycles/cycle_010/test_results/post_migration_assessment.json,be78a4ac5225ef536d6d59f70c683bf95c963b73329d7885fe96b111ceeedcac
docs_disabled,yihong0618@klingcreator__e567c6a1__requests__urllib3,11,True,fail,post_migration_regressions,pair_capped_mini_20cycle/runs/no_api_docs_editpair_gpt54mini_fixed_test_policy_20repairs_rerun_001/workspaces/yihong0618@klingcreator__e567c6a1__requests__urllib3/artifacts/cycles/cycle_011/test_results/post_migration_assessment.json,be78a4ac5225ef536d6d59f70c683bf95c963b73329d7885fe96b111ceeedcac
docs_disabled,yihong0618@klingcreator__e567c6a1__requests__urllib3,12,True,fail,post_migration_regressions,pair_capped_mini_20cycle/runs/no_api_docs_editpair_gpt54mini_fixed_test_policy_20repairs_rerun_001/workspaces/yihong0618@klingcreator__e567c6a1__requests__urllib3/artifacts/cycles/cycle_012/test_results/post_migration_assessment.json,be78a4ac5225ef536d6d59f70c683bf95c963b73329d7885fe96b111ceeedcac
docs_disabled,yihong0618@klingcreator__e567c6a1__requests__urllib3,13,True,fail,post_migration_regressions,pair_capped_mini_20cycle/runs/no_api_docs_editpair_gpt54mini_fixed_test_policy_20repairs_rerun_001/workspaces/yihong0618@klingcreator__e567c6a1__requests__urllib3/artifacts/cycles/cycle_013/test_results/post_migration_assessment.json,be78a4ac5225ef536d6d59f70c683bf95c963b73329d7885fe96b111ceeedcac
docs_disabled,yihong0618@klingcreator__e567c6a1__requests__urllib3,14,True,fail,post_migration_regressions,pair_capped_mini_20cycle/runs/no_api_docs_editpair_gpt54mini_fixed_test_policy_20repairs_rerun_001/workspaces/yihong0618@klingcreator__e567c6a1__requests__urllib3/artifacts/cycles/cycle_014/test_results/post_migration_assessment.json,be78a4ac5225ef536d6d59f70c683bf95c963b73329d7885fe96b111ceeedcac
docs_disabled,yihong0618@klingcreator__e567c6a1__requests__urllib3,15,True,fail,post_migration_regressions,pair_capped_mini_20cycle/runs/no_api_docs_editpair_gpt54mini_fixed_test_policy_20repairs_rerun_001/workspaces/yihong0618@klingcreator__e567c6a1__requests__urllib3/artifacts/cycles/cycle_015/test_results/post_migration_assessment.json,be78a4ac5225ef536d6d59f70c683bf95c963b73329d7885fe96b111ceeedcac
docs_disabled,yihong0618@klingcreator__e567c6a1__requests__urllib3,16,True,fail,post_migration_regressions,pair_capped_mini_20cycle/runs/no_api_docs_editpair_gpt54mini_fixed_test_policy_20repairs_rerun_001/workspaces/yihong0618@klingcreator__e567c6a1__requests__urllib3/artifacts/cycles/cycle_016/test_results/post_migration_assessment.json,be78a4ac5225ef536d6d59f70c683bf95c963b73329d7885fe96b111ceeedcac
docs_disabled,yihong0618@klingcreator__e567c6a1__requests__urllib3,17,True,fail,post_migration_regressions,pair_capped_mini_20cycle/runs/no_api_docs_editpair_gpt54mini_fixed_test_policy_20repairs_rerun_001/workspaces/yihong0618@klingcreator__e567c6a1__requests__urllib3/artifacts/cycles/cycle_017/test_results/post_migration_assessment.json,be78a4ac5225ef536d6d59f70c683bf95c963b73329d7885fe96b111ceeedcac
docs_disabled,yihong0618@klingcreator__e567c6a1__requests__urllib3,18,True,fail,post_migration_regressions,pair_capped_mini_20cycle/runs/no_api_docs_editpair_gpt54mini_fixed_test_policy_20repairs_rerun_001/workspaces/yihong0618@klingcreator__e567c6a1__requests__urllib3/artifacts/cycles/cycle_018/test_results/post_migration_assessment.json,be78a4ac5225ef536d6d59f70c683bf95c963b73329d7885fe96b111ceeedcac
docs_disabled,yihong0618@klingcreator__e567c6a1__requests__urllib3,19,True,fail,post_migration_regressions,pair_capped_mini_20cycle/runs/no_api_docs_editpair_gpt54mini_fixed_test_policy_20repairs_rerun_001/workspaces/yihong0618@klingcreator__e567c6a1__requests__urllib3/artifacts/cycles/cycle_019/test_results/post_migration_assessment.json,be78a4ac5225ef536d6d59f70c683bf95c963b73329d7885fe96b111ceeedcac
docs_disabled,yihong0618@klingcreator__e567c6a1__requests__urllib3,20,True,fail,post_migration_regressions,pair_capped_mini_20cycle/runs/no_api_docs_editpair_gpt54mini_fixed_test_policy_20repairs_rerun_001/workspaces/yihong0618@klingcreator__e567c6a1__requests__urllib3/artifacts/cycles/cycle_020/test_results/post_migration_assessment.json,be78a4ac5225ef536d6d59f70c683bf95c963b73329d7885fe96b111ceeedcac
docs_disabled,yihong0618@klingcreator__e567c6a1__requests__urllib3,21,True,fail,post_migration_regressions,pair_capped_mini_20cycle/runs/no_api_docs_editpair_gpt54mini_fixed_test_policy_20repairs_rerun_001/workspaces/yihong0618@klingcreator__e567c6a1__requests__urllib3/artifacts/cycles/cycle_021/test_results/post_migration_assessment.json,be78a4ac5225ef536d6d59f70c683bf95c963b73329d7885fe96b111ceeedcac
