case_id,repo_id,source_library,target_library,disposition,reason
12932@cf-speedtest__78d9ee1d__requests__aiohttp,12932@cf-speedtest__78d9ee1d,requests,aiohttp,retained_full_594,Included in the published full_594 evaluation set.
12932@cf-speedtest__78d9ee1d__requests__httpx,12932@cf-speedtest__78d9ee1d,requests,httpx,retained_full_594,Included in the published full_594 evaluation set.
12932@cf-speedtest__78d9ee1d__requests__pycurl,12932@cf-speedtest__78d9ee1d,requests,pycurl,retained_full_594,Included in the published full_594 evaluation set.
12932@cf-speedtest__78d9ee1d__requests__requests_futures,12932@cf-speedtest__78d9ee1d,requests,requests_futures,retained_full_594,Included in the published full_594 evaluation set.
12932@cf-speedtest__78d9ee1d__requests__treq,12932@cf-speedtest__78d9ee1d,requests,treq,retained_full_594,Included in the published full_594 evaluation set.
12932@cf-speedtest__78d9ee1d__requests__urllib3,12932@cf-speedtest__78d9ee1d,requests,urllib3,retained_full_594,Included in the published full_594 evaluation set.
abinthomasonline@repopack-py__dc2b9243__chardet__cchardet,abinthomasonline@repopack-py__dc2b9243,chardet,cchardet,retained_full_594,Included in the published full_594 evaluation set.
abinthomasonline@repopack-py__dc2b9243__chardet__charset-normalizer,abinthomasonline@repopack-py__dc2b9243,chardet,charset-normalizer,retained_full_594,Included in the published full_594 evaluation set.
abinthomasonline@repopack-py__dc2b9243__colorama__rich,abinthomasonline@repopack-py__dc2b9243,colorama,rich,retained_full_594,Included in the published full_594 evaluation set.
abinthomasonline@repopack-py__dc2b9243__colorama__termcolor,abinthomasonline@repopack-py__dc2b9243,colorama,termcolor,retained_full_594,Included in the published full_594 evaluation set.
aeroflorian@msteamsadaptivecard__417a13db__requests__aiohttp,aeroflorian@msteamsadaptivecard__417a13db,requests,aiohttp,retained_full_594,Included in the published full_594 evaluation set.
aeroflorian@msteamsadaptivecard__417a13db__requests__httpx,aeroflorian@msteamsadaptivecard__417a13db,requests,httpx,retained_full_594,Included in the published full_594 evaluation set.
aeroflorian@msteamsadaptivecard__417a13db__requests__pycurl,aeroflorian@msteamsadaptivecard__417a13db,requests,pycurl,retained_full_594,Included in the published full_594 evaluation set.
aeroflorian@msteamsadaptivecard__417a13db__requests__requests_futures,aeroflorian@msteamsadaptivecard__417a13db,requests,requests_futures,retained_full_594,Included in the published full_594 evaluation set.
aeroflorian@msteamsadaptivecard__417a13db__requests__treq,aeroflorian@msteamsadaptivecard__417a13db,requests,treq,retained_full_594,Included in the published full_594 evaluation set.
aeroflorian@msteamsadaptivecard__417a13db__requests__urllib3,aeroflorian@msteamsadaptivecard__417a13db,requests,urllib3,retained_full_594,Included in the published full_594 evaluation set.
affjljoo3581@gpt2__7b159669__tqdm__alive-progress,affjljoo3581@gpt2__7b159669,tqdm,alive-progress,retained_full_594,Included in the published full_594 evaluation set.
affjljoo3581@gpt2__7b159669__tqdm__progressbar2,affjljoo3581@gpt2__7b159669,tqdm,progressbar2,retained_full_594,Included in the published full_594 evaluation set.
aio-libs@aiosmtpd__3615f5ef__attrs__cattrs,aio-libs@aiosmtpd__3615f5ef,attrs,cattrs,baseline_reproducibility,Pytest collection did not produce usable counts because current dependency/tooling behavior turned a conftest import path into an import failure.
alanhamlett@pip-update-requirements__e407b929__click__plac,alanhamlett@pip-update-requirements__e407b929,click,plac,baseline_reproducibility,"The project depends on old pip internals that are no longer available in the reproduced environment, so tests fail during collection."
alanhamlett@pip-update-requirements__e407b929__click__typer,alanhamlett@pip-update-requirements__e407b929,click,typer,baseline_reproducibility,"The project depends on old pip internals that are no longer available in the reproduced environment, so tests fail during collection."
alexferl@vyper__a0a6ea7f__toml__tomli,alexferl@vyper__a0a6ea7f,toml,tomli,retained_full_594,Included in the published full_594 evaluation set.
alexferl@vyper__a0a6ea7f__toml__tomlkit,alexferl@vyper__a0a6ea7f,toml,tomlkit,retained_full_594,Included in the published full_594 evaluation set.
alpden550@encrypt-decrypt-fields__a0029320__cryptography__pycryptodome,alpden550@encrypt-decrypt-fields__a0029320,cryptography,pycryptodome,retained_full_594,Included in the published full_594 evaluation set.
alpden550@encrypt-decrypt-fields__a0029320__sqlalchemy__sqlobject,alpden550@encrypt-decrypt-fields__a0029320,sqlalchemy,sqlobject,retained_full_594,Included in the published full_594 evaluation set.
alpden550@encrypt-decrypt-fields__a0029320__sqlalchemy__tortoise-orm,alpden550@encrypt-decrypt-fields__a0029320,sqlalchemy,tortoise-orm,retained_full_594,Included in the published full_594 evaluation set.
andreax79@python-securid__ca333b8c__cryptography__pycryptodome,andreax79@python-securid__ca333b8c,cryptography,pycryptodome,retained_full_594,Included in the published full_594 evaluation set.
andreroggeri@pynubank__3a35d906__colorama__rich,andreroggeri@pynubank__3a35d906,colorama,rich,retained_full_594,Included in the published full_594 evaluation set.
andreroggeri@pynubank__3a35d906__colorama__termcolor,andreroggeri@pynubank__3a35d906,colorama,termcolor,retained_full_594,Included in the published full_594 evaluation set.
andreroggeri@pynubank__3a35d906__requests__aiohttp,andreroggeri@pynubank__3a35d906,requests,aiohttp,retained_full_594,Included in the published full_594 evaluation set.
andreroggeri@pynubank__3a35d906__requests__httpx,andreroggeri@pynubank__3a35d906,requests,httpx,retained_full_594,Included in the published full_594 evaluation set.
andreroggeri@pynubank__3a35d906__requests__pycurl,andreroggeri@pynubank__3a35d906,requests,pycurl,retained_full_594,Included in the published full_594 evaluation set.
andreroggeri@pynubank__3a35d906__requests__requests_futures,andreroggeri@pynubank__3a35d906,requests,requests_futures,retained_full_594,Included in the published full_594 evaluation set.
andreroggeri@pynubank__3a35d906__requests__treq,andreroggeri@pynubank__3a35d906,requests,treq,retained_full_594,Included in the published full_594 evaluation set.
andreroggeri@pynubank__3a35d906__requests__urllib3,andreroggeri@pynubank__3a35d906,requests,urllib3,retained_full_594,Included in the published full_594 evaluation set.
ankane@mapkick.py__7d625d80__flask__bottle,ankane@mapkick.py__7d625d80,flask,bottle,retained_full_594,Included in the published full_594 evaluation set.
ankane@mapkick.py__7d625d80__flask__cherrypy,ankane@mapkick.py__7d625d80,flask,cherrypy,retained_full_594,Included in the published full_594 evaluation set.
ankane@mapkick.py__7d625d80__flask__fastapi,ankane@mapkick.py__7d625d80,flask,fastapi,retained_full_594,Included in the published full_594 evaluation set.
ankane@mapkick.py__7d625d80__flask__sanic,ankane@mapkick.py__7d625d80,flask,sanic,retained_full_594,Included in the published full_594 evaluation set.
ankane@mapkick.py__7d625d80__flask__tornado,ankane@mapkick.py__7d625d80,flask,tornado,retained_full_594,Included in the published full_594 evaluation set.
apple@app-store-server-library-python__1202058d__cryptography__pycryptodome,apple@app-store-server-library-python__1202058d,cryptography,pycryptodome,test_selection_applicability,Recorded as excluded by the applicable-test/test-selection filter; the archived case table does not specify a more detailed per-case cause.
apple@app-store-server-library-python__1202058d__httpx__aiohttp,apple@app-store-server-library-python__1202058d,httpx,aiohttp,retained_full_594,Included in the published full_594 evaluation set.
apple@app-store-server-library-python__1202058d__httpx__requests,apple@app-store-server-library-python__1202058d,httpx,requests,retained_full_594,Included in the published full_594 evaluation set.
apple@app-store-server-library-python__1202058d__httpx__urllib3,apple@app-store-server-library-python__1202058d,httpx,urllib3,retained_full_594,Included in the published full_594 evaluation set.
apple@app-store-server-library-python__1202058d__requests__aiohttp,apple@app-store-server-library-python__1202058d,requests,aiohttp,retained_full_594,Included in the published full_594 evaluation set.
apple@app-store-server-library-python__1202058d__requests__httpx,apple@app-store-server-library-python__1202058d,requests,httpx,retained_full_594,Included in the published full_594 evaluation set.
apple@app-store-server-library-python__1202058d__requests__pycurl,apple@app-store-server-library-python__1202058d,requests,pycurl,retained_full_594,Included in the published full_594 evaluation set.
apple@app-store-server-library-python__1202058d__requests__requests_futures,apple@app-store-server-library-python__1202058d,requests,requests_futures,retained_full_594,Included in the published full_594 evaluation set.
apple@app-store-server-library-python__1202058d__requests__treq,apple@app-store-server-library-python__1202058d,requests,treq,retained_full_594,Included in the published full_594 evaluation set.
apple@app-store-server-library-python__1202058d__requests__urllib3,apple@app-store-server-library-python__1202058d,requests,urllib3,retained_full_594,Included in the published full_594 evaluation set.
arvatoaws-labs@k8soptimizer__212a7278__requests__aiohttp,arvatoaws-labs@k8soptimizer__212a7278,requests,aiohttp,retained_full_594,Included in the published full_594 evaluation set.
arvatoaws-labs@k8soptimizer__212a7278__requests__httpx,arvatoaws-labs@k8soptimizer__212a7278,requests,httpx,retained_full_594,Included in the published full_594 evaluation set.
arvatoaws-labs@k8soptimizer__212a7278__requests__pycurl,arvatoaws-labs@k8soptimizer__212a7278,requests,pycurl,retained_full_594,Included in the published full_594 evaluation set.
arvatoaws-labs@k8soptimizer__212a7278__requests__requests_futures,arvatoaws-labs@k8soptimizer__212a7278,requests,requests_futures,retained_full_594,Included in the published full_594 evaluation set.
arvatoaws-labs@k8soptimizer__212a7278__requests__treq,arvatoaws-labs@k8soptimizer__212a7278,requests,treq,retained_full_594,Included in the published full_594 evaluation set.
arvatoaws-labs@k8soptimizer__212a7278__requests__urllib3,arvatoaws-labs@k8soptimizer__212a7278,requests,urllib3,retained_full_594,Included in the published full_594 evaluation set.
astelmach01@tinylang__7ea9f90f__python-dotenv__dynaconf,astelmach01@tinylang__7ea9f90f,python-dotenv,dynaconf,retained_full_594,Included in the published full_594 evaluation set.
astelmach01@tinylang__7ea9f90f__python-dotenv__environs,astelmach01@tinylang__7ea9f90f,python-dotenv,environs,retained_full_594,Included in the published full_594 evaluation set.
authomize@connectors-rest-api-client__3fa115d3__requests__aiohttp,authomize@connectors-rest-api-client__3fa115d3,requests,aiohttp,retained_full_594,Included in the published full_594 evaluation set.
authomize@connectors-rest-api-client__3fa115d3__requests__httpx,authomize@connectors-rest-api-client__3fa115d3,requests,httpx,retained_full_594,Included in the published full_594 evaluation set.
authomize@connectors-rest-api-client__3fa115d3__requests__pycurl,authomize@connectors-rest-api-client__3fa115d3,requests,pycurl,retained_full_594,Included in the published full_594 evaluation set.
authomize@connectors-rest-api-client__3fa115d3__requests__requests_futures,authomize@connectors-rest-api-client__3fa115d3,requests,requests_futures,retained_full_594,Included in the published full_594 evaluation set.
authomize@connectors-rest-api-client__3fa115d3__requests__treq,authomize@connectors-rest-api-client__3fa115d3,requests,treq,retained_full_594,Included in the published full_594 evaluation set.
authomize@connectors-rest-api-client__3fa115d3__requests__urllib3,authomize@connectors-rest-api-client__3fa115d3,requests,urllib3,retained_full_594,Included in the published full_594 evaluation set.
avast@ep-stats__95f8d93e__fastapi__sanic,avast@ep-stats__95f8d93e,fastapi,sanic,retained_full_594,Included in the published full_594 evaluation set.
avinassh@haxor__8c0cb6be__aiohttp__httpx,avinassh@haxor__8c0cb6be,aiohttp,httpx,baseline_reproducibility,The repository did not yield a usable baseline test set because pytest collection failed under the current pytest/plugin stack.
avinassh@haxor__8c0cb6be__requests__aiohttp,avinassh@haxor__8c0cb6be,requests,aiohttp,baseline_reproducibility,The repository did not yield a usable baseline test set because pytest collection failed under the current pytest/plugin stack.
avinassh@haxor__8c0cb6be__requests__httpx,avinassh@haxor__8c0cb6be,requests,httpx,baseline_reproducibility,The repository did not yield a usable baseline test set because pytest collection failed under the current pytest/plugin stack.
avinassh@haxor__8c0cb6be__requests__pycurl,avinassh@haxor__8c0cb6be,requests,pycurl,baseline_reproducibility,The repository did not yield a usable baseline test set because pytest collection failed under the current pytest/plugin stack.
avinassh@haxor__8c0cb6be__requests__requests_futures,avinassh@haxor__8c0cb6be,requests,requests_futures,baseline_reproducibility,The repository did not yield a usable baseline test set because pytest collection failed under the current pytest/plugin stack.
avinassh@haxor__8c0cb6be__requests__treq,avinassh@haxor__8c0cb6be,requests,treq,baseline_reproducibility,The repository did not yield a usable baseline test set because pytest collection failed under the current pytest/plugin stack.
avinassh@haxor__8c0cb6be__requests__urllib3,avinassh@haxor__8c0cb6be,requests,urllib3,baseline_reproducibility,The repository did not yield a usable baseline test set because pytest collection failed under the current pytest/plugin stack.
azure@azure-functions-durable-python__efa63213__aiohttp__httpx,azure@azure-functions-durable-python__efa63213,aiohttp,httpx,retained_full_594,Included in the published full_594 evaluation set.
bamboo-cms@bamboo__a5140922__click__plac,bamboo-cms@bamboo__a5140922,click,plac,retained_full_594,Included in the published full_594 evaluation set.
bamboo-cms@bamboo__a5140922__click__typer,bamboo-cms@bamboo__a5140922,click,typer,retained_full_594,Included in the published full_594 evaluation set.
bayesiains@nflows__5d223444__matplotlib__altair,bayesiains@nflows__5d223444,matplotlib,altair,retained_full_594,Included in the published full_594 evaluation set.
bayesiains@nflows__5d223444__matplotlib__plotly,bayesiains@nflows__5d223444,matplotlib,plotly,retained_full_594,Included in the published full_594 evaluation set.
bayesiains@nflows__5d223444__matplotlib__seaborn,bayesiains@nflows__5d223444,matplotlib,seaborn,retained_full_594,Included in the published full_594 evaluation set.
beancount@beanquery__51ad2619__click__plac,beancount@beanquery__51ad2619,click,plac,retained_full_594,Included in the published full_594 evaluation set.
beancount@beanquery__51ad2619__click__typer,beancount@beanquery__51ad2619,click,typer,retained_full_594,Included in the published full_594 evaluation set.
bellshade@openseries__59b7a6d7__colorama__rich,bellshade@openseries__59b7a6d7,colorama,rich,retained_full_594,Included in the published full_594 evaluation set.
bellshade@openseries__59b7a6d7__colorama__termcolor,bellshade@openseries__59b7a6d7,colorama,termcolor,retained_full_594,Included in the published full_594 evaluation set.
bheinzerling@bpemb__a75008c1__requests__aiohttp,bheinzerling@bpemb__a75008c1,requests,aiohttp,retained_full_594,Included in the published full_594 evaluation set.
bheinzerling@bpemb__a75008c1__requests__httpx,bheinzerling@bpemb__a75008c1,requests,httpx,retained_full_594,Included in the published full_594 evaluation set.
bheinzerling@bpemb__a75008c1__requests__pycurl,bheinzerling@bpemb__a75008c1,requests,pycurl,retained_full_594,Included in the published full_594 evaluation set.
bheinzerling@bpemb__a75008c1__requests__requests_futures,bheinzerling@bpemb__a75008c1,requests,requests_futures,retained_full_594,Included in the published full_594 evaluation set.
bheinzerling@bpemb__a75008c1__requests__treq,bheinzerling@bpemb__a75008c1,requests,treq,retained_full_594,Included in the published full_594 evaluation set.
bheinzerling@bpemb__a75008c1__requests__urllib3,bheinzerling@bpemb__a75008c1,requests,urllib3,retained_full_594,Included in the published full_594 evaluation set.
bheinzerling@bpemb__a75008c1__tqdm__alive-progress,bheinzerling@bpemb__a75008c1,tqdm,alive-progress,retained_full_594,Included in the published full_594 evaluation set.
bheinzerling@bpemb__a75008c1__tqdm__progressbar2,bheinzerling@bpemb__a75008c1,tqdm,progressbar2,retained_full_594,Included in the published full_594 evaluation set.
bigcommerce@bigcommerce-api-python__599b27e6__requests__aiohttp,bigcommerce@bigcommerce-api-python__599b27e6,requests,aiohttp,retained_full_594,Included in the published full_594 evaluation set.
bigcommerce@bigcommerce-api-python__599b27e6__requests__httpx,bigcommerce@bigcommerce-api-python__599b27e6,requests,httpx,retained_full_594,Included in the published full_594 evaluation set.
bigcommerce@bigcommerce-api-python__599b27e6__requests__pycurl,bigcommerce@bigcommerce-api-python__599b27e6,requests,pycurl,retained_full_594,Included in the published full_594 evaluation set.
bigcommerce@bigcommerce-api-python__599b27e6__requests__requests_futures,bigcommerce@bigcommerce-api-python__599b27e6,requests,requests_futures,retained_full_594,Included in the published full_594 evaluation set.
bigcommerce@bigcommerce-api-python__599b27e6__requests__treq,bigcommerce@bigcommerce-api-python__599b27e6,requests,treq,retained_full_594,Included in the published full_594 evaluation set.
bigcommerce@bigcommerce-api-python__599b27e6__requests__urllib3,bigcommerce@bigcommerce-api-python__599b27e6,requests,urllib3,retained_full_594,Included in the published full_594 evaluation set.
blackrock@ingen__a6977a33__aiohttp__httpx,blackrock@ingen__a6977a33,aiohttp,httpx,retained_full_594,Included in the published full_594 evaluation set.
blingenf@copydetect__ba072818__jinja2__mako,blingenf@copydetect__ba072818,jinja2,mako,retained_full_594,Included in the published full_594 evaluation set.
blingenf@copydetect__ba072818__pygments__rich,blingenf@copydetect__ba072818,pygments,rich,retained_full_594,Included in the published full_594 evaluation set.
blingenf@copydetect__ba072818__tqdm__alive-progress,blingenf@copydetect__ba072818,tqdm,alive-progress,retained_full_594,Included in the published full_594 evaluation set.
blingenf@copydetect__ba072818__tqdm__progressbar2,blingenf@copydetect__ba072818,tqdm,progressbar2,retained_full_594,Included in the published full_594 evaluation set.
blockchain-technology-lab@consensus-decentralization__f6dbfbbf__matplotlib__altair,blockchain-technology-lab@consensus-decentralization__f6dbfbbf,matplotlib,altair,retained_full_594,Included in the published full_594 evaluation set.
blockchain-technology-lab@consensus-decentralization__f6dbfbbf__matplotlib__plotly,blockchain-technology-lab@consensus-decentralization__f6dbfbbf,matplotlib,plotly,retained_full_594,Included in the published full_594 evaluation set.
blockchain-technology-lab@consensus-decentralization__f6dbfbbf__matplotlib__seaborn,blockchain-technology-lab@consensus-decentralization__f6dbfbbf,matplotlib,seaborn,retained_full_594,Included in the published full_594 evaluation set.
blockchain-technology-lab@consensus-decentralization__f6dbfbbf__seaborn__altair,blockchain-technology-lab@consensus-decentralization__f6dbfbbf,seaborn,altair,retained_full_594,Included in the published full_594 evaluation set.
blockchain-technology-lab@consensus-decentralization__f6dbfbbf__seaborn__plotly,blockchain-technology-lab@consensus-decentralization__f6dbfbbf,seaborn,plotly,retained_full_594,Included in the published full_594 evaluation set.
blueprints-org@blueprints__b3bb6987__matplotlib__altair,blueprints-org@blueprints__b3bb6987,matplotlib,altair,retained_full_594,Included in the published full_594 evaluation set.
blueprints-org@blueprints__b3bb6987__matplotlib__plotly,blueprints-org@blueprints__b3bb6987,matplotlib,plotly,retained_full_594,Included in the published full_594 evaluation set.
blueprints-org@blueprints__b3bb6987__matplotlib__seaborn,blueprints-org@blueprints__b3bb6987,matplotlib,seaborn,retained_full_594,Included in the published full_594 evaluation set.
blurstudio@hab__177503df__click__plac,blurstudio@hab__177503df,click,plac,retained_full_594,Included in the published full_594 evaluation set.
blurstudio@hab__177503df__click__typer,blurstudio@hab__177503df,click,typer,retained_full_594,Included in the published full_594 evaluation set.
blurstudio@hab__177503df__pygments__rich,blurstudio@hab__177503df,pygments,rich,retained_full_594,Included in the published full_594 evaluation set.
bormando@selenium-tools__52667925__urllib3__aiohttp,bormando@selenium-tools__52667925,urllib3,aiohttp,dependency_only,"The source library occurs only in dependency/configuration metadata, with no editable production-code API usage."
bormando@selenium-tools__52667925__urllib3__httpx,bormando@selenium-tools__52667925,urllib3,httpx,dependency_only,"The source library occurs only in dependency/configuration metadata, with no editable production-code API usage."
bormando@selenium-tools__52667925__urllib3__requests,bormando@selenium-tools__52667925,urllib3,requests,dependency_only,"The source library occurs only in dependency/configuration metadata, with no editable production-code API usage."
capitalone@edgetest__dfc8b73c__click__plac,capitalone@edgetest__dfc8b73c,click,plac,retained_full_594,Included in the published full_594 evaluation set.
capitalone@edgetest__dfc8b73c__click__typer,capitalone@edgetest__dfc8b73c,click,typer,retained_full_594,Included in the published full_594 evaluation set.
capitalone@edgetest__dfc8b73c__tabulate__prettytable,capitalone@edgetest__dfc8b73c,tabulate,prettytable,retained_full_594,Included in the published full_594 evaluation set.
capitalone@edgetest__dfc8b73c__tabulate__rich,capitalone@edgetest__dfc8b73c,tabulate,rich,retained_full_594,Included in the published full_594 evaluation set.
carbonblack@carbon-black-cloud-sdk-python__0a3b0cfb__jsonschema__cerberus,carbonblack@carbon-black-cloud-sdk-python__0a3b0cfb,jsonschema,cerberus,retained_full_594,Included in the published full_594 evaluation set.
certcc@ssvc__20cd0390__jsonschema__cerberus,certcc@ssvc__20cd0390,jsonschema,cerberus,retained_full_594,Included in the published full_594 evaluation set.
chrispappalardo@eparse__6f799d21__click__plac,chrispappalardo@eparse__6f799d21,click,plac,retained_full_594,Included in the published full_594 evaluation set.
chrispappalardo@eparse__6f799d21__click__typer,chrispappalardo@eparse__6f799d21,click,typer,retained_full_594,Included in the published full_594 evaluation set.
cmccomb@trussme__0c7316cf__matplotlib__altair,cmccomb@trussme__0c7316cf,matplotlib,altair,retained_full_594,Included in the published full_594 evaluation set.
cmccomb@trussme__0c7316cf__matplotlib__plotly,cmccomb@trussme__0c7316cf,matplotlib,plotly,retained_full_594,Included in the published full_594 evaluation set.
cmccomb@trussme__0c7316cf__matplotlib__seaborn,cmccomb@trussme__0c7316cf,matplotlib,seaborn,retained_full_594,Included in the published full_594 evaluation set.
codewithemad@apyrat__de1852d8__click__plac,codewithemad@apyrat__de1852d8,click,plac,baseline_reproducibility,The baseline tests rely on live media/API responses; the external endpoint returned an HTTP gateway failure and invalid JSON.
codewithemad@apyrat__de1852d8__click__typer,codewithemad@apyrat__de1852d8,click,typer,baseline_reproducibility,The baseline tests rely on live media/API responses; the external endpoint returned an HTTP gateway failure and invalid JSON.
codewithemad@apyrat__de1852d8__requests__aiohttp,codewithemad@apyrat__de1852d8,requests,aiohttp,baseline_reproducibility,The baseline tests rely on live media/API responses; the external endpoint returned an HTTP gateway failure and invalid JSON.
codewithemad@apyrat__de1852d8__requests__httpx,codewithemad@apyrat__de1852d8,requests,httpx,baseline_reproducibility,The baseline tests rely on live media/API responses; the external endpoint returned an HTTP gateway failure and invalid JSON.
codewithemad@apyrat__de1852d8__requests__pycurl,codewithemad@apyrat__de1852d8,requests,pycurl,baseline_reproducibility,The baseline tests rely on live media/API responses; the external endpoint returned an HTTP gateway failure and invalid JSON.
codewithemad@apyrat__de1852d8__requests__requests_futures,codewithemad@apyrat__de1852d8,requests,requests_futures,baseline_reproducibility,The baseline tests rely on live media/API responses; the external endpoint returned an HTTP gateway failure and invalid JSON.
codewithemad@apyrat__de1852d8__requests__treq,codewithemad@apyrat__de1852d8,requests,treq,baseline_reproducibility,The baseline tests rely on live media/API responses; the external endpoint returned an HTTP gateway failure and invalid JSON.
codewithemad@apyrat__de1852d8__requests__urllib3,codewithemad@apyrat__de1852d8,requests,urllib3,baseline_reproducibility,The baseline tests rely on live media/API responses; the external endpoint returned an HTTP gateway failure and invalid JSON.
coguardio@coguard-cli__48207839__requests__aiohttp,coguardio@coguard-cli__48207839,requests,aiohttp,retained_full_594,Included in the published full_594 evaluation set.
coguardio@coguard-cli__48207839__requests__pycurl,coguardio@coguard-cli__48207839,requests,pycurl,retained_full_594,Included in the published full_594 evaluation set.
coguardio@coguard-cli__48207839__requests__requests_futures,coguardio@coguard-cli__48207839,requests,requests_futures,retained_full_594,Included in the published full_594 evaluation set.
coguardio@coguard-cli__48207839__requests__treq,coguardio@coguard-cli__48207839,requests,treq,retained_full_594,Included in the published full_594 evaluation set.
coguardio@coguard-cli__48207839__requests__urllib3,coguardio@coguard-cli__48207839,requests,urllib3,retained_full_594,Included in the published full_594 evaluation set.
colour-science@colour-datasets__aa4ae7be__tqdm__alive-progress,colour-science@colour-datasets__aa4ae7be,tqdm,alive-progress,retained_full_594,Included in the published full_594 evaluation set.
colour-science@colour-datasets__aa4ae7be__tqdm__progressbar2,colour-science@colour-datasets__aa4ae7be,tqdm,progressbar2,retained_full_594,Included in the published full_594 evaluation set.
cordada@lib-cl-sii-python__d750fe31__cryptography__pycryptodome,cordada@lib-cl-sii-python__d750fe31,cryptography,pycryptodome,retained_full_594,Included in the published full_594 evaluation set.
cordada@lib-cl-sii-python__d750fe31__jsonschema__cerberus,cordada@lib-cl-sii-python__d750fe31,jsonschema,cerberus,retained_full_594,Included in the published full_594 evaluation set.
cronitorio@cronitor-python__cdbae557__requests__aiohttp,cronitorio@cronitor-python__cdbae557,requests,aiohttp,retained_full_594,Included in the published full_594 evaluation set.
cronitorio@cronitor-python__cdbae557__requests__httpx,cronitorio@cronitor-python__cdbae557,requests,httpx,retained_full_594,Included in the published full_594 evaluation set.
cronitorio@cronitor-python__cdbae557__requests__pycurl,cronitorio@cronitor-python__cdbae557,requests,pycurl,retained_full_594,Included in the published full_594 evaluation set.
cronitorio@cronitor-python__cdbae557__requests__requests_futures,cronitorio@cronitor-python__cdbae557,requests,requests_futures,retained_full_594,Included in the published full_594 evaluation set.
cronitorio@cronitor-python__cdbae557__requests__treq,cronitorio@cronitor-python__cdbae557,requests,treq,retained_full_594,Included in the published full_594 evaluation set.
cronitorio@cronitor-python__cdbae557__requests__urllib3,cronitorio@cronitor-python__cdbae557,requests,urllib3,retained_full_594,Included in the published full_594 evaluation set.
cskorpion@vmprof-firefox-converter__e1f6bb79__flask__bottle,cskorpion@vmprof-firefox-converter__e1f6bb79,flask,bottle,retained_full_594,Included in the published full_594 evaluation set.
cskorpion@vmprof-firefox-converter__e1f6bb79__flask__cherrypy,cskorpion@vmprof-firefox-converter__e1f6bb79,flask,cherrypy,retained_full_594,Included in the published full_594 evaluation set.
cskorpion@vmprof-firefox-converter__e1f6bb79__flask__fastapi,cskorpion@vmprof-firefox-converter__e1f6bb79,flask,fastapi,retained_full_594,Included in the published full_594 evaluation set.
cskorpion@vmprof-firefox-converter__e1f6bb79__flask__sanic,cskorpion@vmprof-firefox-converter__e1f6bb79,flask,sanic,retained_full_594,Included in the published full_594 evaluation set.
cskorpion@vmprof-firefox-converter__e1f6bb79__flask__tornado,cskorpion@vmprof-firefox-converter__e1f6bb79,flask,tornado,retained_full_594,Included in the published full_594 evaluation set.
d-rickyy-b@pastepwn__cde6e968__requests__aiohttp,d-rickyy-b@pastepwn__cde6e968,requests,aiohttp,retained_full_594,Included in the published full_594 evaluation set.
d-rickyy-b@pastepwn__cde6e968__requests__httpx,d-rickyy-b@pastepwn__cde6e968,requests,httpx,retained_full_594,Included in the published full_594 evaluation set.
d-rickyy-b@pastepwn__cde6e968__requests__pycurl,d-rickyy-b@pastepwn__cde6e968,requests,pycurl,retained_full_594,Included in the published full_594 evaluation set.
d-rickyy-b@pastepwn__cde6e968__requests__requests_futures,d-rickyy-b@pastepwn__cde6e968,requests,requests_futures,retained_full_594,Included in the published full_594 evaluation set.
d-rickyy-b@pastepwn__cde6e968__requests__treq,d-rickyy-b@pastepwn__cde6e968,requests,treq,retained_full_594,Included in the published full_594 evaluation set.
d-rickyy-b@pastepwn__cde6e968__requests__urllib3,d-rickyy-b@pastepwn__cde6e968,requests,urllib3,retained_full_594,Included in the published full_594 evaluation set.
danajomar@pyale__d6afae67__matplotlib__altair,danajomar@pyale__d6afae67,matplotlib,altair,retained_full_594,Included in the published full_594 evaluation set.
danajomar@pyale__d6afae67__matplotlib__plotly,danajomar@pyale__d6afae67,matplotlib,plotly,retained_full_594,Included in the published full_594 evaluation set.
danajomar@pyale__d6afae67__matplotlib__seaborn,danajomar@pyale__d6afae67,matplotlib,seaborn,retained_full_594,Included in the published full_594 evaluation set.
datamade@census__dd8b5b5e__requests__aiohttp,datamade@census__dd8b5b5e,requests,aiohttp,retained_full_594,Included in the published full_594 evaluation set.
datamade@census__dd8b5b5e__requests__httpx,datamade@census__dd8b5b5e,requests,httpx,retained_full_594,Included in the published full_594 evaluation set.
datamade@census__dd8b5b5e__requests__pycurl,datamade@census__dd8b5b5e,requests,pycurl,retained_full_594,Included in the published full_594 evaluation set.
datamade@census__dd8b5b5e__requests__requests_futures,datamade@census__dd8b5b5e,requests,requests_futures,retained_full_594,Included in the published full_594 evaluation set.
datamade@census__dd8b5b5e__requests__treq,datamade@census__dd8b5b5e,requests,treq,retained_full_594,Included in the published full_594 evaluation set.
datamade@census__dd8b5b5e__requests__urllib3,datamade@census__dd8b5b5e,requests,urllib3,retained_full_594,Included in the published full_594 evaluation set.
dave-howard@vsdx__ca31a2c9__jinja2__mako,dave-howard@vsdx__ca31a2c9,jinja2,mako,retained_full_594,Included in the published full_594 evaluation set.
david96182@ninjemail__2a52a8cc__requests__aiohttp,david96182@ninjemail__2a52a8cc,requests,aiohttp,retained_full_594,Included in the published full_594 evaluation set.
david96182@ninjemail__2a52a8cc__requests__httpx,david96182@ninjemail__2a52a8cc,requests,httpx,retained_full_594,Included in the published full_594 evaluation set.
david96182@ninjemail__2a52a8cc__requests__pycurl,david96182@ninjemail__2a52a8cc,requests,pycurl,retained_full_594,Included in the published full_594 evaluation set.
david96182@ninjemail__2a52a8cc__requests__requests_futures,david96182@ninjemail__2a52a8cc,requests,requests_futures,retained_full_594,Included in the published full_594 evaluation set.
david96182@ninjemail__2a52a8cc__requests__treq,david96182@ninjemail__2a52a8cc,requests,treq,retained_full_594,Included in the published full_594 evaluation set.
david96182@ninjemail__2a52a8cc__requests__urllib3,david96182@ninjemail__2a52a8cc,requests,urllib3,retained_full_594,Included in the published full_594 evaluation set.
david96182@ninjemail__2a52a8cc__toml__tomli,david96182@ninjemail__2a52a8cc,toml,tomli,retained_full_594,Included in the published full_594 evaluation set.
david96182@ninjemail__2a52a8cc__toml__tomlkit,david96182@ninjemail__2a52a8cc,toml,tomlkit,retained_full_594,Included in the published full_594 evaluation set.
dell@python-powerflex__d590af9d__requests__aiohttp,dell@python-powerflex__d590af9d,requests,aiohttp,test_selection_applicability,Recorded as excluded by the applicable-test/test-selection filter; the archived case table does not specify a more detailed per-case cause.
dell@python-powerflex__d590af9d__requests__httpx,dell@python-powerflex__d590af9d,requests,httpx,test_selection_applicability,Recorded as excluded by the applicable-test/test-selection filter; the archived case table does not specify a more detailed per-case cause.
dell@python-powerflex__d590af9d__requests__pycurl,dell@python-powerflex__d590af9d,requests,pycurl,test_selection_applicability,Recorded as excluded by the applicable-test/test-selection filter; the archived case table does not specify a more detailed per-case cause.
dell@python-powerflex__d590af9d__requests__requests_futures,dell@python-powerflex__d590af9d,requests,requests_futures,test_selection_applicability,Recorded as excluded by the applicable-test/test-selection filter; the archived case table does not specify a more detailed per-case cause.
dell@python-powerflex__d590af9d__requests__treq,dell@python-powerflex__d590af9d,requests,treq,test_selection_applicability,Recorded as excluded by the applicable-test/test-selection filter; the archived case table does not specify a more detailed per-case cause.
dell@python-powerflex__d590af9d__requests__urllib3,dell@python-powerflex__d590af9d,requests,urllib3,test_selection_applicability,Recorded as excluded by the applicable-test/test-selection filter; the archived case table does not specify a more detailed per-case cause.
devexp-db@distgen__9512f356__jinja2__mako,devexp-db@distgen__9512f356,jinja2,mako,retained_full_594,Included in the published full_594 evaluation set.
digitaltrustcenter@sectxt__0f06db1f__requests__aiohttp,digitaltrustcenter@sectxt__0f06db1f,requests,aiohttp,retained_full_594,Included in the published full_594 evaluation set.
digitaltrustcenter@sectxt__0f06db1f__requests__pycurl,digitaltrustcenter@sectxt__0f06db1f,requests,pycurl,retained_full_594,Included in the published full_594 evaluation set.
digitaltrustcenter@sectxt__0f06db1f__requests__treq,digitaltrustcenter@sectxt__0f06db1f,requests,treq,retained_full_594,Included in the published full_594 evaluation set.
digitaltrustcenter@sectxt__0f06db1f__requests__urllib3,digitaltrustcenter@sectxt__0f06db1f,requests,urllib3,retained_full_594,Included in the published full_594 evaluation set.
dknowles2@pyschlage__5c48dcd0__requests__aiohttp,dknowles2@pyschlage__5c48dcd0,requests,aiohttp,retained_full_594,Included in the published full_594 evaluation set.
dknowles2@pyschlage__5c48dcd0__requests__httpx,dknowles2@pyschlage__5c48dcd0,requests,httpx,retained_full_594,Included in the published full_594 evaluation set.
dknowles2@pyschlage__5c48dcd0__requests__pycurl,dknowles2@pyschlage__5c48dcd0,requests,pycurl,retained_full_594,Included in the published full_594 evaluation set.
dknowles2@pyschlage__5c48dcd0__requests__requests_futures,dknowles2@pyschlage__5c48dcd0,requests,requests_futures,retained_full_594,Included in the published full_594 evaluation set.
dknowles2@pyschlage__5c48dcd0__requests__treq,dknowles2@pyschlage__5c48dcd0,requests,treq,retained_full_594,Included in the published full_594 evaluation set.
dknowles2@pyschlage__5c48dcd0__requests__urllib3,dknowles2@pyschlage__5c48dcd0,requests,urllib3,retained_full_594,Included in the published full_594 evaluation set.
dmtf@redfish-protocol-validator__e2f28669__colorama__rich,dmtf@redfish-protocol-validator__e2f28669,colorama,rich,retained_full_594,Included in the published full_594 evaluation set.
dmtf@redfish-protocol-validator__e2f28669__colorama__termcolor,dmtf@redfish-protocol-validator__e2f28669,colorama,termcolor,retained_full_594,Included in the published full_594 evaluation set.
duo-labs@py_webauthn__42537f58__cryptography__pycryptodome,duo-labs@py_webauthn__42537f58,cryptography,pycryptodome,retained_full_594,Included in the published full_594 evaluation set.
dwave-examples@3d-bin-packing__abb0ebd3__tabulate__prettytable,dwave-examples@3d-bin-packing__abb0ebd3,tabulate,prettytable,retained_full_594,Included in the published full_594 evaluation set.
dwave-examples@3d-bin-packing__abb0ebd3__tabulate__rich,dwave-examples@3d-bin-packing__abb0ebd3,tabulate,rich,retained_full_594,Included in the published full_594 evaluation set.
electronic-mango@simple-justwatch-python-api__5524c491__httpx__aiohttp,electronic-mango@simple-justwatch-python-api__5524c491,httpx,aiohttp,retained_full_594,Included in the published full_594 evaluation set.
electronic-mango@simple-justwatch-python-api__5524c491__httpx__requests,electronic-mango@simple-justwatch-python-api__5524c491,httpx,requests,retained_full_594,Included in the published full_594 evaluation set.
electronic-mango@simple-justwatch-python-api__5524c491__httpx__urllib3,electronic-mango@simple-justwatch-python-api__5524c491,httpx,urllib3,retained_full_594,Included in the published full_594 evaluation set.
eschava@psmqtt__c137c460__jinja2__mako,eschava@psmqtt__c137c460,jinja2,mako,retained_full_594,Included in the published full_594 evaluation set.
esds-leipzig@sen2nbar__1ecded1e__requests__aiohttp,esds-leipzig@sen2nbar__1ecded1e,requests,aiohttp,baseline_reproducibility,The baseline tests depend on current STAC/Sentinel metadata whose CRS/projection fields no longer match the test assumptions.
esds-leipzig@sen2nbar__1ecded1e__requests__httpx,esds-leipzig@sen2nbar__1ecded1e,requests,httpx,baseline_reproducibility,The baseline tests depend on current STAC/Sentinel metadata whose CRS/projection fields no longer match the test assumptions.
esds-leipzig@sen2nbar__1ecded1e__requests__pycurl,esds-leipzig@sen2nbar__1ecded1e,requests,pycurl,baseline_reproducibility,The baseline tests depend on current STAC/Sentinel metadata whose CRS/projection fields no longer match the test assumptions.
esds-leipzig@sen2nbar__1ecded1e__requests__requests_futures,esds-leipzig@sen2nbar__1ecded1e,requests,requests_futures,baseline_reproducibility,The baseline tests depend on current STAC/Sentinel metadata whose CRS/projection fields no longer match the test assumptions.
esds-leipzig@sen2nbar__1ecded1e__requests__treq,esds-leipzig@sen2nbar__1ecded1e,requests,treq,baseline_reproducibility,The baseline tests depend on current STAC/Sentinel metadata whose CRS/projection fields no longer match the test assumptions.
esds-leipzig@sen2nbar__1ecded1e__requests__urllib3,esds-leipzig@sen2nbar__1ecded1e,requests,urllib3,baseline_reproducibility,The baseline tests depend on current STAC/Sentinel metadata whose CRS/projection fields no longer match the test assumptions.
eth-cscs@stackinator__1255be83__jsonschema__cerberus,eth-cscs@stackinator__1255be83,jsonschema,cerberus,retained_full_594,Included in the published full_594 evaluation set.
evanp@ap__90969daf__tabulate__prettytable,evanp@ap__90969daf,tabulate,prettytable,retained_full_594,Included in the published full_594 evaluation set.
evanp@ap__90969daf__tabulate__rich,evanp@ap__90969daf,tabulate,rich,retained_full_594,Included in the published full_594 evaluation set.
eyeseast@python-frontmatter__025a94c2__toml__tomli,eyeseast@python-frontmatter__025a94c2,toml,tomli,retained_full_594,Included in the published full_594 evaluation set.
eyeseast@python-frontmatter__025a94c2__toml__tomlkit,eyeseast@python-frontmatter__025a94c2,toml,tomlkit,retained_full_594,Included in the published full_594 evaluation set.
fidelity@selective__7e07abc8__seaborn__altair,fidelity@selective__7e07abc8,seaborn,altair,retained_full_594,Included in the published full_594 evaluation set.
fidelity@selective__7e07abc8__seaborn__plotly,fidelity@selective__7e07abc8,seaborn,plotly,retained_full_594,Included in the published full_594 evaluation set.
filestack@filestack-python__0e44e337__requests__aiohttp,filestack@filestack-python__0e44e337,requests,aiohttp,retained_full_594,Included in the published full_594 evaluation set.
filestack@filestack-python__0e44e337__requests__httpx,filestack@filestack-python__0e44e337,requests,httpx,retained_full_594,Included in the published full_594 evaluation set.
filestack@filestack-python__0e44e337__requests__pycurl,filestack@filestack-python__0e44e337,requests,pycurl,retained_full_594,Included in the published full_594 evaluation set.
filestack@filestack-python__0e44e337__requests__requests_futures,filestack@filestack-python__0e44e337,requests,requests_futures,retained_full_594,Included in the published full_594 evaluation set.
filestack@filestack-python__0e44e337__requests__treq,filestack@filestack-python__0e44e337,requests,treq,retained_full_594,Included in the published full_594 evaluation set.
filestack@filestack-python__0e44e337__requests__urllib3,filestack@filestack-python__0e44e337,requests,urllib3,retained_full_594,Included in the published full_594 evaluation set.
france-travail@words_n_fun__3bf4b159__tqdm__alive-progress,france-travail@words_n_fun__3bf4b159,tqdm,alive-progress,retained_full_594,Included in the published full_594 evaluation set.
france-travail@words_n_fun__3bf4b159__tqdm__progressbar2,france-travail@words_n_fun__3bf4b159,tqdm,progressbar2,retained_full_594,Included in the published full_594 evaluation set.
ful1e5@clickgen__ce70d07a__attrs__cattrs,ful1e5@clickgen__ce70d07a,attrs,cattrs,retained_full_594,Included in the published full_594 evaluation set.
ful1e5@clickgen__ce70d07a__toml__tomli,ful1e5@clickgen__ce70d07a,toml,tomli,retained_full_594,Included in the published full_594 evaluation set.
ful1e5@clickgen__ce70d07a__toml__tomlkit,ful1e5@clickgen__ce70d07a,toml,tomlkit,retained_full_594,Included in the published full_594 evaluation set.
funilrys@pyfunceble__a2756c4f__python-dotenv__dynaconf,funilrys@pyfunceble__a2756c4f,python-dotenv,dynaconf,retained_full_594,Included in the published full_594 evaluation set.
funilrys@pyfunceble__a2756c4f__python-dotenv__environs,funilrys@pyfunceble__a2756c4f,python-dotenv,environs,retained_full_594,Included in the published full_594 evaluation set.
georg-un@kneebow__e48f3aac__matplotlib__altair,georg-un@kneebow__e48f3aac,matplotlib,altair,retained_full_594,Included in the published full_594 evaluation set.
georg-un@kneebow__e48f3aac__matplotlib__plotly,georg-un@kneebow__e48f3aac,matplotlib,plotly,retained_full_594,Included in the published full_594 evaluation set.
georg-un@kneebow__e48f3aac__matplotlib__seaborn,georg-un@kneebow__e48f3aac,matplotlib,seaborn,retained_full_594,Included in the published full_594 evaluation set.
getpatchwork@git-pw__02c38bef__requests__aiohttp,getpatchwork@git-pw__02c38bef,requests,aiohttp,retained_full_594,Included in the published full_594 evaluation set.
getpatchwork@git-pw__02c38bef__requests__httpx,getpatchwork@git-pw__02c38bef,requests,httpx,retained_full_594,Included in the published full_594 evaluation set.
getpatchwork@git-pw__02c38bef__requests__pycurl,getpatchwork@git-pw__02c38bef,requests,pycurl,retained_full_594,Included in the published full_594 evaluation set.
getpatchwork@git-pw__02c38bef__requests__requests_futures,getpatchwork@git-pw__02c38bef,requests,requests_futures,retained_full_594,Included in the published full_594 evaluation set.
getpatchwork@git-pw__02c38bef__requests__treq,getpatchwork@git-pw__02c38bef,requests,treq,retained_full_594,Included in the published full_594 evaluation set.
getpatchwork@git-pw__02c38bef__requests__urllib3,getpatchwork@git-pw__02c38bef,requests,urllib3,retained_full_594,Included in the published full_594 evaluation set.
getpatchwork@git-pw__02c38bef__tabulate__prettytable,getpatchwork@git-pw__02c38bef,tabulate,prettytable,retained_full_594,Included in the published full_594 evaluation set.
getpatchwork@git-pw__02c38bef__tabulate__rich,getpatchwork@git-pw__02c38bef,tabulate,rich,retained_full_594,Included in the published full_594 evaluation set.
gillesvink@nukedockerbuild__69afa626__requests__aiohttp,gillesvink@nukedockerbuild__69afa626,requests,aiohttp,retained_full_594,Included in the published full_594 evaluation set.
gillesvink@nukedockerbuild__69afa626__requests__httpx,gillesvink@nukedockerbuild__69afa626,requests,httpx,retained_full_594,Included in the published full_594 evaluation set.
gillesvink@nukedockerbuild__69afa626__requests__pycurl,gillesvink@nukedockerbuild__69afa626,requests,pycurl,retained_full_594,Included in the published full_594 evaluation set.
gillesvink@nukedockerbuild__69afa626__requests__requests_futures,gillesvink@nukedockerbuild__69afa626,requests,requests_futures,retained_full_594,Included in the published full_594 evaluation set.
gillesvink@nukedockerbuild__69afa626__requests__treq,gillesvink@nukedockerbuild__69afa626,requests,treq,retained_full_594,Included in the published full_594 evaluation set.
gillesvink@nukedockerbuild__69afa626__requests__urllib3,gillesvink@nukedockerbuild__69afa626,requests,urllib3,retained_full_594,Included in the published full_594 evaluation set.
git-shogg@finsec__e64e34a9__beautifulsoup4__pyquery,git-shogg@finsec__e64e34a9,beautifulsoup4,pyquery,retained_full_594,Included in the published full_594 evaluation set.
git-shogg@finsec__e64e34a9__requests__aiohttp,git-shogg@finsec__e64e34a9,requests,aiohttp,retained_full_594,Included in the published full_594 evaluation set.
git-shogg@finsec__e64e34a9__requests__httpx,git-shogg@finsec__e64e34a9,requests,httpx,retained_full_594,Included in the published full_594 evaluation set.
git-shogg@finsec__e64e34a9__requests__pycurl,git-shogg@finsec__e64e34a9,requests,pycurl,retained_full_594,Included in the published full_594 evaluation set.
git-shogg@finsec__e64e34a9__requests__requests_futures,git-shogg@finsec__e64e34a9,requests,requests_futures,retained_full_594,Included in the published full_594 evaluation set.
git-shogg@finsec__e64e34a9__requests__treq,git-shogg@finsec__e64e34a9,requests,treq,retained_full_594,Included in the published full_594 evaluation set.
git-shogg@finsec__e64e34a9__requests__urllib3,git-shogg@finsec__e64e34a9,requests,urllib3,retained_full_594,Included in the published full_594 evaluation set.
github@automatic-contrib-prs__3c357a2e__python-dotenv__dynaconf,github@automatic-contrib-prs__3c357a2e,python-dotenv,dynaconf,retained_full_594,Included in the published full_594 evaluation set.
github@automatic-contrib-prs__3c357a2e__python-dotenv__environs,github@automatic-contrib-prs__3c357a2e,python-dotenv,environs,retained_full_594,Included in the published full_594 evaluation set.
github@cleanowners__ab30fba5__python-dotenv__dynaconf,github@cleanowners__ab30fba5,python-dotenv,dynaconf,retained_full_594,Included in the published full_594 evaluation set.
github@cleanowners__ab30fba5__python-dotenv__environs,github@cleanowners__ab30fba5,python-dotenv,environs,retained_full_594,Included in the published full_594 evaluation set.
github@contributors__107543a7__python-dotenv__dynaconf,github@contributors__107543a7,python-dotenv,dynaconf,retained_full_594,Included in the published full_594 evaluation set.
github@contributors__107543a7__python-dotenv__environs,github@contributors__107543a7,python-dotenv,environs,retained_full_594,Included in the published full_594 evaluation set.
github@evergreen__3189dd33__python-dotenv__dynaconf,github@evergreen__3189dd33,python-dotenv,dynaconf,retained_full_594,Included in the published full_594 evaluation set.
github@evergreen__3189dd33__python-dotenv__environs,github@evergreen__3189dd33,python-dotenv,environs,retained_full_594,Included in the published full_594 evaluation set.
github@issue-metrics__44877577__python-dotenv__dynaconf,github@issue-metrics__44877577,python-dotenv,dynaconf,retained_full_594,Included in the published full_594 evaluation set.
github@issue-metrics__44877577__python-dotenv__environs,github@issue-metrics__44877577,python-dotenv,environs,retained_full_594,Included in the published full_594 evaluation set.
github@stale-repos__0e3c3084__python-dotenv__dynaconf,github@stale-repos__0e3c3084,python-dotenv,dynaconf,retained_full_594,Included in the published full_594 evaluation set.
github@stale-repos__0e3c3084__python-dotenv__environs,github@stale-repos__0e3c3084,python-dotenv,environs,retained_full_594,Included in the published full_594 evaluation set.
giuliorossetti@ash__1106b609__matplotlib__altair,giuliorossetti@ash__1106b609,matplotlib,altair,retained_full_594,Included in the published full_594 evaluation set.
giuliorossetti@ash__1106b609__matplotlib__plotly,giuliorossetti@ash__1106b609,matplotlib,plotly,retained_full_594,Included in the published full_594 evaluation set.
giuliorossetti@ash__1106b609__matplotlib__seaborn,giuliorossetti@ash__1106b609,matplotlib,seaborn,retained_full_594,Included in the published full_594 evaluation set.
giuliorossetti@ash__1106b609__seaborn__altair,giuliorossetti@ash__1106b609,seaborn,altair,retained_full_594,Included in the published full_594 evaluation set.
giuliorossetti@ash__1106b609__seaborn__plotly,giuliorossetti@ash__1106b609,seaborn,plotly,retained_full_594,Included in the published full_594 evaluation set.
giuliorossetti@ash__1106b609__tqdm__alive-progress,giuliorossetti@ash__1106b609,tqdm,alive-progress,retained_full_594,Included in the published full_594 evaluation set.
giuliorossetti@ash__1106b609__tqdm__progressbar2,giuliorossetti@ash__1106b609,tqdm,progressbar2,retained_full_594,Included in the published full_594 evaluation set.
giuliorossetti@cdlib__c7e09398__seaborn__plotly,giuliorossetti@cdlib__c7e09398,seaborn,plotly,retained_full_594,Included in the published full_594 evaluation set.
glassonion1@anonypy__2a172285__matplotlib__altair,glassonion1@anonypy__2a172285,matplotlib,altair,retained_full_594,Included in the published full_594 evaluation set.
glassonion1@anonypy__2a172285__matplotlib__plotly,glassonion1@anonypy__2a172285,matplotlib,plotly,retained_full_594,Included in the published full_594 evaluation set.
glassonion1@anonypy__2a172285__matplotlib__seaborn,glassonion1@anonypy__2a172285,matplotlib,seaborn,retained_full_594,Included in the published full_594 evaluation set.
google@github_nonpublic_api__895a9075__requests__aiohttp,google@github_nonpublic_api__895a9075,requests,aiohttp,retained_full_594,Included in the published full_594 evaluation set.
google@github_nonpublic_api__895a9075__requests__httpx,google@github_nonpublic_api__895a9075,requests,httpx,retained_full_594,Included in the published full_594 evaluation set.
google@github_nonpublic_api__895a9075__requests__pycurl,google@github_nonpublic_api__895a9075,requests,pycurl,retained_full_594,Included in the published full_594 evaluation set.
google@github_nonpublic_api__895a9075__requests__requests_futures,google@github_nonpublic_api__895a9075,requests,requests_futures,retained_full_594,Included in the published full_594 evaluation set.
google@github_nonpublic_api__895a9075__requests__treq,google@github_nonpublic_api__895a9075,requests,treq,retained_full_594,Included in the published full_594 evaluation set.
google@github_nonpublic_api__895a9075__requests__urllib3,google@github_nonpublic_api__895a9075,requests,urllib3,retained_full_594,Included in the published full_594 evaluation set.
goranvrbaski@python-namesilo__4c867e65__requests__aiohttp,goranvrbaski@python-namesilo__4c867e65,requests,aiohttp,retained_full_594,Included in the published full_594 evaluation set.
goranvrbaski@python-namesilo__4c867e65__requests__httpx,goranvrbaski@python-namesilo__4c867e65,requests,httpx,retained_full_594,Included in the published full_594 evaluation set.
goranvrbaski@python-namesilo__4c867e65__requests__pycurl,goranvrbaski@python-namesilo__4c867e65,requests,pycurl,retained_full_594,Included in the published full_594 evaluation set.
goranvrbaski@python-namesilo__4c867e65__requests__requests_futures,goranvrbaski@python-namesilo__4c867e65,requests,requests_futures,retained_full_594,Included in the published full_594 evaluation set.
goranvrbaski@python-namesilo__4c867e65__requests__treq,goranvrbaski@python-namesilo__4c867e65,requests,treq,retained_full_594,Included in the published full_594 evaluation set.
goranvrbaski@python-namesilo__4c867e65__requests__urllib3,goranvrbaski@python-namesilo__4c867e65,requests,urllib3,retained_full_594,Included in the published full_594 evaluation set.
green-api@whatsapp-api-client-python__82b8d509__requests__aiohttp,green-api@whatsapp-api-client-python__82b8d509,requests,aiohttp,retained_full_594,Included in the published full_594 evaluation set.
green-api@whatsapp-api-client-python__82b8d509__requests__httpx,green-api@whatsapp-api-client-python__82b8d509,requests,httpx,retained_full_594,Included in the published full_594 evaluation set.
green-api@whatsapp-api-client-python__82b8d509__requests__pycurl,green-api@whatsapp-api-client-python__82b8d509,requests,pycurl,retained_full_594,Included in the published full_594 evaluation set.
green-api@whatsapp-api-client-python__82b8d509__requests__requests_futures,green-api@whatsapp-api-client-python__82b8d509,requests,requests_futures,retained_full_594,Included in the published full_594 evaluation set.
green-api@whatsapp-api-client-python__82b8d509__requests__treq,green-api@whatsapp-api-client-python__82b8d509,requests,treq,retained_full_594,Included in the published full_594 evaluation set.
green-api@whatsapp-api-client-python__82b8d509__requests__urllib3,green-api@whatsapp-api-client-python__82b8d509,requests,urllib3,retained_full_594,Included in the published full_594 evaluation set.
gregretkowski@llmsec__fb775c9a__jinja2__mako,gregretkowski@llmsec__fb775c9a,jinja2,mako,retained_full_594,Included in the published full_594 evaluation set.
growthbook@growthbook-python__699fba51__aiohttp__httpx,growthbook@growthbook-python__699fba51,aiohttp,httpx,retained_full_594,Included in the published full_594 evaluation set.
growthbook@growthbook-python__699fba51__cryptography__pycryptodome,growthbook@growthbook-python__699fba51,cryptography,pycryptodome,retained_full_594,Included in the published full_594 evaluation set.
growthbook@growthbook-python__699fba51__urllib3__aiohttp,growthbook@growthbook-python__699fba51,urllib3,aiohttp,retained_full_594,Included in the published full_594 evaluation set.
growthbook@growthbook-python__699fba51__urllib3__httpx,growthbook@growthbook-python__699fba51,urllib3,httpx,retained_full_594,Included in the published full_594 evaluation set.
growthbook@growthbook-python__699fba51__urllib3__requests,growthbook@growthbook-python__699fba51,urllib3,requests,retained_full_594,Included in the published full_594 evaluation set.
gugarosa@learnergy__870d8a6b__matplotlib__altair,gugarosa@learnergy__870d8a6b,matplotlib,altair,baseline_reproducibility,"The baseline test suite did not finish within the reproduction timeout, so no stable pass count was available."
gugarosa@learnergy__870d8a6b__matplotlib__plotly,gugarosa@learnergy__870d8a6b,matplotlib,plotly,baseline_reproducibility,"The baseline test suite did not finish within the reproduction timeout, so no stable pass count was available."
gugarosa@learnergy__870d8a6b__matplotlib__seaborn,gugarosa@learnergy__870d8a6b,matplotlib,seaborn,baseline_reproducibility,"The baseline test suite did not finish within the reproduction timeout, so no stable pass count was available."
gugarosa@opytimizer__e050d12f__matplotlib__altair,gugarosa@opytimizer__e050d12f,matplotlib,altair,retained_full_594,Included in the published full_594 evaluation set.
gugarosa@opytimizer__e050d12f__matplotlib__plotly,gugarosa@opytimizer__e050d12f,matplotlib,plotly,retained_full_594,Included in the published full_594 evaluation set.
gugarosa@opytimizer__e050d12f__matplotlib__seaborn,gugarosa@opytimizer__e050d12f,matplotlib,seaborn,retained_full_594,Included in the published full_594 evaluation set.
gugarosa@opytimizer__e050d12f__tqdm__alive-progress,gugarosa@opytimizer__e050d12f,tqdm,alive-progress,retained_full_594,Included in the published full_594 evaluation set.
gugarosa@opytimizer__e050d12f__tqdm__progressbar2,gugarosa@opytimizer__e050d12f,tqdm,progressbar2,retained_full_594,Included in the published full_594 evaluation set.
haidra-org@ai-horde-styles__1221207a__requests__aiohttp,haidra-org@ai-horde-styles__1221207a,requests,aiohttp,baseline_reproducibility,The tests rely on a model/style reference catalog that drifted from the expected baseline contents.
haidra-org@ai-horde-styles__1221207a__requests__httpx,haidra-org@ai-horde-styles__1221207a,requests,httpx,baseline_reproducibility,The tests rely on a model/style reference catalog that drifted from the expected baseline contents.
haidra-org@ai-horde-styles__1221207a__requests__pycurl,haidra-org@ai-horde-styles__1221207a,requests,pycurl,baseline_reproducibility,The tests rely on a model/style reference catalog that drifted from the expected baseline contents.
haidra-org@ai-horde-styles__1221207a__requests__requests_futures,haidra-org@ai-horde-styles__1221207a,requests,requests_futures,baseline_reproducibility,The tests rely on a model/style reference catalog that drifted from the expected baseline contents.
haidra-org@ai-horde-styles__1221207a__requests__treq,haidra-org@ai-horde-styles__1221207a,requests,treq,baseline_reproducibility,The tests rely on a model/style reference catalog that drifted from the expected baseline contents.
haidra-org@ai-horde-styles__1221207a__requests__urllib3,haidra-org@ai-horde-styles__1221207a,requests,urllib3,baseline_reproducibility,The tests rely on a model/style reference catalog that drifted from the expected baseline contents.
heavenshell@py-doq__75acafb9__jinja2__mako,heavenshell@py-doq__75acafb9,jinja2,mako,retained_full_594,Included in the published full_594 evaluation set.
heavenshell@py-doq__75acafb9__toml__tomli,heavenshell@py-doq__75acafb9,toml,tomli,retained_full_594,Included in the published full_594 evaluation set.
heavenshell@py-doq__75acafb9__toml__tomlkit,heavenshell@py-doq__75acafb9,toml,tomlkit,retained_full_594,Included in the published full_594 evaluation set.
hh-h@aiohttp-swagger3__311f0dc9__attrs__cattrs,hh-h@aiohttp-swagger3__311f0dc9,attrs,cattrs,retained_full_594,Included in the published full_594 evaluation set.
hwonyo@naver_talk_sdk__bf64ca59__requests__aiohttp,hwonyo@naver_talk_sdk__bf64ca59,requests,aiohttp,retained_full_594,Included in the published full_594 evaluation set.
hwonyo@naver_talk_sdk__bf64ca59__requests__httpx,hwonyo@naver_talk_sdk__bf64ca59,requests,httpx,retained_full_594,Included in the published full_594 evaluation set.
hwonyo@naver_talk_sdk__bf64ca59__requests__pycurl,hwonyo@naver_talk_sdk__bf64ca59,requests,pycurl,retained_full_594,Included in the published full_594 evaluation set.
hwonyo@naver_talk_sdk__bf64ca59__requests__requests_futures,hwonyo@naver_talk_sdk__bf64ca59,requests,requests_futures,retained_full_594,Included in the published full_594 evaluation set.
hwonyo@naver_talk_sdk__bf64ca59__requests__treq,hwonyo@naver_talk_sdk__bf64ca59,requests,treq,retained_full_594,Included in the published full_594 evaluation set.
hwonyo@naver_talk_sdk__bf64ca59__requests__urllib3,hwonyo@naver_talk_sdk__bf64ca59,requests,urllib3,retained_full_594,Included in the published full_594 evaluation set.
hxlstandard@libhxl-python__5d18d9f3__requests__aiohttp,hxlstandard@libhxl-python__5d18d9f3,requests,aiohttp,retained_full_594,Included in the published full_594 evaluation set.
hxlstandard@libhxl-python__5d18d9f3__requests__httpx,hxlstandard@libhxl-python__5d18d9f3,requests,httpx,retained_full_594,Included in the published full_594 evaluation set.
hxlstandard@libhxl-python__5d18d9f3__requests__pycurl,hxlstandard@libhxl-python__5d18d9f3,requests,pycurl,retained_full_594,Included in the published full_594 evaluation set.
hxlstandard@libhxl-python__5d18d9f3__requests__requests_futures,hxlstandard@libhxl-python__5d18d9f3,requests,requests_futures,retained_full_594,Included in the published full_594 evaluation set.
hxlstandard@libhxl-python__5d18d9f3__requests__treq,hxlstandard@libhxl-python__5d18d9f3,requests,treq,retained_full_594,Included in the published full_594 evaluation set.
hxlstandard@libhxl-python__5d18d9f3__requests__urllib3,hxlstandard@libhxl-python__5d18d9f3,requests,urllib3,retained_full_594,Included in the published full_594 evaluation set.
hxlstandard@libhxl-python__5d18d9f3__urllib3__aiohttp,hxlstandard@libhxl-python__5d18d9f3,urllib3,aiohttp,retained_full_594,Included in the published full_594 evaluation set.
hxlstandard@libhxl-python__5d18d9f3__urllib3__httpx,hxlstandard@libhxl-python__5d18d9f3,urllib3,httpx,retained_full_594,Included in the published full_594 evaluation set.
hxlstandard@libhxl-python__5d18d9f3__urllib3__requests,hxlstandard@libhxl-python__5d18d9f3,urllib3,requests,retained_full_594,Included in the published full_594 evaluation set.
icane@pyaxis__5217b0e8__requests__aiohttp,icane@pyaxis__5217b0e8,requests,aiohttp,retained_full_594,Included in the published full_594 evaluation set.
icane@pyaxis__5217b0e8__requests__httpx,icane@pyaxis__5217b0e8,requests,httpx,retained_full_594,Included in the published full_594 evaluation set.
icane@pyaxis__5217b0e8__requests__pycurl,icane@pyaxis__5217b0e8,requests,pycurl,retained_full_594,Included in the published full_594 evaluation set.
icane@pyaxis__5217b0e8__requests__requests_futures,icane@pyaxis__5217b0e8,requests,requests_futures,retained_full_594,Included in the published full_594 evaluation set.
icane@pyaxis__5217b0e8__requests__treq,icane@pyaxis__5217b0e8,requests,treq,retained_full_594,Included in the published full_594 evaluation set.
icane@pyaxis__5217b0e8__requests__urllib3,icane@pyaxis__5217b0e8,requests,urllib3,retained_full_594,Included in the published full_594 evaluation set.
icon-project@icon-sdk-python__50c75a50__requests__aiohttp,icon-project@icon-sdk-python__50c75a50,requests,aiohttp,retained_full_594,Included in the published full_594 evaluation set.
icon-project@icon-sdk-python__50c75a50__requests__httpx,icon-project@icon-sdk-python__50c75a50,requests,httpx,retained_full_594,Included in the published full_594 evaluation set.
icon-project@icon-sdk-python__50c75a50__requests__pycurl,icon-project@icon-sdk-python__50c75a50,requests,pycurl,retained_full_594,Included in the published full_594 evaluation set.
icon-project@icon-sdk-python__50c75a50__requests__requests_futures,icon-project@icon-sdk-python__50c75a50,requests,requests_futures,retained_full_594,Included in the published full_594 evaluation set.
icon-project@icon-sdk-python__50c75a50__requests__treq,icon-project@icon-sdk-python__50c75a50,requests,treq,retained_full_594,Included in the published full_594 evaluation set.
icon-project@icon-sdk-python__50c75a50__requests__urllib3,icon-project@icon-sdk-python__50c75a50,requests,urllib3,retained_full_594,Included in the published full_594 evaluation set.
infomaniak@certbot-dns-infomaniak__33519931__requests__aiohttp,infomaniak@certbot-dns-infomaniak__33519931,requests,aiohttp,retained_full_594,Included in the published full_594 evaluation set.
infomaniak@certbot-dns-infomaniak__33519931__requests__httpx,infomaniak@certbot-dns-infomaniak__33519931,requests,httpx,retained_full_594,Included in the published full_594 evaluation set.
infomaniak@certbot-dns-infomaniak__33519931__requests__pycurl,infomaniak@certbot-dns-infomaniak__33519931,requests,pycurl,retained_full_594,Included in the published full_594 evaluation set.
infomaniak@certbot-dns-infomaniak__33519931__requests__requests_futures,infomaniak@certbot-dns-infomaniak__33519931,requests,requests_futures,retained_full_594,Included in the published full_594 evaluation set.
infomaniak@certbot-dns-infomaniak__33519931__requests__treq,infomaniak@certbot-dns-infomaniak__33519931,requests,treq,retained_full_594,Included in the published full_594 evaluation set.
infomaniak@certbot-dns-infomaniak__33519931__requests__urllib3,infomaniak@certbot-dns-infomaniak__33519931,requests,urllib3,retained_full_594,Included in the published full_594 evaluation set.
internetarchive@openlibrary-client__7e45d512__jsonschema__cerberus,internetarchive@openlibrary-client__7e45d512,jsonschema,cerberus,retained_full_594,Included in the published full_594 evaluation set.
internetarchive@openlibrary-client__7e45d512__requests__aiohttp,internetarchive@openlibrary-client__7e45d512,requests,aiohttp,retained_full_594,Included in the published full_594 evaluation set.
internetarchive@openlibrary-client__7e45d512__requests__httpx,internetarchive@openlibrary-client__7e45d512,requests,httpx,retained_full_594,Included in the published full_594 evaluation set.
internetarchive@openlibrary-client__7e45d512__requests__pycurl,internetarchive@openlibrary-client__7e45d512,requests,pycurl,retained_full_594,Included in the published full_594 evaluation set.
internetarchive@openlibrary-client__7e45d512__requests__requests_futures,internetarchive@openlibrary-client__7e45d512,requests,requests_futures,retained_full_594,Included in the published full_594 evaluation set.
internetarchive@openlibrary-client__7e45d512__requests__treq,internetarchive@openlibrary-client__7e45d512,requests,treq,retained_full_594,Included in the published full_594 evaluation set.
internetarchive@openlibrary-client__7e45d512__requests__urllib3,internetarchive@openlibrary-client__7e45d512,requests,urllib3,retained_full_594,Included in the published full_594 evaluation set.
invinet@python-en16931__5e3a4a6c__requests__aiohttp,invinet@python-en16931__5e3a4a6c,requests,aiohttp,retained_full_594,Included in the published full_594 evaluation set.
invinet@python-en16931__5e3a4a6c__requests__httpx,invinet@python-en16931__5e3a4a6c,requests,httpx,retained_full_594,Included in the published full_594 evaluation set.
invinet@python-en16931__5e3a4a6c__requests__pycurl,invinet@python-en16931__5e3a4a6c,requests,pycurl,retained_full_594,Included in the published full_594 evaluation set.
invinet@python-en16931__5e3a4a6c__requests__requests_futures,invinet@python-en16931__5e3a4a6c,requests,requests_futures,retained_full_594,Included in the published full_594 evaluation set.
invinet@python-en16931__5e3a4a6c__requests__treq,invinet@python-en16931__5e3a4a6c,requests,treq,retained_full_594,Included in the published full_594 evaluation set.
invinet@python-en16931__5e3a4a6c__requests__urllib3,invinet@python-en16931__5e3a4a6c,requests,urllib3,retained_full_594,Included in the published full_594 evaluation set.
ioggstream@draft-polli-restapi-ld-keywords__f2cb1952__jsonschema__cerberus,ioggstream@draft-polli-restapi-ld-keywords__f2cb1952,jsonschema,cerberus,retained_full_594,Included in the published full_594 evaluation set.
irahorecka@comics__47a0b5c2__beautifulsoup4__pyquery,irahorecka@comics__47a0b5c2,beautifulsoup4,pyquery,unavailable_commit,The recorded upstream repository commit could not be retrieved during setup.
irahorecka@comics__47a0b5c2__requests__aiohttp,irahorecka@comics__47a0b5c2,requests,aiohttp,unavailable_commit,The recorded upstream repository commit could not be retrieved during setup.
irahorecka@comics__47a0b5c2__requests__httpx,irahorecka@comics__47a0b5c2,requests,httpx,unavailable_commit,The recorded upstream repository commit could not be retrieved during setup.
irahorecka@comics__47a0b5c2__requests__pycurl,irahorecka@comics__47a0b5c2,requests,pycurl,unavailable_commit,The recorded upstream repository commit could not be retrieved during setup.
irahorecka@comics__47a0b5c2__requests__requests_futures,irahorecka@comics__47a0b5c2,requests,requests_futures,unavailable_commit,The recorded upstream repository commit could not be retrieved during setup.
irahorecka@comics__47a0b5c2__requests__treq,irahorecka@comics__47a0b5c2,requests,treq,unavailable_commit,The recorded upstream repository commit could not be retrieved during setup.
irahorecka@comics__47a0b5c2__requests__urllib3,irahorecka@comics__47a0b5c2,requests,urllib3,unavailable_commit,The recorded upstream repository commit could not be retrieved during setup.
iterative@dvcyaml-schema__0cbc8bf7__jsonschema__cerberus,iterative@dvcyaml-schema__0cbc8bf7,jsonschema,cerberus,retained_full_594,Included in the published full_594 evaluation set.
j4asper@dmr.py__8f335fd5__aiohttp__httpx,j4asper@dmr.py__8f335fd5,aiohttp,httpx,baseline_reproducibility,The tests assert values parsed from live vehicle/registry data that changed or disappeared since the original artifact.
j4asper@dmr.py__8f335fd5__requests__aiohttp,j4asper@dmr.py__8f335fd5,requests,aiohttp,baseline_reproducibility,The tests assert values parsed from live vehicle/registry data that changed or disappeared since the original artifact.
j4asper@dmr.py__8f335fd5__requests__httpx,j4asper@dmr.py__8f335fd5,requests,httpx,baseline_reproducibility,The tests assert values parsed from live vehicle/registry data that changed or disappeared since the original artifact.
j4asper@dmr.py__8f335fd5__requests__pycurl,j4asper@dmr.py__8f335fd5,requests,pycurl,baseline_reproducibility,The tests assert values parsed from live vehicle/registry data that changed or disappeared since the original artifact.
j4asper@dmr.py__8f335fd5__requests__requests_futures,j4asper@dmr.py__8f335fd5,requests,requests_futures,baseline_reproducibility,The tests assert values parsed from live vehicle/registry data that changed or disappeared since the original artifact.
j4asper@dmr.py__8f335fd5__requests__treq,j4asper@dmr.py__8f335fd5,requests,treq,baseline_reproducibility,The tests assert values parsed from live vehicle/registry data that changed or disappeared since the original artifact.
j4asper@dmr.py__8f335fd5__requests__urllib3,j4asper@dmr.py__8f335fd5,requests,urllib3,baseline_reproducibility,The tests assert values parsed from live vehicle/registry data that changed or disappeared since the original artifact.
jacob-y@django-clean-architecture__103d89e4__requests__aiohttp,jacob-y@django-clean-architecture__103d89e4,requests,aiohttp,retained_full_594,Included in the published full_594 evaluation set.
jacob-y@django-clean-architecture__103d89e4__requests__httpx,jacob-y@django-clean-architecture__103d89e4,requests,httpx,retained_full_594,Included in the published full_594 evaluation set.
jacob-y@django-clean-architecture__103d89e4__requests__pycurl,jacob-y@django-clean-architecture__103d89e4,requests,pycurl,retained_full_594,Included in the published full_594 evaluation set.
jacob-y@django-clean-architecture__103d89e4__requests__requests_futures,jacob-y@django-clean-architecture__103d89e4,requests,requests_futures,retained_full_594,Included in the published full_594 evaluation set.
jacob-y@django-clean-architecture__103d89e4__requests__treq,jacob-y@django-clean-architecture__103d89e4,requests,treq,retained_full_594,Included in the published full_594 evaluation set.
jacob-y@django-clean-architecture__103d89e4__requests__urllib3,jacob-y@django-clean-architecture__103d89e4,requests,urllib3,retained_full_594,Included in the published full_594 evaluation set.
jaldekoa@bcra-wrapper__73c84046__requests__aiohttp,jaldekoa@bcra-wrapper__73c84046,requests,aiohttp,baseline_reproducibility,"Test collection performs a live HTTPS call to the BCRA API, and certificate verification failed in the reproduction environment."
jaldekoa@bcra-wrapper__73c84046__requests__httpx,jaldekoa@bcra-wrapper__73c84046,requests,httpx,baseline_reproducibility,"Test collection performs a live HTTPS call to the BCRA API, and certificate verification failed in the reproduction environment."
jaldekoa@bcra-wrapper__73c84046__requests__pycurl,jaldekoa@bcra-wrapper__73c84046,requests,pycurl,baseline_reproducibility,"Test collection performs a live HTTPS call to the BCRA API, and certificate verification failed in the reproduction environment."
jaldekoa@bcra-wrapper__73c84046__requests__requests_futures,jaldekoa@bcra-wrapper__73c84046,requests,requests_futures,baseline_reproducibility,"Test collection performs a live HTTPS call to the BCRA API, and certificate verification failed in the reproduction environment."
jaldekoa@bcra-wrapper__73c84046__requests__treq,jaldekoa@bcra-wrapper__73c84046,requests,treq,baseline_reproducibility,"Test collection performs a live HTTPS call to the BCRA API, and certificate verification failed in the reproduction environment."
jaldekoa@bcra-wrapper__73c84046__requests__urllib3,jaldekoa@bcra-wrapper__73c84046,requests,urllib3,baseline_reproducibility,"Test collection performs a live HTTPS call to the BCRA API, and certificate verification failed in the reproduction environment."
jannisborn@paperscraper__fa7c5e26__requests__aiohttp,jannisborn@paperscraper__fa7c5e26,requests,aiohttp,baseline_reproducibility,The tests depend on live scholarly services and current metadata whose responses changed or became inaccessible.
jannisborn@paperscraper__fa7c5e26__requests__httpx,jannisborn@paperscraper__fa7c5e26,requests,httpx,baseline_reproducibility,The tests depend on live scholarly services and current metadata whose responses changed or became inaccessible.
jannisborn@paperscraper__fa7c5e26__requests__pycurl,jannisborn@paperscraper__fa7c5e26,requests,pycurl,baseline_reproducibility,The tests depend on live scholarly services and current metadata whose responses changed or became inaccessible.
jannisborn@paperscraper__fa7c5e26__requests__requests_futures,jannisborn@paperscraper__fa7c5e26,requests,requests_futures,baseline_reproducibility,The tests depend on live scholarly services and current metadata whose responses changed or became inaccessible.
jannisborn@paperscraper__fa7c5e26__requests__treq,jannisborn@paperscraper__fa7c5e26,requests,treq,baseline_reproducibility,The tests depend on live scholarly services and current metadata whose responses changed or became inaccessible.
jannisborn@paperscraper__fa7c5e26__requests__urllib3,jannisborn@paperscraper__fa7c5e26,requests,urllib3,baseline_reproducibility,The tests depend on live scholarly services and current metadata whose responses changed or became inaccessible.
jannisborn@paperscraper__fa7c5e26__tqdm__alive-progress,jannisborn@paperscraper__fa7c5e26,tqdm,alive-progress,baseline_reproducibility,The tests depend on live scholarly services and current metadata whose responses changed or became inaccessible.
jannisborn@paperscraper__fa7c5e26__tqdm__progressbar2,jannisborn@paperscraper__fa7c5e26,tqdm,progressbar2,baseline_reproducibility,The tests depend on live scholarly services and current metadata whose responses changed or became inaccessible.
janushendersonassetallocation@loman__94813f8a__matplotlib__altair,janushendersonassetallocation@loman__94813f8a,matplotlib,altair,retained_full_594,Included in the published full_594 evaluation set.
janushendersonassetallocation@loman__94813f8a__matplotlib__plotly,janushendersonassetallocation@loman__94813f8a,matplotlib,plotly,retained_full_594,Included in the published full_594 evaluation set.
janushendersonassetallocation@loman__94813f8a__matplotlib__seaborn,janushendersonassetallocation@loman__94813f8a,matplotlib,seaborn,retained_full_594,Included in the published full_594 evaluation set.
jborchma@qtrade__7f89efd9__requests__aiohttp,jborchma@qtrade__7f89efd9,requests,aiohttp,retained_full_594,Included in the published full_594 evaluation set.
jborchma@qtrade__7f89efd9__requests__httpx,jborchma@qtrade__7f89efd9,requests,httpx,retained_full_594,Included in the published full_594 evaluation set.
jborchma@qtrade__7f89efd9__requests__pycurl,jborchma@qtrade__7f89efd9,requests,pycurl,retained_full_594,Included in the published full_594 evaluation set.
jborchma@qtrade__7f89efd9__requests__requests_futures,jborchma@qtrade__7f89efd9,requests,requests_futures,retained_full_594,Included in the published full_594 evaluation set.
jborchma@qtrade__7f89efd9__requests__treq,jborchma@qtrade__7f89efd9,requests,treq,retained_full_594,Included in the published full_594 evaluation set.
jborchma@qtrade__7f89efd9__requests__urllib3,jborchma@qtrade__7f89efd9,requests,urllib3,retained_full_594,Included in the published full_594 evaluation set.
joeyagreco@sleeper__f5beb770__requests__aiohttp,joeyagreco@sleeper__f5beb770,requests,aiohttp,retained_full_594,Included in the published full_594 evaluation set.
joeyagreco@sleeper__f5beb770__requests__httpx,joeyagreco@sleeper__f5beb770,requests,httpx,retained_full_594,Included in the published full_594 evaluation set.
joeyagreco@sleeper__f5beb770__requests__pycurl,joeyagreco@sleeper__f5beb770,requests,pycurl,retained_full_594,Included in the published full_594 evaluation set.
joeyagreco@sleeper__f5beb770__requests__requests_futures,joeyagreco@sleeper__f5beb770,requests,requests_futures,retained_full_594,Included in the published full_594 evaluation set.
joeyagreco@sleeper__f5beb770__requests__treq,joeyagreco@sleeper__f5beb770,requests,treq,retained_full_594,Included in the published full_594 evaluation set.
joeyagreco@sleeper__f5beb770__requests__urllib3,joeyagreco@sleeper__f5beb770,requests,urllib3,retained_full_594,Included in the published full_594 evaluation set.
josephbarbierdarnal@pyfonts__49bc8432__matplotlib__altair,josephbarbierdarnal@pyfonts__49bc8432,matplotlib,altair,retained_full_594,Included in the published full_594 evaluation set.
josephbarbierdarnal@pyfonts__49bc8432__matplotlib__plotly,josephbarbierdarnal@pyfonts__49bc8432,matplotlib,plotly,retained_full_594,Included in the published full_594 evaluation set.
josephbarbierdarnal@pyfonts__49bc8432__matplotlib__seaborn,josephbarbierdarnal@pyfonts__49bc8432,matplotlib,seaborn,retained_full_594,Included in the published full_594 evaluation set.
juanjosalvador@nyaapy__38df01c2__requests__aiohttp,juanjosalvador@nyaapy__38df01c2,requests,aiohttp,retained_full_594,Included in the published full_594 evaluation set.
juanjosalvador@nyaapy__38df01c2__requests__httpx,juanjosalvador@nyaapy__38df01c2,requests,httpx,retained_full_594,Included in the published full_594 evaluation set.
juanjosalvador@nyaapy__38df01c2__requests__pycurl,juanjosalvador@nyaapy__38df01c2,requests,pycurl,retained_full_594,Included in the published full_594 evaluation set.
juanjosalvador@nyaapy__38df01c2__requests__requests_futures,juanjosalvador@nyaapy__38df01c2,requests,requests_futures,retained_full_594,Included in the published full_594 evaluation set.
juanjosalvador@nyaapy__38df01c2__requests__treq,juanjosalvador@nyaapy__38df01c2,requests,treq,retained_full_594,Included in the published full_594 evaluation set.
juanjosalvador@nyaapy__38df01c2__requests__urllib3,juanjosalvador@nyaapy__38df01c2,requests,urllib3,retained_full_594,Included in the published full_594 evaluation set.
julian@venvs__71ef4365__attrs__cattrs,julian@venvs__71ef4365,attrs,cattrs,retained_full_594,Included in the published full_594 evaluation set.
julian@venvs__71ef4365__click__plac,julian@venvs__71ef4365,click,plac,test_selection_applicability,Recorded as excluded by the applicable-test/test-selection filter; the archived case table does not specify a more detailed per-case cause.
julian@venvs__71ef4365__click__typer,julian@venvs__71ef4365,click,typer,test_selection_applicability,Recorded as excluded by the applicable-test/test-selection filter; the archived case table does not specify a more detailed per-case cause.
julian@venvs__71ef4365__tqdm__alive-progress,julian@venvs__71ef4365,tqdm,alive-progress,retained_full_594,Included in the published full_594 evaluation set.
julian@venvs__71ef4365__tqdm__progressbar2,julian@venvs__71ef4365,tqdm,progressbar2,retained_full_594,Included in the published full_594 evaluation set.
junah201@atcoder-readme-stats__c41ed032__beautifulsoup4__pyquery,junah201@atcoder-readme-stats__c41ed032,beautifulsoup4,pyquery,retained_full_594,Included in the published full_594 evaluation set.
junah201@atcoder-readme-stats__c41ed032__requests__aiohttp,junah201@atcoder-readme-stats__c41ed032,requests,aiohttp,retained_full_594,Included in the published full_594 evaluation set.
junah201@atcoder-readme-stats__c41ed032__requests__httpx,junah201@atcoder-readme-stats__c41ed032,requests,httpx,retained_full_594,Included in the published full_594 evaluation set.
junah201@atcoder-readme-stats__c41ed032__requests__pycurl,junah201@atcoder-readme-stats__c41ed032,requests,pycurl,retained_full_594,Included in the published full_594 evaluation set.
junah201@atcoder-readme-stats__c41ed032__requests__requests_futures,junah201@atcoder-readme-stats__c41ed032,requests,requests_futures,retained_full_594,Included in the published full_594 evaluation set.
junah201@atcoder-readme-stats__c41ed032__requests__treq,junah201@atcoder-readme-stats__c41ed032,requests,treq,retained_full_594,Included in the published full_594 evaluation set.
junah201@atcoder-readme-stats__c41ed032__requests__urllib3,junah201@atcoder-readme-stats__c41ed032,requests,urllib3,retained_full_594,Included in the published full_594 evaluation set.
jundymek@free-proxy__6e391030__requests__aiohttp,jundymek@free-proxy__6e391030,requests,aiohttp,retained_full_594,Included in the published full_594 evaluation set.
jundymek@free-proxy__6e391030__requests__httpx,jundymek@free-proxy__6e391030,requests,httpx,retained_full_594,Included in the published full_594 evaluation set.
jundymek@free-proxy__6e391030__requests__pycurl,jundymek@free-proxy__6e391030,requests,pycurl,retained_full_594,Included in the published full_594 evaluation set.
jundymek@free-proxy__6e391030__requests__requests_futures,jundymek@free-proxy__6e391030,requests,requests_futures,retained_full_594,Included in the published full_594 evaluation set.
jundymek@free-proxy__6e391030__requests__treq,jundymek@free-proxy__6e391030,requests,treq,retained_full_594,Included in the published full_594 evaluation set.
jundymek@free-proxy__6e391030__requests__urllib3,jundymek@free-proxy__6e391030,requests,urllib3,retained_full_594,Included in the published full_594 evaluation set.
k1m0ch1@bibit__9ae395ed__urllib3__aiohttp,k1m0ch1@bibit__9ae395ed,urllib3,aiohttp,retained_full_594,Included in the published full_594 evaluation set.
k1m0ch1@bibit__9ae395ed__urllib3__httpx,k1m0ch1@bibit__9ae395ed,urllib3,httpx,retained_full_594,Included in the published full_594 evaluation set.
k1m0ch1@bibit__9ae395ed__urllib3__requests,k1m0ch1@bibit__9ae395ed,urllib3,requests,retained_full_594,Included in the published full_594 evaluation set.
kavigupta@ast_scope__86e079f1__attrs__cattrs,kavigupta@ast_scope__86e079f1,attrs,cattrs,retained_full_594,Included in the published full_594 evaluation set.
kmiq@coinbase-advanced-python__660f2f07__requests__aiohttp,kmiq@coinbase-advanced-python__660f2f07,requests,aiohttp,retained_full_594,Included in the published full_594 evaluation set.
kmiq@coinbase-advanced-python__660f2f07__requests__httpx,kmiq@coinbase-advanced-python__660f2f07,requests,httpx,retained_full_594,Included in the published full_594 evaluation set.
kmiq@coinbase-advanced-python__660f2f07__requests__pycurl,kmiq@coinbase-advanced-python__660f2f07,requests,pycurl,retained_full_594,Included in the published full_594 evaluation set.
kmiq@coinbase-advanced-python__660f2f07__requests__requests_futures,kmiq@coinbase-advanced-python__660f2f07,requests,requests_futures,retained_full_594,Included in the published full_594 evaluation set.
kmiq@coinbase-advanced-python__660f2f07__requests__treq,kmiq@coinbase-advanced-python__660f2f07,requests,treq,retained_full_594,Included in the published full_594 evaluation set.
kmiq@coinbase-advanced-python__660f2f07__requests__urllib3,kmiq@coinbase-advanced-python__660f2f07,requests,urllib3,retained_full_594,Included in the published full_594 evaluation set.
kmjennison@dfp-prebid-setup__280eba17__colorama__rich,kmjennison@dfp-prebid-setup__280eba17,colorama,rich,retained_full_594,Included in the published full_594 evaluation set.
kmjennison@dfp-prebid-setup__280eba17__colorama__termcolor,kmjennison@dfp-prebid-setup__280eba17,colorama,termcolor,retained_full_594,Included in the published full_594 evaluation set.
knovichikhin@psec__7c71610b__cryptography__pycryptodome,knovichikhin@psec__7c71610b,cryptography,pycryptodome,retained_full_594,Included in the published full_594 evaluation set.
knovichikhin@pyemv__d7df75c3__cryptography__pycryptodome,knovichikhin@pyemv__d7df75c3,cryptography,pycryptodome,retained_full_594,Included in the published full_594 evaluation set.
kura@yarg__6378a9f4__requests__aiohttp,kura@yarg__6378a9f4,requests,aiohttp,retained_full_594,Included in the published full_594 evaluation set.
kura@yarg__6378a9f4__requests__httpx,kura@yarg__6378a9f4,requests,httpx,retained_full_594,Included in the published full_594 evaluation set.
kura@yarg__6378a9f4__requests__pycurl,kura@yarg__6378a9f4,requests,pycurl,retained_full_594,Included in the published full_594 evaluation set.
kura@yarg__6378a9f4__requests__requests_futures,kura@yarg__6378a9f4,requests,requests_futures,retained_full_594,Included in the published full_594 evaluation set.
kura@yarg__6378a9f4__requests__treq,kura@yarg__6378a9f4,requests,treq,retained_full_594,Included in the published full_594 evaluation set.
kura@yarg__6378a9f4__requests__urllib3,kura@yarg__6378a9f4,requests,urllib3,retained_full_594,Included in the published full_594 evaluation set.
lamoreauxlab@srpenergy-api-client-python__693bafd8__requests__aiohttp,lamoreauxlab@srpenergy-api-client-python__693bafd8,requests,aiohttp,retained_full_594,Included in the published full_594 evaluation set.
lamoreauxlab@srpenergy-api-client-python__693bafd8__requests__httpx,lamoreauxlab@srpenergy-api-client-python__693bafd8,requests,httpx,retained_full_594,Included in the published full_594 evaluation set.
lamoreauxlab@srpenergy-api-client-python__693bafd8__requests__pycurl,lamoreauxlab@srpenergy-api-client-python__693bafd8,requests,pycurl,retained_full_594,Included in the published full_594 evaluation set.
lamoreauxlab@srpenergy-api-client-python__693bafd8__requests__requests_futures,lamoreauxlab@srpenergy-api-client-python__693bafd8,requests,requests_futures,retained_full_594,Included in the published full_594 evaluation set.
lamoreauxlab@srpenergy-api-client-python__693bafd8__requests__treq,lamoreauxlab@srpenergy-api-client-python__693bafd8,requests,treq,retained_full_594,Included in the published full_594 evaluation set.
lamoreauxlab@srpenergy-api-client-python__693bafd8__requests__urllib3,lamoreauxlab@srpenergy-api-client-python__693bafd8,requests,urllib3,retained_full_594,Included in the published full_594 evaluation set.
lipoja@urlextract__3dec042b__filelock__portalocker,lipoja@urlextract__3dec042b,filelock,portalocker,retained_full_594,Included in the published full_594 evaluation set.
lmcinnes@glasbey__37cd1125__matplotlib__altair,lmcinnes@glasbey__37cd1125,matplotlib,altair,retained_full_594,Included in the published full_594 evaluation set.
lmcinnes@glasbey__37cd1125__matplotlib__plotly,lmcinnes@glasbey__37cd1125,matplotlib,plotly,retained_full_594,Included in the published full_594 evaluation set.
lmcinnes@glasbey__37cd1125__matplotlib__seaborn,lmcinnes@glasbey__37cd1125,matplotlib,seaborn,retained_full_594,Included in the published full_594 evaluation set.
lukasschwab@arxiv.py__a1180d0e__requests__aiohttp,lukasschwab@arxiv.py__a1180d0e,requests,aiohttp,retained_full_594,Included in the published full_594 evaluation set.
lukasschwab@arxiv.py__a1180d0e__requests__httpx,lukasschwab@arxiv.py__a1180d0e,requests,httpx,retained_full_594,Included in the published full_594 evaluation set.
lukasschwab@arxiv.py__a1180d0e__requests__pycurl,lukasschwab@arxiv.py__a1180d0e,requests,pycurl,retained_full_594,Included in the published full_594 evaluation set.
lukasschwab@arxiv.py__a1180d0e__requests__requests_futures,lukasschwab@arxiv.py__a1180d0e,requests,requests_futures,retained_full_594,Included in the published full_594 evaluation set.
lukasschwab@arxiv.py__a1180d0e__requests__treq,lukasschwab@arxiv.py__a1180d0e,requests,treq,retained_full_594,Included in the published full_594 evaluation set.
lukasschwab@arxiv.py__a1180d0e__requests__urllib3,lukasschwab@arxiv.py__a1180d0e,requests,urllib3,retained_full_594,Included in the published full_594 evaluation set.
malmgrek@gammy__0b347ec9__matplotlib__altair,malmgrek@gammy__0b347ec9,matplotlib,altair,retained_full_594,Included in the published full_594 evaluation set.
malmgrek@gammy__0b347ec9__matplotlib__plotly,malmgrek@gammy__0b347ec9,matplotlib,plotly,retained_full_594,Included in the published full_594 evaluation set.
malmgrek@gammy__0b347ec9__matplotlib__seaborn,malmgrek@gammy__0b347ec9,matplotlib,seaborn,retained_full_594,Included in the published full_594 evaluation set.
martin-majlis@wikipedia-api__a58db566__requests__aiohttp,martin-majlis@wikipedia-api__a58db566,requests,aiohttp,retained_full_594,Included in the published full_594 evaluation set.
martin-majlis@wikipedia-api__a58db566__requests__httpx,martin-majlis@wikipedia-api__a58db566,requests,httpx,retained_full_594,Included in the published full_594 evaluation set.
martin-majlis@wikipedia-api__a58db566__requests__pycurl,martin-majlis@wikipedia-api__a58db566,requests,pycurl,retained_full_594,Included in the published full_594 evaluation set.
martin-majlis@wikipedia-api__a58db566__requests__requests_futures,martin-majlis@wikipedia-api__a58db566,requests,requests_futures,retained_full_594,Included in the published full_594 evaluation set.
martin-majlis@wikipedia-api__a58db566__requests__treq,martin-majlis@wikipedia-api__a58db566,requests,treq,retained_full_594,Included in the published full_594 evaluation set.
martin-majlis@wikipedia-api__a58db566__requests__urllib3,martin-majlis@wikipedia-api__a58db566,requests,urllib3,retained_full_594,Included in the published full_594 evaluation set.
medialab@casanova__38b9a281__urllib3__aiohttp,medialab@casanova__38b9a281,urllib3,aiohttp,retained_full_594,Included in the published full_594 evaluation set.
medialab@casanova__38b9a281__urllib3__httpx,medialab@casanova__38b9a281,urllib3,httpx,retained_full_594,Included in the published full_594 evaluation set.
medialab@casanova__38b9a281__urllib3__requests,medialab@casanova__38b9a281,urllib3,requests,retained_full_594,Included in the published full_594 evaluation set.
metlife@ocspchecker__c9db90c5__cryptography__pycryptodome,metlife@ocspchecker__c9db90c5,cryptography,pycryptodome,baseline_reproducibility,Certificate-chain and OCSP responder tests rely on live certificate state that changed since the artifact was created.
microsoft@knack__b1164b57__pygments__rich,microsoft@knack__b1164b57,pygments,rich,retained_full_594,Included in the published full_594 evaluation set.
microsoft@knack__b1164b57__tabulate__prettytable,microsoft@knack__b1164b57,tabulate,prettytable,retained_full_594,Included in the published full_594 evaluation set.
microsoft@knack__b1164b57__tabulate__rich,microsoft@knack__b1164b57,tabulate,rich,retained_full_594,Included in the published full_594 evaluation set.
miguelgrinberg@microblog-api__e250d711__click__plac,miguelgrinberg@microblog-api__e250d711,click,plac,retained_full_594,Included in the published full_594 evaluation set.
miguelgrinberg@microblog-api__e250d711__click__typer,miguelgrinberg@microblog-api__e250d711,click,typer,retained_full_594,Included in the published full_594 evaluation set.
miguelgrinberg@microblog-api__e250d711__flask__bottle,miguelgrinberg@microblog-api__e250d711,flask,bottle,test_selection_applicability,Recorded as excluded by the applicable-test/test-selection filter; the archived case table does not specify a more detailed per-case cause.
miguelgrinberg@microblog-api__e250d711__flask__cherrypy,miguelgrinberg@microblog-api__e250d711,flask,cherrypy,test_selection_applicability,Recorded as excluded by the applicable-test/test-selection filter; the archived case table does not specify a more detailed per-case cause.
miguelgrinberg@microblog-api__e250d711__flask__fastapi,miguelgrinberg@microblog-api__e250d711,flask,fastapi,test_selection_applicability,Recorded as excluded by the applicable-test/test-selection filter; the archived case table does not specify a more detailed per-case cause.
miguelgrinberg@microblog-api__e250d711__flask__sanic,miguelgrinberg@microblog-api__e250d711,flask,sanic,test_selection_applicability,Recorded as excluded by the applicable-test/test-selection filter; the archived case table does not specify a more detailed per-case cause.
miguelgrinberg@microblog-api__e250d711__flask__tornado,miguelgrinberg@microblog-api__e250d711,flask,tornado,test_selection_applicability,Recorded as excluded by the applicable-test/test-selection filter; the archived case table does not specify a more detailed per-case cause.
miguelgrinberg@microblog-api__e250d711__python-dotenv__dynaconf,miguelgrinberg@microblog-api__e250d711,python-dotenv,dynaconf,retained_full_594,Included in the published full_594 evaluation set.
miguelgrinberg@microblog-api__e250d711__python-dotenv__environs,miguelgrinberg@microblog-api__e250d711,python-dotenv,environs,retained_full_594,Included in the published full_594 evaluation set.
miguelgrinberg@microblog-api__e250d711__requests__aiohttp,miguelgrinberg@microblog-api__e250d711,requests,aiohttp,retained_full_594,Included in the published full_594 evaluation set.
miguelgrinberg@microblog-api__e250d711__requests__httpx,miguelgrinberg@microblog-api__e250d711,requests,httpx,retained_full_594,Included in the published full_594 evaluation set.
miguelgrinberg@microblog-api__e250d711__requests__pycurl,miguelgrinberg@microblog-api__e250d711,requests,pycurl,retained_full_594,Included in the published full_594 evaluation set.
miguelgrinberg@microblog-api__e250d711__requests__requests_futures,miguelgrinberg@microblog-api__e250d711,requests,requests_futures,retained_full_594,Included in the published full_594 evaluation set.
miguelgrinberg@microblog-api__e250d711__requests__treq,miguelgrinberg@microblog-api__e250d711,requests,treq,retained_full_594,Included in the published full_594 evaluation set.
miguelgrinberg@microblog-api__e250d711__requests__urllib3,miguelgrinberg@microblog-api__e250d711,requests,urllib3,retained_full_594,Included in the published full_594 evaluation set.
mindsdb@mindsdb_sql__5a7cf55c__sqlalchemy__sqlobject,mindsdb@mindsdb_sql__5a7cf55c,sqlalchemy,sqlobject,retained_full_594,Included in the published full_594 evaluation set.
mindsdb@mindsdb_sql__5a7cf55c__sqlalchemy__tortoise-orm,mindsdb@mindsdb_sql__5a7cf55c,sqlalchemy,tortoise-orm,retained_full_594,Included in the published full_594 evaluation set.
natcap@taskgraph__3f256c6a__importlib-metadata__setuptools,natcap@taskgraph__3f256c6a,importlib-metadata,setuptools,retained_full_594,Included in the published full_594 evaluation set.
octodns@octodns-ddns__d152390d__requests__aiohttp,octodns@octodns-ddns__d152390d,requests,aiohttp,retained_full_594,Included in the published full_594 evaluation set.
octodns@octodns-ddns__d152390d__requests__httpx,octodns@octodns-ddns__d152390d,requests,httpx,retained_full_594,Included in the published full_594 evaluation set.
octodns@octodns-ddns__d152390d__requests__pycurl,octodns@octodns-ddns__d152390d,requests,pycurl,retained_full_594,Included in the published full_594 evaluation set.
octodns@octodns-ddns__d152390d__requests__requests_futures,octodns@octodns-ddns__d152390d,requests,requests_futures,retained_full_594,Included in the published full_594 evaluation set.
octodns@octodns-ddns__d152390d__requests__treq,octodns@octodns-ddns__d152390d,requests,treq,retained_full_594,Included in the published full_594 evaluation set.
octodns@octodns-ddns__d152390d__requests__urllib3,octodns@octodns-ddns__d152390d,requests,urllib3,retained_full_594,Included in the published full_594 evaluation set.
omadson@fuzzy-c-means__c1195969__tqdm__alive-progress,omadson@fuzzy-c-means__c1195969,tqdm,alive-progress,retained_full_594,Included in the published full_594 evaluation set.
omadson@fuzzy-c-means__c1195969__tqdm__progressbar2,omadson@fuzzy-c-means__c1195969,tqdm,progressbar2,retained_full_594,Included in the published full_594 evaluation set.
opendilab@di-toolkit__8d728a42__click__plac,opendilab@di-toolkit__8d728a42,click,plac,retained_full_594,Included in the published full_594 evaluation set.
opendilab@di-toolkit__8d728a42__click__typer,opendilab@di-toolkit__8d728a42,click,typer,retained_full_594,Included in the published full_594 evaluation set.
opendilab@di-toolkit__8d728a42__matplotlib__altair,opendilab@di-toolkit__8d728a42,matplotlib,altair,retained_full_594,Included in the published full_594 evaluation set.
opendilab@di-toolkit__8d728a42__matplotlib__plotly,opendilab@di-toolkit__8d728a42,matplotlib,plotly,retained_full_594,Included in the published full_594 evaluation set.
opendilab@di-toolkit__8d728a42__matplotlib__seaborn,opendilab@di-toolkit__8d728a42,matplotlib,seaborn,retained_full_594,Included in the published full_594 evaluation set.
opendilab@di-toolkit__8d728a42__seaborn__altair,opendilab@di-toolkit__8d728a42,seaborn,altair,retained_full_594,Included in the published full_594 evaluation set.
opendilab@di-toolkit__8d728a42__seaborn__plotly,opendilab@di-toolkit__8d728a42,seaborn,plotly,retained_full_594,Included in the published full_594 evaluation set.
opendilab@di-toolkit__8d728a42__tqdm__alive-progress,opendilab@di-toolkit__8d728a42,tqdm,alive-progress,retained_full_594,Included in the published full_594 evaluation set.
opendilab@di-toolkit__8d728a42__tqdm__progressbar2,opendilab@di-toolkit__8d728a42,tqdm,progressbar2,retained_full_594,Included in the published full_594 evaluation set.
ornl@tx2__ce713605__matplotlib__altair,ornl@tx2__ce713605,matplotlib,altair,retained_full_594,Included in the published full_594 evaluation set.
ornl@tx2__ce713605__matplotlib__plotly,ornl@tx2__ce713605,matplotlib,plotly,retained_full_594,Included in the published full_594 evaluation set.
ornl@tx2__ce713605__matplotlib__seaborn,ornl@tx2__ce713605,matplotlib,seaborn,retained_full_594,Included in the published full_594 evaluation set.
ornl@tx2__ce713605__tqdm__alive-progress,ornl@tx2__ce713605,tqdm,alive-progress,retained_full_594,Included in the published full_594 evaluation set.
ornl@tx2__ce713605__tqdm__progressbar2,ornl@tx2__ce713605,tqdm,progressbar2,retained_full_594,Included in the published full_594 evaluation set.
osmlab@maproulette-python-client__a610f25a__requests__aiohttp,osmlab@maproulette-python-client__a610f25a,requests,aiohttp,retained_full_594,Included in the published full_594 evaluation set.
osmlab@maproulette-python-client__a610f25a__requests__httpx,osmlab@maproulette-python-client__a610f25a,requests,httpx,retained_full_594,Included in the published full_594 evaluation set.
osmlab@maproulette-python-client__a610f25a__requests__pycurl,osmlab@maproulette-python-client__a610f25a,requests,pycurl,retained_full_594,Included in the published full_594 evaluation set.
osmlab@maproulette-python-client__a610f25a__requests__requests_futures,osmlab@maproulette-python-client__a610f25a,requests,requests_futures,retained_full_594,Included in the published full_594 evaluation set.
osmlab@maproulette-python-client__a610f25a__requests__treq,osmlab@maproulette-python-client__a610f25a,requests,treq,retained_full_594,Included in the published full_594 evaluation set.
osmlab@maproulette-python-client__a610f25a__requests__urllib3,osmlab@maproulette-python-client__a610f25a,requests,urllib3,retained_full_594,Included in the published full_594 evaluation set.
ozgurkara@fastapi-pydiator__7d70a90a__fastapi__sanic,ozgurkara@fastapi-pydiator__7d70a90a,fastapi,sanic,retained_full_594,Included in the published full_594 evaluation set.
ozgurkara@fastapi-pydiator__7d70a90a__httpx__aiohttp,ozgurkara@fastapi-pydiator__7d70a90a,httpx,aiohttp,dependency_only,"The source library occurs only in dependency/configuration metadata, with no editable production-code API usage."
ozgurkara@fastapi-pydiator__7d70a90a__httpx__requests,ozgurkara@fastapi-pydiator__7d70a90a,httpx,requests,dependency_only,"The source library occurs only in dependency/configuration metadata, with no editable production-code API usage."
ozgurkara@fastapi-pydiator__7d70a90a__httpx__urllib3,ozgurkara@fastapi-pydiator__7d70a90a,httpx,urllib3,dependency_only,"The source library occurs only in dependency/configuration metadata, with no editable production-code API usage."
ozgurkara@fastapi-pydiator__7d70a90a__python-dotenv__dynaconf,ozgurkara@fastapi-pydiator__7d70a90a,python-dotenv,dynaconf,retained_full_594,Included in the published full_594 evaluation set.
ozgurkara@fastapi-pydiator__7d70a90a__python-dotenv__environs,ozgurkara@fastapi-pydiator__7d70a90a,python-dotenv,environs,retained_full_594,Included in the published full_594 evaluation set.
pagerduty@pdpyras__a4b14c5c__requests__aiohttp,pagerduty@pdpyras__a4b14c5c,requests,aiohttp,retained_full_594,Included in the published full_594 evaluation set.
pagerduty@pdpyras__a4b14c5c__requests__httpx,pagerduty@pdpyras__a4b14c5c,requests,httpx,retained_full_594,Included in the published full_594 evaluation set.
pagerduty@pdpyras__a4b14c5c__requests__pycurl,pagerduty@pdpyras__a4b14c5c,requests,pycurl,retained_full_594,Included in the published full_594 evaluation set.
pagerduty@pdpyras__a4b14c5c__requests__requests_futures,pagerduty@pdpyras__a4b14c5c,requests,requests_futures,retained_full_594,Included in the published full_594 evaluation set.
pagerduty@pdpyras__a4b14c5c__requests__treq,pagerduty@pdpyras__a4b14c5c,requests,treq,retained_full_594,Included in the published full_594 evaluation set.
pagerduty@pdpyras__a4b14c5c__requests__urllib3,pagerduty@pdpyras__a4b14c5c,requests,urllib3,retained_full_594,Included in the published full_594 evaluation set.
paytmmoney@pypmclient__8f966de0__httpx__aiohttp,paytmmoney@pypmclient__8f966de0,httpx,aiohttp,baseline_reproducibility,The baseline fails under the current dependency/API behavior because the project calls httpx.HTTPError with an obsolete signature.
paytmmoney@pypmclient__8f966de0__httpx__requests,paytmmoney@pypmclient__8f966de0,httpx,requests,baseline_reproducibility,The baseline fails under the current dependency/API behavior because the project calls httpx.HTTPError with an obsolete signature.
paytmmoney@pypmclient__8f966de0__httpx__urllib3,paytmmoney@pypmclient__8f966de0,httpx,urllib3,baseline_reproducibility,The baseline fails under the current dependency/API behavior because the project calls httpx.HTTPError with an obsolete signature.
pelagicore@qface__4a77e9aa__jinja2__mako,pelagicore@qface__4a77e9aa,jinja2,mako,retained_full_594,Included in the published full_594 evaluation set.
phacdatahub@django-htmx-autocomplete__bb64864b__beautifulsoup4__pyquery,phacdatahub@django-htmx-autocomplete__bb64864b,beautifulsoup4,pyquery,retained_full_594,Included in the published full_594 evaluation set.
pittcsc@pittapi__275fb928__beautifulsoup4__pyquery,pittcsc@pittapi__275fb928,beautifulsoup4,pyquery,retained_full_594,Included in the published full_594 evaluation set.
pittcsc@pittapi__275fb928__urllib3__aiohttp,pittcsc@pittapi__275fb928,urllib3,aiohttp,retained_full_594,Included in the published full_594 evaluation set.
pittcsc@pittapi__275fb928__urllib3__httpx,pittcsc@pittapi__275fb928,urllib3,httpx,retained_full_594,Included in the published full_594 evaluation set.
pittcsc@pittapi__275fb928__urllib3__requests,pittcsc@pittapi__275fb928,urllib3,requests,retained_full_594,Included in the published full_594 evaluation set.
pklauke@pycamunda__fdab7274__requests__aiohttp,pklauke@pycamunda__fdab7274,requests,aiohttp,test_selection_applicability,Recorded as excluded by the applicable-test/test-selection filter; the archived case table does not specify a more detailed per-case cause.
pklauke@pycamunda__fdab7274__requests__httpx,pklauke@pycamunda__fdab7274,requests,httpx,test_selection_applicability,Recorded as excluded by the applicable-test/test-selection filter; the archived case table does not specify a more detailed per-case cause.
pklauke@pycamunda__fdab7274__requests__pycurl,pklauke@pycamunda__fdab7274,requests,pycurl,test_selection_applicability,Recorded as excluded by the applicable-test/test-selection filter; the archived case table does not specify a more detailed per-case cause.
pklauke@pycamunda__fdab7274__requests__requests_futures,pklauke@pycamunda__fdab7274,requests,requests_futures,test_selection_applicability,Recorded as excluded by the applicable-test/test-selection filter; the archived case table does not specify a more detailed per-case cause.
pklauke@pycamunda__fdab7274__requests__treq,pklauke@pycamunda__fdab7274,requests,treq,test_selection_applicability,Recorded as excluded by the applicable-test/test-selection filter; the archived case table does not specify a more detailed per-case cause.
pklauke@pycamunda__fdab7274__requests__urllib3,pklauke@pycamunda__fdab7274,requests,urllib3,test_selection_applicability,Recorded as excluded by the applicable-test/test-selection filter; the archived case table does not specify a more detailed per-case cause.
polymarket@py-clob-client__8ced2024__requests__aiohttp,polymarket@py-clob-client__8ced2024,requests,aiohttp,retained_full_594,Included in the published full_594 evaluation set.
polymarket@py-clob-client__8ced2024__requests__httpx,polymarket@py-clob-client__8ced2024,requests,httpx,retained_full_594,Included in the published full_594 evaluation set.
polymarket@py-clob-client__8ced2024__requests__pycurl,polymarket@py-clob-client__8ced2024,requests,pycurl,retained_full_594,Included in the published full_594 evaluation set.
polymarket@py-clob-client__8ced2024__requests__requests_futures,polymarket@py-clob-client__8ced2024,requests,requests_futures,retained_full_594,Included in the published full_594 evaluation set.
polymarket@py-clob-client__8ced2024__requests__treq,polymarket@py-clob-client__8ced2024,requests,treq,retained_full_594,Included in the published full_594 evaluation set.
polymarket@py-clob-client__8ced2024__requests__urllib3,polymarket@py-clob-client__8ced2024,requests,urllib3,retained_full_594,Included in the published full_594 evaluation set.
pymike00@tinychat__cade1f91__requests__aiohttp,pymike00@tinychat__cade1f91,requests,aiohttp,retained_full_594,Included in the published full_594 evaluation set.
pymike00@tinychat__cade1f91__requests__httpx,pymike00@tinychat__cade1f91,requests,httpx,retained_full_594,Included in the published full_594 evaluation set.
pymike00@tinychat__cade1f91__requests__pycurl,pymike00@tinychat__cade1f91,requests,pycurl,retained_full_594,Included in the published full_594 evaluation set.
pymike00@tinychat__cade1f91__requests__requests_futures,pymike00@tinychat__cade1f91,requests,requests_futures,retained_full_594,Included in the published full_594 evaluation set.
pymike00@tinychat__cade1f91__requests__treq,pymike00@tinychat__cade1f91,requests,treq,retained_full_594,Included in the published full_594 evaluation set.
pymike00@tinychat__cade1f91__requests__urllib3,pymike00@tinychat__cade1f91,requests,urllib3,retained_full_594,Included in the published full_594 evaluation set.
python-cas@python-cas__5697dcc5__requests__aiohttp,python-cas@python-cas__5697dcc5,requests,aiohttp,retained_full_594,Included in the published full_594 evaluation set.
python-cas@python-cas__5697dcc5__requests__httpx,python-cas@python-cas__5697dcc5,requests,httpx,retained_full_594,Included in the published full_594 evaluation set.
python-cas@python-cas__5697dcc5__requests__pycurl,python-cas@python-cas__5697dcc5,requests,pycurl,retained_full_594,Included in the published full_594 evaluation set.
python-cas@python-cas__5697dcc5__requests__requests_futures,python-cas@python-cas__5697dcc5,requests,requests_futures,retained_full_594,Included in the published full_594 evaluation set.
python-cas@python-cas__5697dcc5__requests__treq,python-cas@python-cas__5697dcc5,requests,treq,retained_full_594,Included in the published full_594 evaluation set.
python-cas@python-cas__5697dcc5__requests__urllib3,python-cas@python-cas__5697dcc5,requests,urllib3,retained_full_594,Included in the published full_594 evaluation set.
raphaelauv@fastapi-aiohttp-example__99c2d449__aiohttp__httpx,raphaelauv@fastapi-aiohttp-example__99c2d449,aiohttp,httpx,retained_full_594,Included in the published full_594 evaluation set.
raphaelauv@fastapi-aiohttp-example__99c2d449__fastapi__sanic,raphaelauv@fastapi-aiohttp-example__99c2d449,fastapi,sanic,retained_full_594,Included in the published full_594 evaluation set.
raphaelauv@fastapi-aiohttp-example__99c2d449__httpx__aiohttp,raphaelauv@fastapi-aiohttp-example__99c2d449,httpx,aiohttp,retained_full_594,Included in the published full_594 evaluation set.
raphaelauv@fastapi-aiohttp-example__99c2d449__httpx__requests,raphaelauv@fastapi-aiohttp-example__99c2d449,httpx,requests,retained_full_594,Included in the published full_594 evaluation set.
raphaelauv@fastapi-aiohttp-example__99c2d449__httpx__urllib3,raphaelauv@fastapi-aiohttp-example__99c2d449,httpx,urllib3,retained_full_594,Included in the published full_594 evaluation set.
raphaelm@python-fints__0dc1a801__requests__aiohttp,raphaelm@python-fints__0dc1a801,requests,aiohttp,retained_full_594,Included in the published full_594 evaluation set.
raphaelm@python-fints__0dc1a801__requests__httpx,raphaelm@python-fints__0dc1a801,requests,httpx,retained_full_594,Included in the published full_594 evaluation set.
raphaelm@python-fints__0dc1a801__requests__pycurl,raphaelm@python-fints__0dc1a801,requests,pycurl,retained_full_594,Included in the published full_594 evaluation set.
raphaelm@python-fints__0dc1a801__requests__requests_futures,raphaelm@python-fints__0dc1a801,requests,requests_futures,retained_full_594,Included in the published full_594 evaluation set.
raphaelm@python-fints__0dc1a801__requests__treq,raphaelm@python-fints__0dc1a801,requests,treq,retained_full_594,Included in the published full_594 evaluation set.
raphaelm@python-fints__0dc1a801__requests__urllib3,raphaelm@python-fints__0dc1a801,requests,urllib3,retained_full_594,Included in the published full_594 evaluation set.
resend@resend-python__b468d4d5__requests__aiohttp,resend@resend-python__b468d4d5,requests,aiohttp,retained_full_594,Included in the published full_594 evaluation set.
resend@resend-python__b468d4d5__requests__httpx,resend@resend-python__b468d4d5,requests,httpx,retained_full_594,Included in the published full_594 evaluation set.
resend@resend-python__b468d4d5__requests__pycurl,resend@resend-python__b468d4d5,requests,pycurl,retained_full_594,Included in the published full_594 evaluation set.
resend@resend-python__b468d4d5__requests__requests_futures,resend@resend-python__b468d4d5,requests,requests_futures,retained_full_594,Included in the published full_594 evaluation set.
resend@resend-python__b468d4d5__requests__treq,resend@resend-python__b468d4d5,requests,treq,retained_full_594,Included in the published full_594 evaluation set.
resend@resend-python__b468d4d5__requests__urllib3,resend@resend-python__b468d4d5,requests,urllib3,retained_full_594,Included in the published full_594 evaluation set.
rick12000@confopt__fbec2fdd__tqdm__alive-progress,rick12000@confopt__fbec2fdd,tqdm,alive-progress,retained_full_594,Included in the published full_594 evaluation set.
rick12000@confopt__fbec2fdd__tqdm__progressbar2,rick12000@confopt__fbec2fdd,tqdm,progressbar2,retained_full_594,Included in the published full_594 evaluation set.
rjvitorino@gists-catalogue__86eed6de__urllib3__aiohttp,rjvitorino@gists-catalogue__86eed6de,urllib3,aiohttp,dependency_only,"The source library occurs only in dependency/configuration metadata, with no editable production-code API usage."
rjvitorino@gists-catalogue__86eed6de__urllib3__httpx,rjvitorino@gists-catalogue__86eed6de,urllib3,httpx,dependency_only,"The source library occurs only in dependency/configuration metadata, with no editable production-code API usage."
rjvitorino@gists-catalogue__86eed6de__urllib3__requests,rjvitorino@gists-catalogue__86eed6de,urllib3,requests,dependency_only,"The source library occurs only in dependency/configuration metadata, with no editable production-code API usage."
rochacbruno@dundie-rewards__e35d6be5__click__plac,rochacbruno@dundie-rewards__e35d6be5,click,plac,retained_full_594,Included in the published full_594 evaluation set.
rochacbruno@dundie-rewards__e35d6be5__click__typer,rochacbruno@dundie-rewards__e35d6be5,click,typer,retained_full_594,Included in the published full_594 evaluation set.
rochacbruno@dundie-rewards__e35d6be5__httpx__aiohttp,rochacbruno@dundie-rewards__e35d6be5,httpx,aiohttp,retained_full_594,Included in the published full_594 evaluation set.
rochacbruno@dundie-rewards__e35d6be5__httpx__requests,rochacbruno@dundie-rewards__e35d6be5,httpx,requests,retained_full_594,Included in the published full_594 evaluation set.
rochacbruno@dundie-rewards__e35d6be5__httpx__urllib3,rochacbruno@dundie-rewards__e35d6be5,httpx,urllib3,retained_full_594,Included in the published full_594 evaluation set.
saaste@fmi-weather-client__dfdda122__requests__httpx,saaste@fmi-weather-client__dfdda122,requests,httpx,retained_full_594,Included in the published full_594 evaluation set.
saaste@fmi-weather-client__dfdda122__requests__pycurl,saaste@fmi-weather-client__dfdda122,requests,pycurl,retained_full_594,Included in the published full_594 evaluation set.
saaste@fmi-weather-client__dfdda122__requests__requests_futures,saaste@fmi-weather-client__dfdda122,requests,requests_futures,retained_full_594,Included in the published full_594 evaluation set.
saaste@fmi-weather-client__dfdda122__requests__treq,saaste@fmi-weather-client__dfdda122,requests,treq,retained_full_594,Included in the published full_594 evaluation set.
saaste@fmi-weather-client__dfdda122__requests__urllib3,saaste@fmi-weather-client__dfdda122,requests,urllib3,retained_full_594,Included in the published full_594 evaluation set.
saleweaver@rapid-rest-client__79aa8970__requests__aiohttp,saleweaver@rapid-rest-client__79aa8970,requests,aiohttp,baseline_reproducibility,"The tests call live HTTP endpoints that are now blocked or changed, returning a Cloudflare challenge instead of the expected response."
saleweaver@rapid-rest-client__79aa8970__requests__httpx,saleweaver@rapid-rest-client__79aa8970,requests,httpx,baseline_reproducibility,"The tests call live HTTP endpoints that are now blocked or changed, returning a Cloudflare challenge instead of the expected response."
saleweaver@rapid-rest-client__79aa8970__requests__pycurl,saleweaver@rapid-rest-client__79aa8970,requests,pycurl,baseline_reproducibility,"The tests call live HTTP endpoints that are now blocked or changed, returning a Cloudflare challenge instead of the expected response."
saleweaver@rapid-rest-client__79aa8970__requests__requests_futures,saleweaver@rapid-rest-client__79aa8970,requests,requests_futures,baseline_reproducibility,"The tests call live HTTP endpoints that are now blocked or changed, returning a Cloudflare challenge instead of the expected response."
saleweaver@rapid-rest-client__79aa8970__requests__treq,saleweaver@rapid-rest-client__79aa8970,requests,treq,baseline_reproducibility,"The tests call live HTTP endpoints that are now blocked or changed, returning a Cloudflare challenge instead of the expected response."
saleweaver@rapid-rest-client__79aa8970__requests__urllib3,saleweaver@rapid-rest-client__79aa8970,requests,urllib3,baseline_reproducibility,"The tests call live HTTP endpoints that are now blocked or changed, returning a Cloudflare challenge instead of the expected response."
sann05@python-currencycom__d790bd00__requests__aiohttp,sann05@python-currencycom__d790bd00,requests,aiohttp,retained_full_594,Included in the published full_594 evaluation set.
sann05@python-currencycom__d790bd00__requests__httpx,sann05@python-currencycom__d790bd00,requests,httpx,retained_full_594,Included in the published full_594 evaluation set.
sann05@python-currencycom__d790bd00__requests__pycurl,sann05@python-currencycom__d790bd00,requests,pycurl,retained_full_594,Included in the published full_594 evaluation set.
sann05@python-currencycom__d790bd00__requests__requests_futures,sann05@python-currencycom__d790bd00,requests,requests_futures,retained_full_594,Included in the published full_594 evaluation set.
sann05@python-currencycom__d790bd00__requests__treq,sann05@python-currencycom__d790bd00,requests,treq,retained_full_594,Included in the published full_594 evaluation set.
sann05@python-currencycom__d790bd00__requests__urllib3,sann05@python-currencycom__d790bd00,requests,urllib3,retained_full_594,Included in the published full_594 evaluation set.
sarartur@chess.com__fdd85340__requests__aiohttp,sarartur@chess.com__fdd85340,requests,aiohttp,retained_full_594,Included in the published full_594 evaluation set.
sarartur@chess.com__fdd85340__requests__httpx,sarartur@chess.com__fdd85340,requests,httpx,retained_full_594,Included in the published full_594 evaluation set.
sarartur@chess.com__fdd85340__requests__pycurl,sarartur@chess.com__fdd85340,requests,pycurl,retained_full_594,Included in the published full_594 evaluation set.
sarartur@chess.com__fdd85340__requests__requests_futures,sarartur@chess.com__fdd85340,requests,requests_futures,retained_full_594,Included in the published full_594 evaluation set.
sarartur@chess.com__fdd85340__requests__treq,sarartur@chess.com__fdd85340,requests,treq,retained_full_594,Included in the published full_594 evaluation set.
sarartur@chess.com__fdd85340__requests__urllib3,sarartur@chess.com__fdd85340,requests,urllib3,retained_full_594,Included in the published full_594 evaluation set.
seamile@jsonfmt__c6f6d17f__pygments__rich,seamile@jsonfmt__c6f6d17f,pygments,rich,retained_full_594,Included in the published full_594 evaluation set.
seamile@jsonfmt__c6f6d17f__toml__tomli,seamile@jsonfmt__c6f6d17f,toml,tomli,retained_full_594,Included in the published full_594 evaluation set.
seamile@jsonfmt__c6f6d17f__toml__tomlkit,seamile@jsonfmt__c6f6d17f,toml,tomlkit,retained_full_594,Included in the published full_594 evaluation set.
securisec@chepy__15beb6d7__colorama__rich,securisec@chepy__15beb6d7,colorama,rich,retained_full_594,Included in the published full_594 evaluation set.
securisec@chepy__15beb6d7__colorama__termcolor,securisec@chepy__15beb6d7,colorama,termcolor,retained_full_594,Included in the published full_594 evaluation set.
segmentio@analytics-python__603632f3__requests__aiohttp,segmentio@analytics-python__603632f3,requests,aiohttp,retained_full_594,Included in the published full_594 evaluation set.
segmentio@analytics-python__603632f3__requests__httpx,segmentio@analytics-python__603632f3,requests,httpx,retained_full_594,Included in the published full_594 evaluation set.
segmentio@analytics-python__603632f3__requests__pycurl,segmentio@analytics-python__603632f3,requests,pycurl,retained_full_594,Included in the published full_594 evaluation set.
segmentio@analytics-python__603632f3__requests__requests_futures,segmentio@analytics-python__603632f3,requests,requests_futures,retained_full_594,Included in the published full_594 evaluation set.
segmentio@analytics-python__603632f3__requests__treq,segmentio@analytics-python__603632f3,requests,treq,retained_full_594,Included in the published full_594 evaluation set.
segmentio@analytics-python__603632f3__requests__urllib3,segmentio@analytics-python__603632f3,requests,urllib3,retained_full_594,Included in the published full_594 evaluation set.
sindrel@nrk-pod-feeds__69b3cf40__requests__aiohttp,sindrel@nrk-pod-feeds__69b3cf40,requests,aiohttp,baseline_reproducibility,The tests rely on live NRK podcast/feed data whose seasons and episode records changed.
sindrel@nrk-pod-feeds__69b3cf40__requests__httpx,sindrel@nrk-pod-feeds__69b3cf40,requests,httpx,baseline_reproducibility,The tests rely on live NRK podcast/feed data whose seasons and episode records changed.
sindrel@nrk-pod-feeds__69b3cf40__requests__pycurl,sindrel@nrk-pod-feeds__69b3cf40,requests,pycurl,baseline_reproducibility,The tests rely on live NRK podcast/feed data whose seasons and episode records changed.
sindrel@nrk-pod-feeds__69b3cf40__requests__requests_futures,sindrel@nrk-pod-feeds__69b3cf40,requests,requests_futures,baseline_reproducibility,The tests rely on live NRK podcast/feed data whose seasons and episode records changed.
sindrel@nrk-pod-feeds__69b3cf40__requests__treq,sindrel@nrk-pod-feeds__69b3cf40,requests,treq,baseline_reproducibility,The tests rely on live NRK podcast/feed data whose seasons and episode records changed.
sindrel@nrk-pod-feeds__69b3cf40__requests__urllib3,sindrel@nrk-pod-feeds__69b3cf40,requests,urllib3,baseline_reproducibility,The tests rely on live NRK podcast/feed data whose seasons and episode records changed.
skyme5@snapchat-dl__9b382d01__requests__aiohttp,skyme5@snapchat-dl__9b382d01,requests,aiohttp,baseline_reproducibility,Downloader tests depend on an external sample media host that timed out during reproduction.
skyme5@snapchat-dl__9b382d01__requests__httpx,skyme5@snapchat-dl__9b382d01,requests,httpx,baseline_reproducibility,Downloader tests depend on an external sample media host that timed out during reproduction.
skyme5@snapchat-dl__9b382d01__requests__pycurl,skyme5@snapchat-dl__9b382d01,requests,pycurl,baseline_reproducibility,Downloader tests depend on an external sample media host that timed out during reproduction.
skyme5@snapchat-dl__9b382d01__requests__requests_futures,skyme5@snapchat-dl__9b382d01,requests,requests_futures,baseline_reproducibility,Downloader tests depend on an external sample media host that timed out during reproduction.
skyme5@snapchat-dl__9b382d01__requests__treq,skyme5@snapchat-dl__9b382d01,requests,treq,baseline_reproducibility,Downloader tests depend on an external sample media host that timed out during reproduction.
skyme5@snapchat-dl__9b382d01__requests__urllib3,skyme5@snapchat-dl__9b382d01,requests,urllib3,baseline_reproducibility,Downloader tests depend on an external sample media host that timed out during reproduction.
smartystreets@smartystreets-python-sdk__af56ea7f__requests__aiohttp,smartystreets@smartystreets-python-sdk__af56ea7f,requests,aiohttp,retained_full_594,Included in the published full_594 evaluation set.
smartystreets@smartystreets-python-sdk__af56ea7f__requests__httpx,smartystreets@smartystreets-python-sdk__af56ea7f,requests,httpx,retained_full_594,Included in the published full_594 evaluation set.
smartystreets@smartystreets-python-sdk__af56ea7f__requests__pycurl,smartystreets@smartystreets-python-sdk__af56ea7f,requests,pycurl,retained_full_594,Included in the published full_594 evaluation set.
smartystreets@smartystreets-python-sdk__af56ea7f__requests__requests_futures,smartystreets@smartystreets-python-sdk__af56ea7f,requests,requests_futures,retained_full_594,Included in the published full_594 evaluation set.
smartystreets@smartystreets-python-sdk__af56ea7f__requests__treq,smartystreets@smartystreets-python-sdk__af56ea7f,requests,treq,retained_full_594,Included in the published full_594 evaluation set.
smartystreets@smartystreets-python-sdk__af56ea7f__requests__urllib3,smartystreets@smartystreets-python-sdk__af56ea7f,requests,urllib3,retained_full_594,Included in the published full_594 evaluation set.
spiketools@spiketools__3df1ec3a__matplotlib__altair,spiketools@spiketools__3df1ec3a,matplotlib,altair,test_selection_applicability,Recorded as excluded by the applicable-test/test-selection filter; the archived case table does not specify a more detailed per-case cause.
spiketools@spiketools__3df1ec3a__matplotlib__plotly,spiketools@spiketools__3df1ec3a,matplotlib,plotly,test_selection_applicability,Recorded as excluded by the applicable-test/test-selection filter; the archived case table does not specify a more detailed per-case cause.
spiketools@spiketools__3df1ec3a__matplotlib__seaborn,spiketools@spiketools__3df1ec3a,matplotlib,seaborn,test_selection_applicability,Recorded as excluded by the applicable-test/test-selection filter; the archived case table does not specify a more detailed per-case cause.
spryngtime@openai-load-balancer__b46dfd82__python-dotenv__dynaconf,spryngtime@openai-load-balancer__b46dfd82,python-dotenv,dynaconf,retained_full_594,Included in the published full_594 evaluation set.
spryngtime@openai-load-balancer__b46dfd82__python-dotenv__environs,spryngtime@openai-load-balancer__b46dfd82,python-dotenv,environs,retained_full_594,Included in the published full_594 evaluation set.
stefanschinkel@gantt__28be0938__matplotlib__altair,stefanschinkel@gantt__28be0938,matplotlib,altair,retained_full_594,Included in the published full_594 evaluation set.
stefanschinkel@gantt__28be0938__matplotlib__plotly,stefanschinkel@gantt__28be0938,matplotlib,plotly,retained_full_594,Included in the published full_594 evaluation set.
stefanschinkel@gantt__28be0938__matplotlib__seaborn,stefanschinkel@gantt__28be0938,matplotlib,seaborn,retained_full_594,Included in the published full_594 evaluation set.
stephenhillier@starlette_exporter__05b9e18c__httpx__aiohttp,stephenhillier@starlette_exporter__05b9e18c,httpx,aiohttp,dependency_only,"The source library occurs only in dependency/configuration metadata, with no editable production-code API usage."
stephenhillier@starlette_exporter__05b9e18c__httpx__requests,stephenhillier@starlette_exporter__05b9e18c,httpx,requests,dependency_only,"The source library occurs only in dependency/configuration metadata, with no editable production-code API usage."
stephenhillier@starlette_exporter__05b9e18c__httpx__urllib3,stephenhillier@starlette_exporter__05b9e18c,httpx,urllib3,dependency_only,"The source library occurs only in dependency/configuration metadata, with no editable production-code API usage."
suadelabs@rattr__e9fa5ef3__attrs__cattrs,suadelabs@rattr__e9fa5ef3,attrs,cattrs,test_selection_applicability,Recorded as excluded by the applicable-test/test-selection filter; the archived case table does not specify a more detailed per-case cause.
sudiptob2@cf-stats__ce93670b__requests__aiohttp,sudiptob2@cf-stats__ce93670b,requests,aiohttp,retained_full_594,Included in the published full_594 evaluation set.
sudiptob2@cf-stats__ce93670b__requests__httpx,sudiptob2@cf-stats__ce93670b,requests,httpx,retained_full_594,Included in the published full_594 evaluation set.
sudiptob2@cf-stats__ce93670b__requests__pycurl,sudiptob2@cf-stats__ce93670b,requests,pycurl,retained_full_594,Included in the published full_594 evaluation set.
sudiptob2@cf-stats__ce93670b__requests__requests_futures,sudiptob2@cf-stats__ce93670b,requests,requests_futures,retained_full_594,Included in the published full_594 evaluation set.
sudiptob2@cf-stats__ce93670b__requests__treq,sudiptob2@cf-stats__ce93670b,requests,treq,retained_full_594,Included in the published full_594 evaluation set.
sudiptob2@cf-stats__ce93670b__requests__urllib3,sudiptob2@cf-stats__ce93670b,requests,urllib3,retained_full_594,Included in the published full_594 evaluation set.
suresoft-glados@sbfl__056ecf1f__tqdm__alive-progress,suresoft-glados@sbfl__056ecf1f,tqdm,alive-progress,retained_full_594,Included in the published full_594 evaluation set.
suresoft-glados@sbfl__056ecf1f__tqdm__progressbar2,suresoft-glados@sbfl__056ecf1f,tqdm,progressbar2,retained_full_594,Included in the published full_594 evaluation set.
texzk@hexrec__a3553b56__click__plac,texzk@hexrec__a3553b56,click,plac,baseline_reproducibility,"A large set of baseline assertions no longer matches current behavior, especially expected list-vs-tuple record representations."
texzk@hexrec__a3553b56__click__typer,texzk@hexrec__a3553b56,click,typer,baseline_reproducibility,"A large set of baseline assertions no longer matches current behavior, especially expected list-vs-tuple record representations."
texzk@hexrec__a3553b56__colorama__rich,texzk@hexrec__a3553b56,colorama,rich,baseline_reproducibility,"A large set of baseline assertions no longer matches current behavior, especially expected list-vs-tuple record representations."
texzk@hexrec__a3553b56__colorama__termcolor,texzk@hexrec__a3553b56,colorama,termcolor,baseline_reproducibility,"A large set of baseline assertions no longer matches current behavior, especially expected list-vs-tuple record representations."
treasure-data@td-client-python__099f9578__urllib3__aiohttp,treasure-data@td-client-python__099f9578,urllib3,aiohttp,retained_full_594,Included in the published full_594 evaluation set.
treasure-data@td-client-python__099f9578__urllib3__httpx,treasure-data@td-client-python__099f9578,urllib3,httpx,retained_full_594,Included in the published full_594 evaluation set.
treasure-data@td-client-python__099f9578__urllib3__requests,treasure-data@td-client-python__099f9578,urllib3,requests,retained_full_594,Included in the published full_594 evaluation set.
trellis-ldp@py-ldnlib__83703c26__requests__aiohttp,trellis-ldp@py-ldnlib__83703c26,requests,aiohttp,retained_full_594,Included in the published full_594 evaluation set.
trellis-ldp@py-ldnlib__83703c26__requests__httpx,trellis-ldp@py-ldnlib__83703c26,requests,httpx,retained_full_594,Included in the published full_594 evaluation set.
trellis-ldp@py-ldnlib__83703c26__requests__pycurl,trellis-ldp@py-ldnlib__83703c26,requests,pycurl,retained_full_594,Included in the published full_594 evaluation set.
trellis-ldp@py-ldnlib__83703c26__requests__requests_futures,trellis-ldp@py-ldnlib__83703c26,requests,requests_futures,retained_full_594,Included in the published full_594 evaluation set.
trellis-ldp@py-ldnlib__83703c26__requests__treq,trellis-ldp@py-ldnlib__83703c26,requests,treq,retained_full_594,Included in the published full_594 evaluation set.
trellis-ldp@py-ldnlib__83703c26__requests__urllib3,trellis-ldp@py-ldnlib__83703c26,requests,urllib3,retained_full_594,Included in the published full_594 evaluation set.
ungarj@tilematrix__275b4d79__click__plac,ungarj@tilematrix__275b4d79,click,plac,retained_full_594,Included in the published full_594 evaluation set.
ungarj@tilematrix__275b4d79__click__typer,ungarj@tilematrix__275b4d79,click,typer,retained_full_594,Included in the published full_594 evaluation set.
unpywall@unpywall__7909fde0__requests__aiohttp,unpywall@unpywall__7909fde0,requests,aiohttp,baseline_reproducibility,The tests depend on live Unpaywall/DOI lookup and download behavior whose responses were empty or invalid in reproduction.
unpywall@unpywall__7909fde0__requests__httpx,unpywall@unpywall__7909fde0,requests,httpx,baseline_reproducibility,The tests depend on live Unpaywall/DOI lookup and download behavior whose responses were empty or invalid in reproduction.
unpywall@unpywall__7909fde0__requests__pycurl,unpywall@unpywall__7909fde0,requests,pycurl,baseline_reproducibility,The tests depend on live Unpaywall/DOI lookup and download behavior whose responses were empty or invalid in reproduction.
unpywall@unpywall__7909fde0__requests__requests_futures,unpywall@unpywall__7909fde0,requests,requests_futures,baseline_reproducibility,The tests depend on live Unpaywall/DOI lookup and download behavior whose responses were empty or invalid in reproduction.
unpywall@unpywall__7909fde0__requests__treq,unpywall@unpywall__7909fde0,requests,treq,baseline_reproducibility,The tests depend on live Unpaywall/DOI lookup and download behavior whose responses were empty or invalid in reproduction.
unpywall@unpywall__7909fde0__requests__urllib3,unpywall@unpywall__7909fde0,requests,urllib3,baseline_reproducibility,The tests depend on live Unpaywall/DOI lookup and download behavior whose responses were empty or invalid in reproduction.
uploadcare@migro__31199fb3__aiohttp__httpx,uploadcare@migro__31199fb3,aiohttp,httpx,retained_full_594,Included in the published full_594 evaluation set.
usda-ars-ussl@fluxpart__248f0b59__attrs__cattrs,usda-ars-ussl@fluxpart__248f0b59,attrs,cattrs,retained_full_594,Included in the published full_594 evaluation set.
vianneymi@monggregate__3bb0933e__python-dotenv__dynaconf,vianneymi@monggregate__3bb0933e,python-dotenv,dynaconf,retained_full_594,Included in the published full_594 evaluation set.
vianneymi@monggregate__3bb0933e__python-dotenv__environs,vianneymi@monggregate__3bb0933e,python-dotenv,environs,retained_full_594,Included in the published full_594 evaluation set.
xchwarze@samsung-tv-ws-api__243b6952__cryptography__pycryptodome,xchwarze@samsung-tv-ws-api__243b6952,cryptography,pycryptodome,retained_full_594,Included in the published full_594 evaluation set.
xchwarze@samsung-tv-ws-api__243b6952__requests__aiohttp,xchwarze@samsung-tv-ws-api__243b6952,requests,aiohttp,retained_full_594,Included in the published full_594 evaluation set.
xchwarze@samsung-tv-ws-api__243b6952__requests__httpx,xchwarze@samsung-tv-ws-api__243b6952,requests,httpx,retained_full_594,Included in the published full_594 evaluation set.
xchwarze@samsung-tv-ws-api__243b6952__requests__pycurl,xchwarze@samsung-tv-ws-api__243b6952,requests,pycurl,retained_full_594,Included in the published full_594 evaluation set.
xchwarze@samsung-tv-ws-api__243b6952__requests__requests_futures,xchwarze@samsung-tv-ws-api__243b6952,requests,requests_futures,retained_full_594,Included in the published full_594 evaluation set.
xchwarze@samsung-tv-ws-api__243b6952__requests__treq,xchwarze@samsung-tv-ws-api__243b6952,requests,treq,retained_full_594,Included in the published full_594 evaluation set.
xchwarze@samsung-tv-ws-api__243b6952__requests__urllib3,xchwarze@samsung-tv-ws-api__243b6952,requests,urllib3,retained_full_594,Included in the published full_594 evaluation set.
yihong0618@klingcreator__e567c6a1__requests__aiohttp,yihong0618@klingcreator__e567c6a1,requests,aiohttp,retained_full_594,Included in the published full_594 evaluation set.
yihong0618@klingcreator__e567c6a1__requests__httpx,yihong0618@klingcreator__e567c6a1,requests,httpx,retained_full_594,Included in the published full_594 evaluation set.
yihong0618@klingcreator__e567c6a1__requests__pycurl,yihong0618@klingcreator__e567c6a1,requests,pycurl,retained_full_594,Included in the published full_594 evaluation set.
yihong0618@klingcreator__e567c6a1__requests__requests_futures,yihong0618@klingcreator__e567c6a1,requests,requests_futures,retained_full_594,Included in the published full_594 evaluation set.
yihong0618@klingcreator__e567c6a1__requests__treq,yihong0618@klingcreator__e567c6a1,requests,treq,retained_full_594,Included in the published full_594 evaluation set.
yihong0618@klingcreator__e567c6a1__requests__urllib3,yihong0618@klingcreator__e567c6a1,requests,urllib3,retained_full_594,Included in the published full_594 evaluation set.
